DealerId,VIN,Stock #,New/Used,Year,Make,Model,Model Number,Body,Transmission,Series,Body Door Ct,Odometer,Engine Cylinder Ct,Engine Displacement,Drivetrain Desc,Colour,Interior Color,MSRP,Price,Inventory Date,Certified,Description,Features,Photo Url List,City MPG,Highway MPG,Photos Last Modified Date,Series Detail,Dealer Name,Engine,Fuel,Age,Vehicle Detail Link
20147,5Y4AJ69E1TA110404,YA110404,N,2026,Yamaha,YFZ,,,Manual,450R SE,,0,,449,,RED WHT,,0.0,11299.0,04/17/2026,No,"2026 Yamaha YFZ450R SETRACK-TAMING BEAUTYThis Special Edition features track-worthy performance, added Yamaha Genuine accessories and a unique color and graphic scheme that looks fast just standing still.Features may include:ENGINEHigh-tech, quick-revving, 449cc fuel-injected engine provides championship-winning power characteristics.Five-valve cylinder head and titanium valve technology delivers abundant mid-range and top-end power.Revised camshafts maximize engine&#39;s impressive power output from off the line all the way up to the top-end.High compression ratio further improves overall engine performance.Yamaha Fuel Injection (YFI) offers precise fuel delivery and smooth power delivery.Big 42mm Mikuni&#174; throttle body and 12-hole injector provide exceptional fuel atomization for maximum power.CHASSIS/SUSPENSIONThe YFZ450R SE&#39;s motocross-ready chassis is built for competition straight out of the box.Professional-caliber frame is designed from lightweight, weldless aluminum with a tension-steel bottom frame.Steel frame member under the engine provides strength and lets the engine sit lower for enhanced mass centralization.The aluminum frame section is bolted together, rather than welded, for maximum durability.Narrow A-arm mounting points increase A-arm length and reduce changes in camber as the suspension travels.Fully adjustable front KYB&#174; shocks are longer for increased stroke, superb bump absorption and excellent bottoming resistance.ADDITIONAL FEATURESAggressive styling gives the YFZ450R SE the looks to match its competition-dominating performance.Added SE features include a dealer-installed GYTR&#174; front grab bar and a unique graphics package.The large-diameter tapered handlebar reduces vibration and is mounted on four-way clamps for exceptional adjustability.Rider to choose between standard handlebar setting, 10mm forward, 20mm forward or 10mm backward.The throttle lever requires low effort for less fatigue during long motos.The generous 2.6-inch-wide foot pegs add confidence while getting up on the pegs.",,http://images.auction123.com/5be812ce-fb36-4694-beac-43bea97b8d08/5Y4AJ69E1TA110404/01.jpg?web001lnw|http://images.auction123.com/5be812ce-fb36-4694-beac-43bea97b8d08/5Y4AJ69E1TA110404/02.jpg?web001lnw|http://images.auction123.com/5be812ce-fb36-4694-beac-43bea97b8d08/5Y4AJ69E1TA110404/03.jpg?web001lnw|http://images.auction123.com/5be812ce-fb36-4694-beac-43bea97b8d08/5Y4AJ69E1TA110404/04.jpg?web001lnw|http://images.auction123.com/5be812ce-fb36-4694-beac-43bea97b8d08/5Y4AJ69E1TA110404/05.jpg?web001lnw|http://images.auction123.com/5be812ce-fb36-4694-beac-43bea97b8d08/5Y4AJ69E1TA110404/06.jpg?web001lnw|http://images.auction123.com/5be812ce-fb36-4694-beac-43bea97b8d08/5Y4AJ69E1TA110404/07.jpg?web001lnw|http://images.auction123.com/5be812ce-fb36-4694-beac-43bea97b8d08/5Y4AJ69E1TA110404/08.jpg?web001lnw|http://images.auction123.com/5be812ce-fb36-4694-beac-43bea97b8d08/5Y4AJ69E1TA110404/09.jpg?web001lnw|http://images.auction123.com/5be812ce-fb36-4694-beac-43bea97b8d08/5Y4AJ69E1TA110404/10.jpg?web001lnw|http://images.auction123.com/5be812ce-fb36-4694-beac-43bea97b8d08/5Y4AJ69E1TA110404/11.jpg?web001lnw|http://images.auction123.com/5be812ce-fb36-4694-beac-43bea97b8d08/5Y4AJ69E1TA110404/12.jpg?web001lnw|http://images.auction123.com/5be812ce-fb36-4694-beac-43bea97b8d08/5Y4AJ69E1TA110404/13.jpg?web001lnw|http://images.auction123.com/5be812ce-fb36-4694-beac-43bea97b8d08/5Y4AJ69E1TA110404/14.jpg?web001lnw|http://images.auction123.com/5be812ce-fb36-4694-beac-43bea97b8d08/5Y4AJ69E1TA110404/15.jpg?web001lnw|http://images.auction123.com/5be812ce-fb36-4694-beac-43bea97b8d08/5Y4AJ69E1TA110404/16.jpg?web001lnw|http://images.auction123.com/5be812ce-fb36-4694-beac-43bea97b8d08/5Y4AJ69E1TA110404/17.jpg?web001lnw|http://images.auction123.com/5be812ce-fb36-4694-beac-43bea97b8d08/5Y4AJ69E1TA110404/18.jpg?web001lnw,,,05/07/2026,,RideNow Beach Blvd,449,,0,https://www.ridenowbeachblvd.com/New-Inventory-2026-Yamaha-ATV-YFZ450R-SE-RIDENOW-BEACH-BLVD-18579271
20147,5Y4AJ69E2TA109228,YA109228,N,2026,Yamaha,YFZ,,,Manual,450R SE,,0,,449,,GRN,,0.0,11299.0,12/10/2025,No,"2026 Yamaha YFZ450R SETRACK-TAMING BEAUTYThis Special Edition features track-worthy performance, added Yamaha Genuine accessories and a unique color and graphic scheme that looks fast just standing still.Features may include:ENGINEHigh-tech, quick-revving, 449cc fuel-injected engine provides championship-winning power characteristics.Five-valve cylinder head and titanium valve technology delivers abundant mid-range and top-end power.Revised camshafts maximize engine&#39;s impressive power output from off the line all the way up to the top-end.High compression ratio further improves overall engine performance.Yamaha Fuel Injection (YFI) offers precise fuel delivery and smooth power delivery.Big 42mm Mikuni&#174; throttle body and 12-hole injector provide exceptional fuel atomization for maximum power.CHASSIS/SUSPENSIONThe YFZ450R SE&#39;s motocross-ready chassis is built for competition straight out of the box.Professional-caliber frame is designed from lightweight, weldless aluminum with a tension-steel bottom frame.Steel frame member under the engine provides strength and lets the engine sit lower for enhanced mass centralization.The aluminum frame section is bolted together, rather than welded, for maximum durability.Narrow A-arm mounting points increase A-arm length and reduce changes in camber as the suspension travels.Fully adjustable front KYB&#174; shocks are longer for increased stroke, superb bump absorption and excellent bottoming resistance.ADDITIONAL FEATURESAggressive styling gives the YFZ450R SE the looks to match its competition-dominating performance.Added SE features include a dealer-installed GYTR&#174; front grab bar and a unique graphics package.The large-diameter tapered handlebar reduces vibration and is mounted on four-way clamps for exceptional adjustability.Rider to choose between standard handlebar setting, 10mm forward, 20mm forward or 10mm backward.The throttle lever requires low effort for less fatigue during long motos.The generous 2.6-inch-wide foot pegs add confidence while getting up on the pegs.",,http://images.auction123.com/5be812ce-fb36-4694-beac-43bea97b8d08/5Y4AJ69E2TA109228/01.jpg?web001lnw|http://images.auction123.com/5be812ce-fb36-4694-beac-43bea97b8d08/5Y4AJ69E2TA109228/02.jpg?web001lnw|http://images.auction123.com/5be812ce-fb36-4694-beac-43bea97b8d08/5Y4AJ69E2TA109228/03.jpg?web001lnw|http://images.auction123.com/5be812ce-fb36-4694-beac-43bea97b8d08/5Y4AJ69E2TA109228/04.jpg?web001lnw|http://images.auction123.com/5be812ce-fb36-4694-beac-43bea97b8d08/5Y4AJ69E2TA109228/05.jpg?web001lnw|http://images.auction123.com/5be812ce-fb36-4694-beac-43bea97b8d08/5Y4AJ69E2TA109228/06.jpg?web001lnw|http://images.auction123.com/5be812ce-fb36-4694-beac-43bea97b8d08/5Y4AJ69E2TA109228/07.jpg?web001lnw|http://images.auction123.com/5be812ce-fb36-4694-beac-43bea97b8d08/5Y4AJ69E2TA109228/08.jpg?web001lnw|http://images.auction123.com/5be812ce-fb36-4694-beac-43bea97b8d08/5Y4AJ69E2TA109228/09.jpg?web001lnw|http://images.auction123.com/5be812ce-fb36-4694-beac-43bea97b8d08/5Y4AJ69E2TA109228/10.jpg?web001lnw|http://images.auction123.com/5be812ce-fb36-4694-beac-43bea97b8d08/5Y4AJ69E2TA109228/11.jpg?web001lnw|http://images.auction123.com/5be812ce-fb36-4694-beac-43bea97b8d08/5Y4AJ69E2TA109228/12.jpg?web001lnw|http://images.auction123.com/5be812ce-fb36-4694-beac-43bea97b8d08/5Y4AJ69E2TA109228/13.jpg?web001lnw|http://images.auction123.com/5be812ce-fb36-4694-beac-43bea97b8d08/5Y4AJ69E2TA109228/14.jpg?web001lnw|http://images.auction123.com/5be812ce-fb36-4694-beac-43bea97b8d08/5Y4AJ69E2TA109228/15.jpg?web001lnw|http://images.auction123.com/5be812ce-fb36-4694-beac-43bea97b8d08/5Y4AJ69E2TA109228/16.jpg?web001lnw|http://images.auction123.com/5be812ce-fb36-4694-beac-43bea97b8d08/5Y4AJ69E2TA109228/17.jpg?web001lnw|http://images.auction123.com/5be812ce-fb36-4694-beac-43bea97b8d08/5Y4AJ69E2TA109228/18.jpg?web001lnw|http://images.auction123.com/5be812ce-fb36-4694-beac-43bea97b8d08/5Y4AJ69E2TA109228/19.jpg?web001lnw|http://images.auction123.com/5be812ce-fb36-4694-beac-43bea97b8d08/5Y4AJ69E2TA109228/20.jpg?web001lnw|http://images.auction123.com/5be812ce-fb36-4694-beac-43bea97b8d08/5Y4AJ69E2TA109228/21.jpg?web001lnw|http://images.auction123.com/5be812ce-fb36-4694-beac-43bea97b8d08/5Y4AJ69E2TA109228/22.jpg?web001lnw,,,12/13/2025,,RideNow Beach Blvd,449,,0,https://www.ridenowbeachblvd.com/New-Inventory-2026-Yamaha-ATV-YFZ450R-SE-Ridenow-Beach-BLvd-18102363
20147,5Y4AJ94E3TA502194,YA502194,N,2026,Yamaha,Kodiak,450EPS,,Continuously Variable (CVT),450 EPS,,0,,421,,GREEN,,7699.0,7699.0,04/30/2026,No,,,,,,05/01/2026,,RideNow Beach Blvd,421,,0,https://www.ridenowbeachblvd.com/New-Inventory-2026-Yamaha-ATV-Kodiak-450-EPS-RideNow-Beach-Blvd-FL-18629983
20147,5Y4AMB2E1TA103883,YA103883,N,2026,Yamaha,Viking Eps Ranch Edition,,,,,,0,,,,WHT,,0.0,14999.0,04/01/2026,No,"2026 Yamaha Viking Eps Ranch EditionBACKCOUNTRY BOUNDHard work never looked so good with bold Ranch Edition styling highlighting real world capability, comfort and confidence.Features may include:POWERTRAINPowerful 686cc four-valve liquid-cooled engine featuring a broad, usable powerband perfect for working hard or playing hard.Electronic Fuel Injection ensures peak performance in nearly all conditions, along with easy cold starts and smooth response.Easily accessible large-capacity air intake system contributes to the engine&#39;s overall power development.An air injection system burns uncombusted elements in the exhaust, resulting in reduced emissions.Drive system air intake helps prevent overheating and assists in keeping water and debris from entering the drive case.Yamaha&#39;s Ultramatic transmission with dual-range (Hi/Lo) drive and reverse is the most advanced drive system available.CHASSISAn independent double wishbone suspension offers 8.1-inches of travel front and rear.A maximum 11.8-inch ground clearance enhances terrainability and aids underbelly protection.The Viking EPS Ranch Edition&#39;s specifically designed chassis width also helps minimize 30-inch row crop damage.Industry-leading Electric Power Steering (EPS) system lowers steering effort for reduced fatigue after a long day on the trail.Large diameter front and rear wheel disc brakes provide excellent stopping power.Stamped steel dump bed is rated to haul 600 pounds of gear and features tie-down hooks to ensure cargo is secure.INTERIORComfort-focused interior includes seating for three with a handhold, padded headrests and three-point seat belts for all riders.Superior seating position, adjustable driver&#39;s seat and an offset middle seat all provide exceptional comfort.Pass-through floor provides ease of movement for getting in and out of the vehicle from either side.Digital instrument panel boasts multi-function LCD display providing complete vehicle information at a glance.Convenient dash-mounted gated shift lever (L/H/N/R) provides simple Ultramatic transmission operation.Dash-mounted parking brake is simple and convenient to use with a buzzer to notify the driver if the parking brake is left engaged.ADDITIONAL FEATURESRanch Edition features painted bodywork, aluminum wheels, rearview mirror, overfenders, underseat storage and suntop.The Viking EPS Ranch Edition is assembled in the USA to meet Yamaha&#39;s exacting standards for durability and reliability.",,,,,05/07/2026,,RideNow Beach Blvd,,,0,https://www.ridenowbeachblvd.com/New-Inventory-2026-Yamaha-Utility-Vehicle-Viking-Eps-Ranch-Edition-RIDENOW-BEACH-BLVD-18514170
20147,5Y4AMD8E9SA103468,YA103468,N,2025,Yamaha,Viking VI,YXC70VPRSW,,Continuously Variable (CVT),EPS Ranch Edition,,0,,686,,,,17899.0,17899.0,03/28/2026,No,"This SXS is shown with additional parts and accessories please call for more information    2025 Yamaha Viking VI EPS Ranch EditionHARD-WORKING GOOD LOOKSBold Ranch Edition styling for the whole crew handles tough chores and tougher terrain with Proven Off-Road capability, cabin comfort, dumping cargo bed and more.Features may include:ENGINETorquey 700-Class EngineThe Viking VI EPS Ranch Edition comes equipped with Yamaha&#39;s powerful 686cc engine featuring a broad, usable powerband that&#39;s perfect for working hard or playing hard. Liquid-cooling provides consistent performance, and the four-valve head with 10.0:1 compression delivers optimum torque for virtually any workload.Yamaha Electronic Fuel InjectionElectronic Fuel Injection ensures peak performance in nearly all conditions and elevations, along with instantaneous cold starts and smooth throttle response.Clean-Running Drive CaseThe specially-designed drive system air intake helps prevent overheating and assists in keeping water and debris from entering the drive case. CHASSIS/SUSPENSIONRoom for SixThe six-occupant Viking VI EPS Ranch Edition achieves new levels of driver and passenger comfort with a class-leading 115.6-inch wheelbase, smooth comfortable ride and best-in-class interior space. Both front and rear center seats are offset, as are the middle headrests, allowing for unmatched middle passenger comfort and convenience. All passengers have a three-point seatbelt for riding comfort, and extensive noise and vibration reduction measures for a quiet ride. Front and rear passengers also have the convenience of an integrated handhold with hand-cushions that enhance comfort.Electric Power SteeringYamaha&#39;s proven, industry-leading Electric Power Steering (EPS) system on the Viking VI EPS Ranch Edition offers excellent handling over various types of terrain, with lower steering effort for reduced fatigue after a long day in the field or on the trail.Excellent Ground ClearanceA maximum 11.4-inch ground clearance enhances terrainability and aids underbelly protection. The Viking VI EPS Ranch Edition&#39;s width also helps minimize 30-inch row crop damage.",,http://images.auction123.com/5be812ce-fb36-4694-beac-43bea97b8d08/5Y4AMD8E9SA103468/01.jpg?web001lnw|http://images.auction123.com/5be812ce-fb36-4694-beac-43bea97b8d08/5Y4AMD8E9SA103468/02.jpg?web001lnw|http://images.auction123.com/5be812ce-fb36-4694-beac-43bea97b8d08/5Y4AMD8E9SA103468/03.jpg?web001lnw|http://images.auction123.com/5be812ce-fb36-4694-beac-43bea97b8d08/5Y4AMD8E9SA103468/04.jpg?web001lnw|http://images.auction123.com/5be812ce-fb36-4694-beac-43bea97b8d08/5Y4AMD8E9SA103468/05.jpg?web001lnw|http://images.auction123.com/5be812ce-fb36-4694-beac-43bea97b8d08/5Y4AMD8E9SA103468/06.jpg?web001lnw|http://images.auction123.com/5be812ce-fb36-4694-beac-43bea97b8d08/5Y4AMD8E9SA103468/07.jpg?web001lnw|http://images.auction123.com/5be812ce-fb36-4694-beac-43bea97b8d08/5Y4AMD8E9SA103468/08.jpg?web001lnw|http://images.auction123.com/5be812ce-fb36-4694-beac-43bea97b8d08/5Y4AMD8E9SA103468/09.jpg?web001lnw|http://images.auction123.com/5be812ce-fb36-4694-beac-43bea97b8d08/5Y4AMD8E9SA103468/10.jpg?web001lnw|http://images.auction123.com/5be812ce-fb36-4694-beac-43bea97b8d08/5Y4AMD8E9SA103468/11.jpg?web001lnw|http://images.auction123.com/5be812ce-fb36-4694-beac-43bea97b8d08/5Y4AMD8E9SA103468/12.jpg?web001lnw|http://images.auction123.com/5be812ce-fb36-4694-beac-43bea97b8d08/5Y4AMD8E9SA103468/13.jpg?web001lnw|http://images.auction123.com/5be812ce-fb36-4694-beac-43bea97b8d08/5Y4AMD8E9SA103468/14.jpg?web001lnw|http://images.auction123.com/5be812ce-fb36-4694-beac-43bea97b8d08/5Y4AMD8E9SA103468/15.jpg?web001lnw|http://images.auction123.com/5be812ce-fb36-4694-beac-43bea97b8d08/5Y4AMD8E9SA103468/16.jpg?web001lnw|http://images.auction123.com/5be812ce-fb36-4694-beac-43bea97b8d08/5Y4AMD8E9SA103468/17.jpg?web001lnw|http://images.auction123.com/5be812ce-fb36-4694-beac-43bea97b8d08/5Y4AMD8E9SA103468/18.jpg?web001lnw|http://images.auction123.com/5be812ce-fb36-4694-beac-43bea97b8d08/5Y4AMD8E9SA103468/19.jpg?web001lnw|http://images.auction123.com/5be812ce-fb36-4694-beac-43bea97b8d08/5Y4AMD8E9SA103468/20.jpg?web001lnw|http://images.auction123.com/5be812ce-fb36-4694-beac-43bea97b8d08/5Y4AMD8E9SA103468/21.jpg?web001lnw|http://images.auction123.com/5be812ce-fb36-4694-beac-43bea97b8d08/5Y4AMD8E9SA103468/22.jpg?web001lnw|http://images.auction123.com/5be812ce-fb36-4694-beac-43bea97b8d08/5Y4AMD8E9SA103468/23.jpg?web001lnw,,,05/07/2026,,RideNow Beach Blvd,686,,0,https://www.ridenowbeachblvd.com/New-Inventory-2025-Yamaha-Utility-Vehicle-Viking-VI-EPS-Ranch-Edition-RIDENOW-BEACH-BLVD-18499883
20147,5Y4AML6E3TA115484,YA115484,N,2026,Yamaha,Raptor,700RSE,,Manual,700R SE,,0,,686,,WHI RED,,0.0,11199.0,01/09/2026,No,"2026 Yamaha Raptor 700R SEALL HAIL THE KINGBoasting unmatched performance, unique color and graphics, and special edition Yamaha Genuine accessories, this machine is Sport ATV royalty.Features may include:ENGINEBig-bore 686cc, liquid-cooled, fuel-injected engine produces huge torque and thrilling power across the entire rev range.Light and strong forged piston, connecting rod and crankshaft produce hard-hitting, quick-revving power.Dual counterbalancers keep the engine running smooth all the way to the 9,000 rpm redline.Yamaha Fuel Injection (YFI) offers consistent engine performance in a wide range of conditions.Digital TCI with a 32-bit electronic control unit controls fuel injection and ignition for exceptional throttle response.Race-bred five-speed transmission with reverse means there&#39;s a choice of gears in just about all situations.CHASSIS/SUSPENSIONAdvanced chassis combines a hybrid steel/aluminum frame, Controlled-Fill aluminum subframe and cast aluminum swingarm.Hybrid frame produces a super-strong structure and the lightest ATV in its class.Fully adjustable YZ-style piggyback shocks offer high/low-speed compression, rebound and preload adjustment.Front wheel travel is a plush 9.1 inches while the rear shock provides 10.1 inches of wheel travel.Drilled twin aluminum-piston front disc brakes and twin-piston rear brake deliver tremendous stopping power.Lightweight aluminum wheels help enhance suspension performance by reducing unsprung weight.ADDITIONAL FEATURESPush-button electric starter and reverse gear keep things nice and civilized when needed.Multi-reflector 30-watt Krypton headlights create a sporty look while LED taillight provides great visibility.Aggressive styling lends the Raptor 700R SE the menacing looks to match its impressive performance.Added SE features include a dealer-installed GYTR&#174; front grab bar, heel guards and a unique graphics package.Thumb throttle lever has ergonomic shape for less fatigue and handlebar-mounted flip-type parking brake lever is simple to use.For improved serviceability, the Raptor 700R SE is Yamaha Diagnostic Tool-ready.",,http://images.auction123.com/5be812ce-fb36-4694-beac-43bea97b8d08/5Y4AML6E3TA115484/01.jpg?web001lnw|http://images.auction123.com/5be812ce-fb36-4694-beac-43bea97b8d08/5Y4AML6E3TA115484/02.jpg?web001lnw|http://images.auction123.com/5be812ce-fb36-4694-beac-43bea97b8d08/5Y4AML6E3TA115484/03.jpg?web001lnw|http://images.auction123.com/5be812ce-fb36-4694-beac-43bea97b8d08/5Y4AML6E3TA115484/04.jpg?web001lnw|http://images.auction123.com/5be812ce-fb36-4694-beac-43bea97b8d08/5Y4AML6E3TA115484/05.jpg?web001lnw|http://images.auction123.com/5be812ce-fb36-4694-beac-43bea97b8d08/5Y4AML6E3TA115484/06.jpg?web001lnw|http://images.auction123.com/5be812ce-fb36-4694-beac-43bea97b8d08/5Y4AML6E3TA115484/07.jpg?web001lnw|http://images.auction123.com/5be812ce-fb36-4694-beac-43bea97b8d08/5Y4AML6E3TA115484/08.jpg?web001lnw|http://images.auction123.com/5be812ce-fb36-4694-beac-43bea97b8d08/5Y4AML6E3TA115484/09.jpg?web001lnw|http://images.auction123.com/5be812ce-fb36-4694-beac-43bea97b8d08/5Y4AML6E3TA115484/10.jpg?web001lnw|http://images.auction123.com/5be812ce-fb36-4694-beac-43bea97b8d08/5Y4AML6E3TA115484/11.jpg?web001lnw|http://images.auction123.com/5be812ce-fb36-4694-beac-43bea97b8d08/5Y4AML6E3TA115484/12.jpg?web001lnw|http://images.auction123.com/5be812ce-fb36-4694-beac-43bea97b8d08/5Y4AML6E3TA115484/13.jpg?web001lnw|http://images.auction123.com/5be812ce-fb36-4694-beac-43bea97b8d08/5Y4AML6E3TA115484/14.jpg?web001lnw|http://images.auction123.com/5be812ce-fb36-4694-beac-43bea97b8d08/5Y4AML6E3TA115484/15.jpg?web001lnw|http://images.auction123.com/5be812ce-fb36-4694-beac-43bea97b8d08/5Y4AML6E3TA115484/16.jpg?web001lnw|http://images.auction123.com/5be812ce-fb36-4694-beac-43bea97b8d08/5Y4AML6E3TA115484/17.jpg?web001lnw|http://images.auction123.com/5be812ce-fb36-4694-beac-43bea97b8d08/5Y4AML6E3TA115484/18.jpg?web001lnw|http://images.auction123.com/5be812ce-fb36-4694-beac-43bea97b8d08/5Y4AML6E3TA115484/19.jpg?web001lnw|http://images.auction123.com/5be812ce-fb36-4694-beac-43bea97b8d08/5Y4AML6E3TA115484/20.jpg?web001lnw|http://images.auction123.com/5be812ce-fb36-4694-beac-43bea97b8d08/5Y4AML6E3TA115484/21.jpg?web001lnw,,,01/10/2026,,RideNow Beach Blvd,686,,0,https://www.ridenowbeachblvd.com/New-Inventory-2026-Yamaha-ATV-Raptor-700R-SE-Ridenow-Beach-Blvd-18196849
20147,5Y4AML6E5TA114384,YA114384,N,2026,Yamaha,Raptor,700RSE,,Manual,700R SE,,1,,686,,WHI/RED,,0.0,11199.0,01/29/2026,No,"2026 Yamaha Raptor 700R SEALL HAIL THE KINGBoasting unmatched performance, unique color and graphics, and special edition Yamaha Genuine accessories, this machine is Sport ATV royalty.Features may include:ENGINEBig-bore 686cc, liquid-cooled, fuel-injected engine produces huge torque and thrilling power across the entire rev range.Light and strong forged piston, connecting rod and crankshaft produce hard-hitting, quick-revving power.Dual counterbalancers keep the engine running smooth all the way to the 9,000 rpm redline.Yamaha Fuel Injection (YFI) offers consistent engine performance in a wide range of conditions.Digital TCI with a 32-bit electronic control unit controls fuel injection and ignition for exceptional throttle response.Race-bred five-speed transmission with reverse means there&#39;s a choice of gears in just about all situations.CHASSIS/SUSPENSIONAdvanced chassis combines a hybrid steel/aluminum frame, Controlled-Fill aluminum subframe and cast aluminum swingarm.Hybrid frame produces a super-strong structure and the lightest ATV in its class.Fully adjustable YZ-style piggyback shocks offer high/low-speed compression, rebound and preload adjustment.Front wheel travel is a plush 9.1 inches while the rear shock provides 10.1 inches of wheel travel.Drilled twin aluminum-piston front disc brakes and twin-piston rear brake deliver tremendous stopping power.Lightweight aluminum wheels help enhance suspension performance by reducing unsprung weight.ADDITIONAL FEATURESPush-button electric starter and reverse gear keep things nice and civilized when needed.Multi-reflector 30-watt Krypton headlights create a sporty look while LED taillight provides great visibility.Aggressive styling lends the Raptor 700R SE the menacing looks to match its impressive performance.Added SE features include a dealer-installed GYTR&#174; front grab bar, heel guards and a unique graphics package.Thumb throttle lever has ergonomic shape for less fatigue and handlebar-mounted flip-type parking brake lever is simple to use.For improved serviceability, the Raptor 700R SE is Yamaha Diagnostic Tool-ready.",,http://images.auction123.com/5be812ce-fb36-4694-beac-43bea97b8d08/5Y4AML6E5TA114384/01.jpg?web001lnw|http://images.auction123.com/5be812ce-fb36-4694-beac-43bea97b8d08/5Y4AML6E5TA114384/02.jpg?web001lnw|http://images.auction123.com/5be812ce-fb36-4694-beac-43bea97b8d08/5Y4AML6E5TA114384/03.jpg?web001lnw|http://images.auction123.com/5be812ce-fb36-4694-beac-43bea97b8d08/5Y4AML6E5TA114384/04.jpg?web001lnw|http://images.auction123.com/5be812ce-fb36-4694-beac-43bea97b8d08/5Y4AML6E5TA114384/05.jpg?web001lnw|http://images.auction123.com/5be812ce-fb36-4694-beac-43bea97b8d08/5Y4AML6E5TA114384/06.jpg?web001lnw|http://images.auction123.com/5be812ce-fb36-4694-beac-43bea97b8d08/5Y4AML6E5TA114384/07.jpg?web001lnw|http://images.auction123.com/5be812ce-fb36-4694-beac-43bea97b8d08/5Y4AML6E5TA114384/08.jpg?web001lnw|http://images.auction123.com/5be812ce-fb36-4694-beac-43bea97b8d08/5Y4AML6E5TA114384/09.jpg?web001lnw|http://images.auction123.com/5be812ce-fb36-4694-beac-43bea97b8d08/5Y4AML6E5TA114384/10.jpg?web001lnw|http://images.auction123.com/5be812ce-fb36-4694-beac-43bea97b8d08/5Y4AML6E5TA114384/11.jpg?web001lnw|http://images.auction123.com/5be812ce-fb36-4694-beac-43bea97b8d08/5Y4AML6E5TA114384/12.jpg?web001lnw|http://images.auction123.com/5be812ce-fb36-4694-beac-43bea97b8d08/5Y4AML6E5TA114384/13.jpg?web001lnw|http://images.auction123.com/5be812ce-fb36-4694-beac-43bea97b8d08/5Y4AML6E5TA114384/14.jpg?web001lnw|http://images.auction123.com/5be812ce-fb36-4694-beac-43bea97b8d08/5Y4AML6E5TA114384/15.jpg?web001lnw|http://images.auction123.com/5be812ce-fb36-4694-beac-43bea97b8d08/5Y4AML6E5TA114384/16.jpg?web001lnw|http://images.auction123.com/5be812ce-fb36-4694-beac-43bea97b8d08/5Y4AML6E5TA114384/17.jpg?web001lnw|http://images.auction123.com/5be812ce-fb36-4694-beac-43bea97b8d08/5Y4AML6E5TA114384/18.jpg?web001lnw|http://images.auction123.com/5be812ce-fb36-4694-beac-43bea97b8d08/5Y4AML6E5TA114384/19.jpg?web001lnw|http://images.auction123.com/5be812ce-fb36-4694-beac-43bea97b8d08/5Y4AML6E5TA114384/20.jpg?web001lnw|http://images.auction123.com/5be812ce-fb36-4694-beac-43bea97b8d08/5Y4AML6E5TA114384/21.jpg?web001lnw,,,02/03/2026,,RideNow Beach Blvd,686,,0,https://www.ridenowbeachblvd.com/New-Inventory-2026-Yamaha-ATV-Raptor-700R-SE-Ridenow-Beach-Blvd-18261809
20147,5Y4AML6E5TA117978,YA117978,N,2026,Yamaha,Raptor,700R,,Manual,700R,,0,,686,,BLUE,,10599.0,10599.0,06/11/2026,No,,,,,,06/11/2026,,RideNow Beach Blvd,686,,0,https://www.ridenowbeachblvd.com/New-Inventory-2026-Yamaha-ATV-Raptor-700R-RideNow-Beach-Blvd-FL-18838581
20147,5Y4AML6E6TA115477,YA115477,N,2026,Yamaha,Raptor,700RSE,,Manual,700R SE,,0,,686,,WHI RED,,0.0,11199.0,01/09/2026,No,"2026 Yamaha Raptor 700R SEALL HAIL THE KINGBoasting unmatched performance, unique color and graphics, and special edition Yamaha Genuine accessories, this machine is Sport ATV royalty.Features may include:ENGINEBig-bore 686cc, liquid-cooled, fuel-injected engine produces huge torque and thrilling power across the entire rev range.Light and strong forged piston, connecting rod and crankshaft produce hard-hitting, quick-revving power.Dual counterbalancers keep the engine running smooth all the way to the 9,000 rpm redline.Yamaha Fuel Injection (YFI) offers consistent engine performance in a wide range of conditions.Digital TCI with a 32-bit electronic control unit controls fuel injection and ignition for exceptional throttle response.Race-bred five-speed transmission with reverse means there&#39;s a choice of gears in just about all situations.CHASSIS/SUSPENSIONAdvanced chassis combines a hybrid steel/aluminum frame, Controlled-Fill aluminum subframe and cast aluminum swingarm.Hybrid frame produces a super-strong structure and the lightest ATV in its class.Fully adjustable YZ-style piggyback shocks offer high/low-speed compression, rebound and preload adjustment.Front wheel travel is a plush 9.1 inches while the rear shock provides 10.1 inches of wheel travel.Drilled twin aluminum-piston front disc brakes and twin-piston rear brake deliver tremendous stopping power.Lightweight aluminum wheels help enhance suspension performance by reducing unsprung weight.ADDITIONAL FEATURESPush-button electric starter and reverse gear keep things nice and civilized when needed.Multi-reflector 30-watt Krypton headlights create a sporty look while LED taillight provides great visibility.Aggressive styling lends the Raptor 700R SE the menacing looks to match its impressive performance.Added SE features include a dealer-installed GYTR&#174; front grab bar, heel guards and a unique graphics package.Thumb throttle lever has ergonomic shape for less fatigue and handlebar-mounted flip-type parking brake lever is simple to use.For improved serviceability, the Raptor 700R SE is Yamaha Diagnostic Tool-ready.",,http://images.auction123.com/5be812ce-fb36-4694-beac-43bea97b8d08/5Y4AML6E6TA115477/01.jpg?web001lnw|http://images.auction123.com/5be812ce-fb36-4694-beac-43bea97b8d08/5Y4AML6E6TA115477/02.jpg?web001lnw|http://images.auction123.com/5be812ce-fb36-4694-beac-43bea97b8d08/5Y4AML6E6TA115477/03.jpg?web001lnw|http://images.auction123.com/5be812ce-fb36-4694-beac-43bea97b8d08/5Y4AML6E6TA115477/04.jpg?web001lnw|http://images.auction123.com/5be812ce-fb36-4694-beac-43bea97b8d08/5Y4AML6E6TA115477/05.jpg?web001lnw|http://images.auction123.com/5be812ce-fb36-4694-beac-43bea97b8d08/5Y4AML6E6TA115477/06.jpg?web001lnw|http://images.auction123.com/5be812ce-fb36-4694-beac-43bea97b8d08/5Y4AML6E6TA115477/07.jpg?web001lnw|http://images.auction123.com/5be812ce-fb36-4694-beac-43bea97b8d08/5Y4AML6E6TA115477/08.jpg?web001lnw|http://images.auction123.com/5be812ce-fb36-4694-beac-43bea97b8d08/5Y4AML6E6TA115477/09.jpg?web001lnw|http://images.auction123.com/5be812ce-fb36-4694-beac-43bea97b8d08/5Y4AML6E6TA115477/10.jpg?web001lnw|http://images.auction123.com/5be812ce-fb36-4694-beac-43bea97b8d08/5Y4AML6E6TA115477/11.jpg?web001lnw|http://images.auction123.com/5be812ce-fb36-4694-beac-43bea97b8d08/5Y4AML6E6TA115477/12.jpg?web001lnw|http://images.auction123.com/5be812ce-fb36-4694-beac-43bea97b8d08/5Y4AML6E6TA115477/13.jpg?web001lnw|http://images.auction123.com/5be812ce-fb36-4694-beac-43bea97b8d08/5Y4AML6E6TA115477/14.jpg?web001lnw|http://images.auction123.com/5be812ce-fb36-4694-beac-43bea97b8d08/5Y4AML6E6TA115477/15.jpg?web001lnw|http://images.auction123.com/5be812ce-fb36-4694-beac-43bea97b8d08/5Y4AML6E6TA115477/16.jpg?web001lnw|http://images.auction123.com/5be812ce-fb36-4694-beac-43bea97b8d08/5Y4AML6E6TA115477/17.jpg?web001lnw|http://images.auction123.com/5be812ce-fb36-4694-beac-43bea97b8d08/5Y4AML6E6TA115477/18.jpg?web001lnw|http://images.auction123.com/5be812ce-fb36-4694-beac-43bea97b8d08/5Y4AML6E6TA115477/19.jpg?web001lnw|http://images.auction123.com/5be812ce-fb36-4694-beac-43bea97b8d08/5Y4AML6E6TA115477/20.jpg?web001lnw,,,01/10/2026,,RideNow Beach Blvd,686,,0,https://www.ridenowbeachblvd.com/New-Inventory-2026-Yamaha-ATV-Raptor-700R-SE-Ridenow-Beach-Blvd-18196854
20147,5Y4AML6E8TA117344,YA117344,N,2026,Yamaha,Raptor,700,,Manual,700,,0,,686,,WHT,,9999.0,9999.0,04/23/2026,No,,,,,,04/23/2026,,RideNow Beach Blvd,686,,0,https://www.ridenowbeachblvd.com/New-Inventory-2026-Yamaha-ATV-Raptor-700-RideNow-Beach-Blvd-FL-18601906
20147,5Y4AMM1E5TA102877,YA102877,N,2026,Yamaha,Kodiak,700EPS,,Continuously Variable (CVT),700 EPS,,0,,686,,GREEN,,9399.0,9399.0,04/01/2026,No,"2026 Yamaha Kodiak 700 EPSBEARING DOWNDevouring chores with comfort and confidence, this rugged and reliable machine makes light of tough work.Features may include:POWERTRAINThe torquey big-bore 686cc engine is geared for low rpm cruising, smooth, quiet operation and impressive midrange power.Yamaha Fuel Injection (YFI) offers consistent engine performance in a wide range of conditions.High-mounted air intake layout increases power and torque while keeping water, mud and trail debris at bay.Intake design also provides additional room for on-board storage and easy toolless servicing of the air filter.Stainless steel exhaust system and features a screen-type spark arrestor for great power with minimum noise output.Featuring Yamaha&#39;s Ultramatic transmission, the industry&#39;s most advanced and durable CVT drive system.CHASSISA more compact body design similar to a mid-sized ATV to enhance handling feel and boost off-road confidence.Performance shocks, wide-arc A-arms and full-body skid plate ensure the Kodiak 700 EPS is ready to go wherever you are.To handle tough off-road terrain with ease, the Kodiak 700 EPS offers an impressive 10.8-inches of ground clearance.An independent double wishbone suspension serves up 7.1 inches of front wheel travel and 9.1 inches at the rear./p>Performance shocks offer 5-way adjustable preload front and rear for excellent rider comfort on the most challenging trails.Industry-leading speed-sensitive Electric Power Steering provides excellent control and trail feel, along with reduced fatigue.ADDITIONAL FEATURESA compact all-LCD instrument cluster gives the rider a clear display of speed, transmission status, fuel level and more.Paired halogen headlights ensure excellent visibility./p>A handlebar-mounted halogen work light provides additional illumination that moves with rider input for added flexibility.On-board storage compartment keeps things dry in wet and muddy conditions.A convenient 12V power point comes standard for keeping devices charged.The Kodiak 700 EPS is assembled in the USA to meet Yamaha&#39;s exacting standards for durability and reliability.",,http://images.auction123.com/5be812ce-fb36-4694-beac-43bea97b8d08/5Y4AMM1E5TA102877/01.jpg?web001lnw|http://images.auction123.com/5be812ce-fb36-4694-beac-43bea97b8d08/5Y4AMM1E5TA102877/02.jpg?web001lnw|http://images.auction123.com/5be812ce-fb36-4694-beac-43bea97b8d08/5Y4AMM1E5TA102877/03.jpg?web001lnw|http://images.auction123.com/5be812ce-fb36-4694-beac-43bea97b8d08/5Y4AMM1E5TA102877/04.jpg?web001lnw|http://images.auction123.com/5be812ce-fb36-4694-beac-43bea97b8d08/5Y4AMM1E5TA102877/05.jpg?web001lnw|http://images.auction123.com/5be812ce-fb36-4694-beac-43bea97b8d08/5Y4AMM1E5TA102877/06.jpg?web001lnw|http://images.auction123.com/5be812ce-fb36-4694-beac-43bea97b8d08/5Y4AMM1E5TA102877/07.jpg?web001lnw|http://images.auction123.com/5be812ce-fb36-4694-beac-43bea97b8d08/5Y4AMM1E5TA102877/08.jpg?web001lnw|http://images.auction123.com/5be812ce-fb36-4694-beac-43bea97b8d08/5Y4AMM1E5TA102877/09.jpg?web001lnw|http://images.auction123.com/5be812ce-fb36-4694-beac-43bea97b8d08/5Y4AMM1E5TA102877/10.jpg?web001lnw|http://images.auction123.com/5be812ce-fb36-4694-beac-43bea97b8d08/5Y4AMM1E5TA102877/11.jpg?web001lnw|http://images.auction123.com/5be812ce-fb36-4694-beac-43bea97b8d08/5Y4AMM1E5TA102877/12.jpg?web001lnw|http://images.auction123.com/5be812ce-fb36-4694-beac-43bea97b8d08/5Y4AMM1E5TA102877/13.jpg?web001lnw|http://images.auction123.com/5be812ce-fb36-4694-beac-43bea97b8d08/5Y4AMM1E5TA102877/14.jpg?web001lnw|http://images.auction123.com/5be812ce-fb36-4694-beac-43bea97b8d08/5Y4AMM1E5TA102877/15.jpg?web001lnw|http://images.auction123.com/5be812ce-fb36-4694-beac-43bea97b8d08/5Y4AMM1E5TA102877/16.jpg?web001lnw|http://images.auction123.com/5be812ce-fb36-4694-beac-43bea97b8d08/5Y4AMM1E5TA102877/17.jpg?web001lnw|http://images.auction123.com/5be812ce-fb36-4694-beac-43bea97b8d08/5Y4AMM1E5TA102877/18.jpg?web001lnw|http://images.auction123.com/5be812ce-fb36-4694-beac-43bea97b8d08/5Y4AMM1E5TA102877/19.jpg?web001lnw|http://images.auction123.com/5be812ce-fb36-4694-beac-43bea97b8d08/5Y4AMM1E5TA102877/20.jpg?web001lnw|http://images.auction123.com/5be812ce-fb36-4694-beac-43bea97b8d08/5Y4AMM1E5TA102877/21.jpg?web001lnw|http://images.auction123.com/5be812ce-fb36-4694-beac-43bea97b8d08/5Y4AMM1E5TA102877/22.jpg?web001lnw|http://images.auction123.com/5be812ce-fb36-4694-beac-43bea97b8d08/5Y4AMM1E5TA102877/23.jpg?web001lnw,,,05/07/2026,,RideNow Beach Blvd,686,,0,https://www.ridenowbeachblvd.com/New-Inventory-2026-Yamaha-ATV-Kodiak-700-EPS-ridenow-beach-blvd-18514168
20147,5Y4AMM2E7TA101938,YA101938,N,2026,Yamaha,Kodiak,700,,Continuously Variable (CVT),700,,0,,686,,,,0.0,7899.0,03/28/2026,No,"2026 Yamaha Kodiak 700PROVEN PERFORMANCE AND VALUEOffering Proven Off-Road capability and comfort during all-day rides, regardless if they are filled with chores or trail adventures.Features may include:POWERTRAINThe torquey big-bore 686cc engine is geared for low rpm cruising, smooth, quiet operation and impressive midrange power.Yamaha Fuel Injection (YFI) offers consistent engine performance in a wide range of conditions.High-mounted air intake layout increases power and torque while keeping water, mud and trail debris at bay.Intake design also provides additional room for on-board storage and easy toolless servicing of the air filter.Stainless steel exhaust system and features a screen-type spark arrestor for great power with minimum noise output.Featuring Yamaha&#39;s Ultramatic transmission, the industry&#39;s most advanced and durable CVT drive system.CHASSISA more compact body design similar to a mid-sized ATV to enhance handling feel and boost off-road confidence.Performance shocks, wide-arc A-arms and full-body skid plate ensure the Kodiak 700 is ready to go wherever you are.To handle tough off-road terrain with ease, the Kodiak 700 offers an impressive 10.8-inches of ground clearance.An independent double wishbone suspension serves up 7.1 inches of front wheel travel and 9.1 inches at the rear./p>Four-wheel hydraulic disc brakes and a sealed wet rear brake system offer strong, consistent stopping power.Rugged 25-inch Maxxis&#174; tires provide precise steering feel and feedback, along with exceptional off-road traction.ADDITIONAL FEATURESA compact all-LCD instrument cluster gives the rider a clear display of speed, transmission status, fuel level and more.On-board storage compartment keeps things dry in wet and muddy conditions.A convenient 12V power point comes standard for keeping devices charged.The Kodiak 700 is assembled in the USA to meet Yamaha&#39;s exacting standards for durability and reliability.",,http://images.auction123.com/5be812ce-fb36-4694-beac-43bea97b8d08/5Y4AMM2E7TA101938/01.jpg?web001lnw|http://images.auction123.com/5be812ce-fb36-4694-beac-43bea97b8d08/5Y4AMM2E7TA101938/02.jpg?web001lnw|http://images.auction123.com/5be812ce-fb36-4694-beac-43bea97b8d08/5Y4AMM2E7TA101938/03.jpg?web001lnw|http://images.auction123.com/5be812ce-fb36-4694-beac-43bea97b8d08/5Y4AMM2E7TA101938/04.jpg?web001lnw|http://images.auction123.com/5be812ce-fb36-4694-beac-43bea97b8d08/5Y4AMM2E7TA101938/05.jpg?web001lnw|http://images.auction123.com/5be812ce-fb36-4694-beac-43bea97b8d08/5Y4AMM2E7TA101938/06.jpg?web001lnw|http://images.auction123.com/5be812ce-fb36-4694-beac-43bea97b8d08/5Y4AMM2E7TA101938/07.jpg?web001lnw|http://images.auction123.com/5be812ce-fb36-4694-beac-43bea97b8d08/5Y4AMM2E7TA101938/08.jpg?web001lnw|http://images.auction123.com/5be812ce-fb36-4694-beac-43bea97b8d08/5Y4AMM2E7TA101938/09.jpg?web001lnw|http://images.auction123.com/5be812ce-fb36-4694-beac-43bea97b8d08/5Y4AMM2E7TA101938/10.jpg?web001lnw|http://images.auction123.com/5be812ce-fb36-4694-beac-43bea97b8d08/5Y4AMM2E7TA101938/11.jpg?web001lnw|http://images.auction123.com/5be812ce-fb36-4694-beac-43bea97b8d08/5Y4AMM2E7TA101938/12.jpg?web001lnw|http://images.auction123.com/5be812ce-fb36-4694-beac-43bea97b8d08/5Y4AMM2E7TA101938/13.jpg?web001lnw|http://images.auction123.com/5be812ce-fb36-4694-beac-43bea97b8d08/5Y4AMM2E7TA101938/14.jpg?web001lnw|http://images.auction123.com/5be812ce-fb36-4694-beac-43bea97b8d08/5Y4AMM2E7TA101938/15.jpg?web001lnw|http://images.auction123.com/5be812ce-fb36-4694-beac-43bea97b8d08/5Y4AMM2E7TA101938/16.jpg?web001lnw|http://images.auction123.com/5be812ce-fb36-4694-beac-43bea97b8d08/5Y4AMM2E7TA101938/17.jpg?web001lnw|http://images.auction123.com/5be812ce-fb36-4694-beac-43bea97b8d08/5Y4AMM2E7TA101938/18.jpg?web001lnw|http://images.auction123.com/5be812ce-fb36-4694-beac-43bea97b8d08/5Y4AMM2E7TA101938/19.jpg?web001lnw|http://images.auction123.com/5be812ce-fb36-4694-beac-43bea97b8d08/5Y4AMM2E7TA101938/20.jpg?web001lnw|http://images.auction123.com/5be812ce-fb36-4694-beac-43bea97b8d08/5Y4AMM2E7TA101938/21.jpg?web001lnw,,,05/07/2026,,RideNow Beach Blvd,686,,0,https://www.ridenowbeachblvd.com/New-Inventory-2026-Yamaha-ATV-Kodiak-700-RIDENOW-BEACH-BLVD-18499880
20147,5Y4AN52YXTA104135,YA104135,N,2026,Yamaha,Wolverine X2 1000 Xt-R,,,,,,0,,,,Moss Grey / Tactical Black,,18999.0,16499.0,01/30/2026,No,"2026 Yamaha Wolverine X2 1000 Xt-RPERFORMANCE DRIVEN, VALUE PACKEDThe light, compact, exciting Wolverine X2 1000 XT-R is ready to turn up your adventure with big 999cc parallel twin power and added XT-R capability.Features may include:POWERTRAINPotent 999cc DOHC eight-valve parallel-twin engine delivers thrilling power and legendary Yamaha reliability.Yamaha Chip Controlled-Throttle (YCC-T) provides smooth, linear throttle response.Selectable D-Mode offers three power delivery settings: Sport Mode, Trail Mode and Crawl Mode.Power is delivered through Yamaha&#39;s advanced Ultramatic Continuously Variable Transmission.Yamaha&#39;s Ultramatic CVT system utilizes a centrifugal wet clutch and a constant-tension belt system for unmatched reliability.Yamaha&#39;s Continuously Variable Transmission is backed by the industry&#39;s only 10-year belt warranty.CHASSISThe most nimble 1,000cc Side-by-Side with a compact feeling chassis and maximum visibility from the cab.The low-sloped hood, narrower dash, and low dash height provide exceptional visibility.A trail-ready suspension package features front and rear sway bars and high-performance SACHS&#174; ZF piggyback shocks.SACHS&#174; ZF shocks offer high/low-speed compression and preload adjustment.Suspension provides 13.3-inches of front and 15.5-inches of rear wheel travel for maximum performance and comfort.Powerful all-wheel disc brakes feature large 207mm vented discs and two-piston calipers for exceptional stopping power.INTERIORPlush cockpit includes several premium interior features from the RMAX 1000 including XT-R-exclusive blue LED interior lighting.Automotive-style soft touchpoints, soft-touch brake lever, premium steering wheel and grab handle add comfort.Premium blue-backlit digital meter with a large, dimmable readout provides complete vehicle information at a glance.Wide bolstered comfort seats offer exceptional positioning for a planted feel and reduced fatigue.Secure seating includes six-way toolless adjustable seat belts for driver and passenger.Throttle and brake pedals are optimized for comfort.ADDITIONAL FEATURESPremium XT-R trim includes WARN&#174; winch, front overfenders, rearview mirror, and stylish painted bodywork and graphics scheme.For added comfort, the factory-installed suntop is engineered to keep the sun and other elements off occupants.LED headlights offer brilliant illumination of the trail ahead while LED taillights provide excellent visibility from behind.The Wolverine X2 1000 XT-R is assembled in the USA to meet Yamaha&#39;s exacting standards for durability and reliability.",,http://images.auction123.com/5be812ce-fb36-4694-beac-43bea97b8d08/5Y4AN52YXTA104135/01.jpg?web001lnw|http://images.auction123.com/5be812ce-fb36-4694-beac-43bea97b8d08/5Y4AN52YXTA104135/02.jpg?web001lnw|http://images.auction123.com/5be812ce-fb36-4694-beac-43bea97b8d08/5Y4AN52YXTA104135/03.jpg?web001lnw|http://images.auction123.com/5be812ce-fb36-4694-beac-43bea97b8d08/5Y4AN52YXTA104135/04.jpg?web001lnw|http://images.auction123.com/5be812ce-fb36-4694-beac-43bea97b8d08/5Y4AN52YXTA104135/05.jpg?web001lnw|http://images.auction123.com/5be812ce-fb36-4694-beac-43bea97b8d08/5Y4AN52YXTA104135/06.jpg?web001lnw|http://images.auction123.com/5be812ce-fb36-4694-beac-43bea97b8d08/5Y4AN52YXTA104135/07.jpg?web001lnw|http://images.auction123.com/5be812ce-fb36-4694-beac-43bea97b8d08/5Y4AN52YXTA104135/08.jpg?web001lnw|http://images.auction123.com/5be812ce-fb36-4694-beac-43bea97b8d08/5Y4AN52YXTA104135/09.jpg?web001lnw|http://images.auction123.com/5be812ce-fb36-4694-beac-43bea97b8d08/5Y4AN52YXTA104135/10.jpg?web001lnw|http://images.auction123.com/5be812ce-fb36-4694-beac-43bea97b8d08/5Y4AN52YXTA104135/11.jpg?web001lnw|http://images.auction123.com/5be812ce-fb36-4694-beac-43bea97b8d08/5Y4AN52YXTA104135/12.jpg?web001lnw|http://images.auction123.com/5be812ce-fb36-4694-beac-43bea97b8d08/5Y4AN52YXTA104135/13.jpg?web001lnw|http://images.auction123.com/5be812ce-fb36-4694-beac-43bea97b8d08/5Y4AN52YXTA104135/14.jpg?web001lnw|http://images.auction123.com/5be812ce-fb36-4694-beac-43bea97b8d08/5Y4AN52YXTA104135/15.jpg?web001lnw|http://images.auction123.com/5be812ce-fb36-4694-beac-43bea97b8d08/5Y4AN52YXTA104135/16.jpg?web001lnw|http://images.auction123.com/5be812ce-fb36-4694-beac-43bea97b8d08/5Y4AN52YXTA104135/17.jpg?web001lnw|http://images.auction123.com/5be812ce-fb36-4694-beac-43bea97b8d08/5Y4AN52YXTA104135/18.jpg?web001lnw|http://images.auction123.com/5be812ce-fb36-4694-beac-43bea97b8d08/5Y4AN52YXTA104135/19.jpg?web001lnw|http://images.auction123.com/5be812ce-fb36-4694-beac-43bea97b8d08/5Y4AN52YXTA104135/20.jpg?web001lnw,,,02/04/2026,,RideNow Beach Blvd,,,0,https://www.ridenowbeachblvd.com/New-Inventory-2026-Yamaha-Utility-Vehicle-Wolverine-X2-1000-Xt-R-Ridenow-Beach-Blvd-18267898
20147,5Y4AN59YXTA100267,YA100267,N,2026,Yamaha,Wolverine Rmax4 1000 Compact R-Spec,,,,,,0,,,,GREEN,,0.0,22999.0,02/05/2026,No,"This 2026 YAMAHA RMAX4 R-SPEC is shown with additional parts and accessories please call for more information!    2026 Yamaha Wolverine Rmax4 1000 Compact R-SpecMAX POWER MEETS MAX COMFORT AND VERSATILITYMaximize your adventures with class-leading cabin comfort, four-seat versatility and the unmatched power delivery of Yamaha&#39;s powerful 999cc parallel-twin engine.Features may include:POWERTRAINPotent 999cc DOHC eight-valve parallel-twin engine delivers thrilling power with legendary Yamaha reliability.The Yamaha Chip Controlled Throttle (YCC-T) optimizes power delivery for a variety of situations.Yamaha Speed Management System enables driver to limit vehicle top speed to 25 mph without sacrificing power.Yamaha&#39;s Ultramatic&#174; CVT system utilizes a centrifugal wet clutch and a constant-tension belt system for unmatched reliability.Yamaha&#39;s Continuously Variable Transmission is backed by the industry&#39;s only 10-year belt warranty.A one-way sprag clutch offers predictable all-wheel engine braking at all speeds for added confidence.CHASSISWheelbase is optimized to offer an enhanced feeling of contact to the ground in challenging terrain.Premium FOX&#174; 2.0 QS3 suspension provides maximum articulation at low speeds and maximum bottoming resistance at high speeds.Adjustable QS3 shocks can be easily switched without tools between three custom positions for varying conditions.FOX&#174; 2.0 QS3 piggyback shocks deliver 14.2-inches of suspension travel up front and 13.3 inches of travel in the rear.A solid, durable frame is designed to provide superior off-road confidence.Yamaha&#39;s class-leading Electric Power Steering offers enhanced steering assist for a range of conditions.INTERIORPlush automotive-style cockpit includes soft touchpoints, premium steering wheel and grab handles.Soft-touch tilt steering wheel offers 17 degrees of adjustment, and a robust passenger handhold is also adjustable.Throttle and brake pedals are optimized for comfort.Light-effort shift lever and natural-feeling parking brake lever include color-matching accents and chrome inlays.Comfortable, secure seating for up to four adults with easy-to-adjust six-position seat belts for each seat.Wide bolstered comfort seats offer exceptional positioning for a planted feel and reduced fatigue.ADDITIONAL FEATURESDistinctive RMAX styling is highlighted by an aggressive front end look, eye-catching colors and a purposeful stance.For extra comfort, the factory-installed suntop is engineered to keep the sun and other elements off occupants.Advanced LED headlights provide a wide beam pattern to boost confidence in low-light conditions.Integrated LED taillight, brake light and reverse light keep you visible on the trail and enhance vision when backing up.The RMAX4 1000 Compact R-Spec is assembled in the USA to meet Yamaha&#39;s exacting standards for durability and reliability.",,http://images.auction123.com/5be812ce-fb36-4694-beac-43bea97b8d08/5Y4AN59YXTA100267/01.jpg?web001lnw|http://images.auction123.com/5be812ce-fb36-4694-beac-43bea97b8d08/5Y4AN59YXTA100267/02.jpg?web001lnw|http://images.auction123.com/5be812ce-fb36-4694-beac-43bea97b8d08/5Y4AN59YXTA100267/03.jpg?web001lnw|http://images.auction123.com/5be812ce-fb36-4694-beac-43bea97b8d08/5Y4AN59YXTA100267/04.jpg?web001lnw|http://images.auction123.com/5be812ce-fb36-4694-beac-43bea97b8d08/5Y4AN59YXTA100267/05.jpg?web001lnw|http://images.auction123.com/5be812ce-fb36-4694-beac-43bea97b8d08/5Y4AN59YXTA100267/06.jpg?web001lnw|http://images.auction123.com/5be812ce-fb36-4694-beac-43bea97b8d08/5Y4AN59YXTA100267/07.jpg?web001lnw|http://images.auction123.com/5be812ce-fb36-4694-beac-43bea97b8d08/5Y4AN59YXTA100267/08.jpg?web001lnw|http://images.auction123.com/5be812ce-fb36-4694-beac-43bea97b8d08/5Y4AN59YXTA100267/09.jpg?web001lnw|http://images.auction123.com/5be812ce-fb36-4694-beac-43bea97b8d08/5Y4AN59YXTA100267/10.jpg?web001lnw|http://images.auction123.com/5be812ce-fb36-4694-beac-43bea97b8d08/5Y4AN59YXTA100267/11.jpg?web001lnw|http://images.auction123.com/5be812ce-fb36-4694-beac-43bea97b8d08/5Y4AN59YXTA100267/12.jpg?web001lnw|http://images.auction123.com/5be812ce-fb36-4694-beac-43bea97b8d08/5Y4AN59YXTA100267/13.jpg?web001lnw|http://images.auction123.com/5be812ce-fb36-4694-beac-43bea97b8d08/5Y4AN59YXTA100267/14.jpg?web001lnw|http://images.auction123.com/5be812ce-fb36-4694-beac-43bea97b8d08/5Y4AN59YXTA100267/15.jpg?web001lnw|http://images.auction123.com/5be812ce-fb36-4694-beac-43bea97b8d08/5Y4AN59YXTA100267/16.jpg?web001lnw|http://images.auction123.com/5be812ce-fb36-4694-beac-43bea97b8d08/5Y4AN59YXTA100267/17.jpg?web001lnw|http://images.auction123.com/5be812ce-fb36-4694-beac-43bea97b8d08/5Y4AN59YXTA100267/18.jpg?web001lnw|http://images.auction123.com/5be812ce-fb36-4694-beac-43bea97b8d08/5Y4AN59YXTA100267/19.jpg?web001lnw|http://images.auction123.com/5be812ce-fb36-4694-beac-43bea97b8d08/5Y4AN59YXTA100267/20.jpg?web001lnw|http://images.auction123.com/5be812ce-fb36-4694-beac-43bea97b8d08/5Y4AN59YXTA100267/21.jpg?web001lnw|http://images.auction123.com/5be812ce-fb36-4694-beac-43bea97b8d08/5Y4AN59YXTA100267/22.jpg?web001lnw|http://images.auction123.com/5be812ce-fb36-4694-beac-43bea97b8d08/5Y4AN59YXTA100267/23.jpg?web001lnw,,,02/11/2026,,RideNow Beach Blvd,,,0,https://www.ridenowbeachblvd.com/New-Inventory-2026-Yamaha-Utility-Vehicle-Wolverine-Rmax4-1000-Compact-R-Spec-Ridenow-Beach-Blvd-18286085
20147,5Y4AN60Y1TA102296,YA102296,N,2026,Yamaha,Wolverine Rmax2 1000 Sport,,,,,,0,,,,BLUE,,0.0,21999.0,04/01/2026,No,"2026 Yamaha Wolverine Rmax2 1000 Sport WHERE RECREATION MEETS SPORTThe sportiest RMAX ever with race-team-inspired styling, highly adjustable sport-tuned suspension, and Yamaha-exclusive off-road ready wheels and tires.Features may include:POWERTRAINPotent 999cc DOHC eight-valve parallel-twin engine delivers thrilling power with legendary Yamaha reliability.The Yamaha Chip Controlled Throttle (YCC-T) optimizes power delivery for a variety of situations.Selectable D-Mode offers three power delivery settings: Sport Mode, Trail Mode and Crawl Mode.Yamaha&#39;s Ultramatic CVT system utilizes a centrifugal wet clutch and a constant-tension belt system for unmatched reliability.Yamaha&#39;s Continuously Variable Transmission is backed by the industry&#39;s only 10-year belt warranty.A one-way sprag clutch offers predictable all-wheel engine braking at all speeds for added confidence.CHASSISWheelbase is optimized to offer an enhanced feeling of contact to the ground in challenging terrain.Dual-spring FOX&#174; 2.0 shocks offer preload adjustment and high/low-speed compression adjustability for a taut, sporty feel.Premium FOX&#174; 2.0 suspension delivers 14.2-inches of travel up front and an impressive 16.9-inches inches of travel in the rear.The Wolverine RMAX2 1000 Sport also boasts best-in-class 13.8 inches of ground clearance.A solid, durable frame is designed to provide superior off-road confidence.Three-mode Electric Power Steering (EPS) system allows drivers to select a steering mode to match driving preference.INTERIORHigh-quality automotive-inspired cockpit includes soft touchpoints, USB port and adjustable center-mount rearview mirror.Interior light package includes blue LED lighted switches, floor lights, console lighting along with a blue-backlit meter.Soft knee pad material, premium grab handles and brushed aluminum accents add to the plush, automotive-quality interior.Soft-touch tilt steering wheel offers 17 degrees of adjustment, and a robust passenger handhold is also adjustable.Throttle and brake pedals are optimized for comfort.Light-effort shift lever and natural-feeling parking brake lever include color-matching accents and chrome inlays.ADDITIONAL FEATURESAggressive RMAX2 1000 Sport styling includes a bold Team Yamaha Blue and dark blue exterior graphics package.For extra comfort, the factory-installed suntop is engineered to keep the sun and other elements off occupants.Advanced LED headlights provide a wide beam pattern to boost confidence in low-light conditions.Integrated LED taillight, brake light and reverse light keep you visible on the trail and enhance vision when backing up.The RMAX2 1000 Sport is assembled in the USA to meet Yamaha&#39;s exacting standards for durability and reliability.",,http://images.auction123.com/5be812ce-fb36-4694-beac-43bea97b8d08/5Y4AN60Y1TA102296/01.jpg?web001lnw|http://images.auction123.com/5be812ce-fb36-4694-beac-43bea97b8d08/5Y4AN60Y1TA102296/02.jpg?web001lnw|http://images.auction123.com/5be812ce-fb36-4694-beac-43bea97b8d08/5Y4AN60Y1TA102296/03.jpg?web001lnw|http://images.auction123.com/5be812ce-fb36-4694-beac-43bea97b8d08/5Y4AN60Y1TA102296/04.jpg?web001lnw|http://images.auction123.com/5be812ce-fb36-4694-beac-43bea97b8d08/5Y4AN60Y1TA102296/05.jpg?web001lnw|http://images.auction123.com/5be812ce-fb36-4694-beac-43bea97b8d08/5Y4AN60Y1TA102296/06.jpg?web001lnw|http://images.auction123.com/5be812ce-fb36-4694-beac-43bea97b8d08/5Y4AN60Y1TA102296/07.jpg?web001lnw|http://images.auction123.com/5be812ce-fb36-4694-beac-43bea97b8d08/5Y4AN60Y1TA102296/08.jpg?web001lnw|http://images.auction123.com/5be812ce-fb36-4694-beac-43bea97b8d08/5Y4AN60Y1TA102296/09.jpg?web001lnw|http://images.auction123.com/5be812ce-fb36-4694-beac-43bea97b8d08/5Y4AN60Y1TA102296/10.jpg?web001lnw|http://images.auction123.com/5be812ce-fb36-4694-beac-43bea97b8d08/5Y4AN60Y1TA102296/11.jpg?web001lnw|http://images.auction123.com/5be812ce-fb36-4694-beac-43bea97b8d08/5Y4AN60Y1TA102296/12.jpg?web001lnw|http://images.auction123.com/5be812ce-fb36-4694-beac-43bea97b8d08/5Y4AN60Y1TA102296/13.jpg?web001lnw|http://images.auction123.com/5be812ce-fb36-4694-beac-43bea97b8d08/5Y4AN60Y1TA102296/14.jpg?web001lnw,,,05/20/2026,,RideNow Beach Blvd,,,0,https://www.ridenowbeachblvd.com/New-Inventory-2026-Yamaha-Utility-Vehicle-Wolverine-Rmax2-1000-Sport-RIDENOW-BEACH-BLVD-18514165
20147,5Y4AN62Y4TA102712,YA102712,N,2026,Yamaha,Wolverine Rmax4 1000 Xt-R,,,,,,0,,,,BLK GRN,,0.0,25999.0,04/09/2026,No,"2026 Yamaha Wolverine Rmax4 1000 Xt-ROFF-ROAD GAMECHANGER WITH ROOM FOR FOURClass-leading ground clearance, class-leading suspension travel and more confidence for tackling rough, rocky terrain&#8212;the Wolverine RMAX4 1000 XT-R is here to raise the game in the Recreational Side-by-Side class.Features may include:POWERTRAINPotent 999cc DOHC eight-valve parallel-twin engine delivers thrilling power with legendary Yamaha reliability.The Yamaha Chip Controlled Throttle (YCC-T) optimizes power delivery for a variety of situations.Selectable D-Mode offers three power delivery settings: Sport Mode, Trail Mode and Crawl Mode.Yamaha&#39;s Ultramatic CVT system utilizes a centrifugal wet clutch and a constant-tension belt system for unmatched reliability.Yamaha&#39;s Continuously Variable Transmission is backed by the industry&#39;s only 10-year belt warranty.On-Command four-wheel drive system includes Turf Mode for unlocking rear differential to minimize turf damage.CHASSISFull size RMAX 1000 platform features a long wheelbase and lifted stance providing a roomy interior and class-leading ground clearance.Wheelbase is optimized to offer an enhanced feeling of contact to the ground in challenging terrain.Premium FOX&#174; 2.0 QS3 suspension provides maximum articulation at low speeds and maximum bottoming resistance at high speeds.Adjustable QS3 shocks can be easily switched without tools between three custom positions for varying conditions.FOX&#174; QS3 piggyback shocks deliver 14.2-inches of suspension travel up front and class-leading 16.9 inches of travel in the rear.A solid, durable frame is designed to provide superior off-road confidence.INTERIORLCD meter with ergonomic button design for easy information navigation.Yamaha Adventure Pro System provides connectivity via Bluetooth or USB utilizing an integrated seven-inch color display.Adventure Pro includes customizable screen, navigation compatibility, GPS mapping, phone/audio controls and more.High-quality automotive-inspired cockpit includes soft touchpoints, USB port and adjustable center-mount rearview mirror.Interior light package includes blue LED lighted switches, floor lights, console lighting along with a blue-backlit meter.Thick, soft knee pad material, smooth seat backs and premium grab handles add to the plush interior.ADDITIONAL FEATURESDistinctive RMAX XT-R styling includes painted bodywork, XT-R graphics and premium color-matched interior seats.For extra comfort, the factory-installed suntop is engineered to keep the sun and other elements off occupants.Advanced LED headlights provide a wide beam pattern to boost confidence in low-light conditions.Integrated LED taillight, brake light, marker lights and reverse light keep you visible on the trail and enhance vision when backing up.A factory-installed WARN&#174; VRX 45 winch comes standard.The Wolverine RMAX4 1000 XT-R is assembled in the USA to meet Yamaha&#39;s exacting standards for durability and reliability.",,,,,05/07/2026,,RideNow Beach Blvd,,,0,https://www.ridenowbeachblvd.com/New-Inventory-2026-Yamaha-Utility-Vehicle-Wolverine-Rmax4-1000-Xt-R-RIDENOW-BEACH-BLVD-18544861
20147,9C6CG53E8T0002699,YA002699,N,2026,Yamaha,TT-R,TTR230PC,Motorcycle / Scooter,Manual,230,,0,,Single-Cylinder 223,,BLUE,,4699.0,4699.0,05/22/2026,No,,,,,,05/23/2026,Off-Road,RideNow Beach Blvd,Single-Cylinder 223,,0,https://www.ridenowbeachblvd.com/New-Inventory-2026-Yamaha-Motorcycle-Scooter-TT-R230-RideNow-Beach-Blvd-FL-18761790
20147,JYA3AWE07TA201362,YA201362,N,2026,Yamaha,TW,TW200P1C,Motorcycle / Scooter,Manual,200,,0,,Single-Cylinder 196,,GRY,,0.0,4999.0,02/05/2026,No,"2026 Yamaha TW200THE DO-IT-ALL DUAL SPORTAdaptable and comfortable with fat tires, a low seat and a smooth ride makes it a practical do-it-all, dual purpose machine.Features may include:ENGINETorquey PowerplantThe strong-pulling 196cc air-cooled, four-stroke single delivers torquey low- and mid-range power that&#39;s perfectly suited for off-road exploring.Five-Speed TransmissionA smooth-shifting five-speed transmission with manual clutch puts usable power to the ground for maximum on- and off-road performance.Smooth, Counterbalanced EngineAn internal engine counterbalancer keeps vibrations down for greater all-day comfort.CHASSIS/SUSPENSIONPlush, Long-Travel SuspensionA 33mm telescopic front fork with 6.3 inches of travel soaks up the bumps for a plush ride.Terrain-Conquering TiresFat 130/80-18 front and 180/80-14 rear tires provide excellent traction, and control to make conquering all types of challenging terrain easy and fun.Lightweight SwingarmLightweight box section swingarm and single rear shock with 5.9 inches of travel enhance handling and overall comfort both on- and off-road.ADDITIONAL FEATURESComfortable SaddleLong, two-tone, motocross-style seat creates a balanced riding position for optimal rider movement and comfort.Protective FendersThe durable and wide front fender keeps water, mud and dirt off the rider.Passenger-ReadySpacious seat and passenger foot pegs provide two-up riding capability.",,http://images.auction123.com/5be812ce-fb36-4694-beac-43bea97b8d08/JYA3AWE07TA201362/01.jpg?web001lnw|http://images.auction123.com/5be812ce-fb36-4694-beac-43bea97b8d08/JYA3AWE07TA201362/02.jpg?web001lnw|http://images.auction123.com/5be812ce-fb36-4694-beac-43bea97b8d08/JYA3AWE07TA201362/03.jpg?web001lnw|http://images.auction123.com/5be812ce-fb36-4694-beac-43bea97b8d08/JYA3AWE07TA201362/04.jpg?web001lnw|http://images.auction123.com/5be812ce-fb36-4694-beac-43bea97b8d08/JYA3AWE07TA201362/05.jpg?web001lnw|http://images.auction123.com/5be812ce-fb36-4694-beac-43bea97b8d08/JYA3AWE07TA201362/06.jpg?web001lnw|http://images.auction123.com/5be812ce-fb36-4694-beac-43bea97b8d08/JYA3AWE07TA201362/07.jpg?web001lnw|http://images.auction123.com/5be812ce-fb36-4694-beac-43bea97b8d08/JYA3AWE07TA201362/08.jpg?web001lnw|http://images.auction123.com/5be812ce-fb36-4694-beac-43bea97b8d08/JYA3AWE07TA201362/09.jpg?web001lnw|http://images.auction123.com/5be812ce-fb36-4694-beac-43bea97b8d08/JYA3AWE07TA201362/10.jpg?web001lnw|http://images.auction123.com/5be812ce-fb36-4694-beac-43bea97b8d08/JYA3AWE07TA201362/11.jpg?web001lnw|http://images.auction123.com/5be812ce-fb36-4694-beac-43bea97b8d08/JYA3AWE07TA201362/12.jpg?web001lnw|http://images.auction123.com/5be812ce-fb36-4694-beac-43bea97b8d08/JYA3AWE07TA201362/13.jpg?web001lnw|http://images.auction123.com/5be812ce-fb36-4694-beac-43bea97b8d08/JYA3AWE07TA201362/14.jpg?web001lnw|http://images.auction123.com/5be812ce-fb36-4694-beac-43bea97b8d08/JYA3AWE07TA201362/15.jpg?web001lnw|http://images.auction123.com/5be812ce-fb36-4694-beac-43bea97b8d08/JYA3AWE07TA201362/16.jpg?web001lnw|http://images.auction123.com/5be812ce-fb36-4694-beac-43bea97b8d08/JYA3AWE07TA201362/17.jpg?web001lnw|http://images.auction123.com/5be812ce-fb36-4694-beac-43bea97b8d08/JYA3AWE07TA201362/18.jpg?web001lnw|http://images.auction123.com/5be812ce-fb36-4694-beac-43bea97b8d08/JYA3AWE07TA201362/19.jpg?web001lnw,,,02/11/2026,Off-Road,RideNow Beach Blvd,Single-Cylinder 196,,0,https://www.ridenowbeachblvd.com/New-Inventory-2026-Yamaha-Motorcycle-Scooter-TW200-Ridenow-Beach-Blvd-18286071
20147,JYACB11C2TA018872,YA018872,N,2026,Yamaha,YZ,YZ65N,Motorcycle / Scooter,Manual,65,,0,,Single-Cylinder 65,,BLU,,0.0,4499.0,11/15/2025,No,"2026 Yamaha YZ65MOTOCROSS DREAMS START HEREDesigned for the discriminating mini-moto racer with dreams of victory. The YZ65 is the perfect first step into the victory zone.Features may include:ENGINECompact 65cc two-stroke engine features the same race-winning technologies found in the YZ125 and YZ250 motocrossers.Patented Yamaha Power Valve System combines crisp bottom-end torque with potent mid-range and free-revving top-end.Tuned Hitachi Astemo&#174; Keihin PWK28 carburetor and reed-valve induction improves acceleration and throttle response.Digital CDI system delivers precise spark and monitors engine speed to ensure optimal timing for excellent response.Six-speed, close-ratio transmission optimizes gear ratios for maximum performance.Compact radiator delivers maximum cooling efficiency even in the toughest racing conditions.CHASSIS/SUSPENSIONA compact steel cradle frame offers light, neutral handling and excellent bump absorption in the roughest track sections.Lightweight, removable aluminum subframe is constructed of square-section tubing for reduced weight and convenient maintenance.A 36mm KYB&#174; coil spring fork offers excellent compliance with settings based on Yamaha&#39;s extensive testing experience.Adjustable linkless shock design is light and compact and works through a swingarm with YZ125-style chain adjusters.Dual wave-style brake rotors are lighter than conventional rotors while offering a full size YZ family look.Maxxis&#174; Maxxcross SI tires offer good grip across a variety of conditions, utilizing 60/100-14 front and 80/100-12 rear tire sizes.ADDITIONAL FEATURESAdjustable ergonomics include a four-position aluminum handlebar clamp, adjustable clutch and front brake levers.Long, flat seat design, smoothly integrated body panels and grippy foot pegs combine to aid rider movement.The YZ65 packs in the same aggressive styling as its larger YZ siblings, even down to the slick blue Excel&#174; wheels.",,http://images.auction123.com/5be812ce-fb36-4694-beac-43bea97b8d08/JYACB11C2TA018872/01.jpg?web001lnw|http://images.auction123.com/5be812ce-fb36-4694-beac-43bea97b8d08/JYACB11C2TA018872/02.jpg?web001lnw|http://images.auction123.com/5be812ce-fb36-4694-beac-43bea97b8d08/JYACB11C2TA018872/03.jpg?web001lnw|http://images.auction123.com/5be812ce-fb36-4694-beac-43bea97b8d08/JYACB11C2TA018872/04.jpg?web001lnw|http://images.auction123.com/5be812ce-fb36-4694-beac-43bea97b8d08/JYACB11C2TA018872/05.jpg?web001lnw|http://images.auction123.com/5be812ce-fb36-4694-beac-43bea97b8d08/JYACB11C2TA018872/06.jpg?web001lnw|http://images.auction123.com/5be812ce-fb36-4694-beac-43bea97b8d08/JYACB11C2TA018872/07.jpg?web001lnw|http://images.auction123.com/5be812ce-fb36-4694-beac-43bea97b8d08/JYACB11C2TA018872/08.jpg?web001lnw|http://images.auction123.com/5be812ce-fb36-4694-beac-43bea97b8d08/JYACB11C2TA018872/09.jpg?web001lnw|http://images.auction123.com/5be812ce-fb36-4694-beac-43bea97b8d08/JYACB11C2TA018872/10.jpg?web001lnw|http://images.auction123.com/5be812ce-fb36-4694-beac-43bea97b8d08/JYACB11C2TA018872/11.jpg?web001lnw|http://images.auction123.com/5be812ce-fb36-4694-beac-43bea97b8d08/JYACB11C2TA018872/12.jpg?web001lnw|http://images.auction123.com/5be812ce-fb36-4694-beac-43bea97b8d08/JYACB11C2TA018872/13.jpg?web001lnw|http://images.auction123.com/5be812ce-fb36-4694-beac-43bea97b8d08/JYACB11C2TA018872/14.jpg?web001lnw|http://images.auction123.com/5be812ce-fb36-4694-beac-43bea97b8d08/JYACB11C2TA018872/15.jpg?web001lnw|http://images.auction123.com/5be812ce-fb36-4694-beac-43bea97b8d08/JYACB11C2TA018872/16.jpg?web001lnw|http://images.auction123.com/5be812ce-fb36-4694-beac-43bea97b8d08/JYACB11C2TA018872/17.jpg?web001lnw|http://images.auction123.com/5be812ce-fb36-4694-beac-43bea97b8d08/JYACB11C2TA018872/18.jpg?web001lnw|http://images.auction123.com/5be812ce-fb36-4694-beac-43bea97b8d08/JYACB11C2TA018872/19.jpg?web001lnw|http://images.auction123.com/5be812ce-fb36-4694-beac-43bea97b8d08/JYACB11C2TA018872/20.jpg?web001lnw,,,11/19/2025,Off-Road,RideNow Beach Blvd,Single-Cylinder 65,,0,https://www.ridenowbeachblvd.com/New-Inventory-2026-Yamaha-Motorcycle-Scooter-YZ65-RideNow-Beach-Blvd-FL-17994830
20147,JYACE25E3TA015410,YA015410,N,2026,Yamaha,TT-R,TTR110EPC,Motorcycle / Scooter,Manual / Automatic Clutch,110E,,0,,Single-Cylinder 110,,BLU,,0.0,2449.0,02/05/2026,No,"2026 Yamaha TT-R110ESMALL PACKAGE. BIG FUN.The bike that produces big fun for both young and older riders and everyone in between. The versatile TT-R110E is a bike for the whole family.Features may include:ENGINETorque-Rich EnginePowerful 110cc air-cooled SOHC four-stroke engine is tuned for off-road performance in a wide range of trail conditions.Compact Cylinder DesignCompact hemispherical combustion chamber with 9.3:1 compression produces max torque at 4,000 rpm and max horsepower at 7,500 rpm.Auto-Clutch ConvenienceFour-speed gearbox with automatic clutch has the right gear for wherever you ride.Electric StarterConvenient push-button electric start feature for effortless engine startup with a backup kick starter.Digital IgnitionCDI ignition system is ultra-reliable and never needs maintenance.CHASSIS/SUSPENSIONRobust, Compact FrameSteel backbone frame ties steering head and swingarm pivot together via a straight line, with the engine mounted at three places for optimum strength and high ground clearance.Well-Damped Front ForkThe 31mm fork with high-tech internals including a damper valve with oil lock provide excellent damping, great bottoming resistance and 4.5 inches of smooth travel.Advanced Rear SuspensionMonocross&#174; rear suspension and gusseted steel swingarm provide excellent rear wheel control through 4.3 inches of travel.Stylish Aluminum Top ClampDie-cast aluminum top triple clamp provides light, precise handling and looks great too.Trail-Ready DimensionsThe 26.4-inch seat height and 7.1 inches of ground clearance inspire confident performance on rugged trails.ADDITIONAL FEATURESLow Seat HeightThe long, YZ-style gripper seat is low and comfortable and allows for easy rider movement.Racing StyleTeam Yamaha-inspired colors and graphics with front and side number plates create competition motocross styling similar to its YZ siblings.Grippy Foot PegsLarge folding, cleated foot pegs provide excellent footing, even in wet or muddy conditions.Standard SecurityKey-type ignition switch deters unauthorized riding.",,http://images.auction123.com/5be812ce-fb36-4694-beac-43bea97b8d08/JYACE25E3TA015410/01.jpg?web001lnw|http://images.auction123.com/5be812ce-fb36-4694-beac-43bea97b8d08/JYACE25E3TA015410/02.jpg?web001lnw|http://images.auction123.com/5be812ce-fb36-4694-beac-43bea97b8d08/JYACE25E3TA015410/03.jpg?web001lnw|http://images.auction123.com/5be812ce-fb36-4694-beac-43bea97b8d08/JYACE25E3TA015410/04.jpg?web001lnw|http://images.auction123.com/5be812ce-fb36-4694-beac-43bea97b8d08/JYACE25E3TA015410/05.jpg?web001lnw|http://images.auction123.com/5be812ce-fb36-4694-beac-43bea97b8d08/JYACE25E3TA015410/06.jpg?web001lnw|http://images.auction123.com/5be812ce-fb36-4694-beac-43bea97b8d08/JYACE25E3TA015410/07.jpg?web001lnw|http://images.auction123.com/5be812ce-fb36-4694-beac-43bea97b8d08/JYACE25E3TA015410/08.jpg?web001lnw|http://images.auction123.com/5be812ce-fb36-4694-beac-43bea97b8d08/JYACE25E3TA015410/09.jpg?web001lnw|http://images.auction123.com/5be812ce-fb36-4694-beac-43bea97b8d08/JYACE25E3TA015410/10.jpg?web001lnw|http://images.auction123.com/5be812ce-fb36-4694-beac-43bea97b8d08/JYACE25E3TA015410/11.jpg?web001lnw|http://images.auction123.com/5be812ce-fb36-4694-beac-43bea97b8d08/JYACE25E3TA015410/12.jpg?web001lnw|http://images.auction123.com/5be812ce-fb36-4694-beac-43bea97b8d08/JYACE25E3TA015410/13.jpg?web001lnw|http://images.auction123.com/5be812ce-fb36-4694-beac-43bea97b8d08/JYACE25E3TA015410/14.jpg?web001lnw|http://images.auction123.com/5be812ce-fb36-4694-beac-43bea97b8d08/JYACE25E3TA015410/15.jpg?web001lnw|http://images.auction123.com/5be812ce-fb36-4694-beac-43bea97b8d08/JYACE25E3TA015410/16.jpg?web001lnw|http://images.auction123.com/5be812ce-fb36-4694-beac-43bea97b8d08/JYACE25E3TA015410/17.jpg?web001lnw|http://images.auction123.com/5be812ce-fb36-4694-beac-43bea97b8d08/JYACE25E3TA015410/18.jpg?web001lnw|http://images.auction123.com/5be812ce-fb36-4694-beac-43bea97b8d08/JYACE25E3TA015410/19.jpg?web001lnw,,,02/11/2026,Off-Road,RideNow Beach Blvd,Single-Cylinder 110,,0,https://www.ridenowbeachblvd.com/New-Inventory-2026-Yamaha-Motorcycle-Scooter-TT-R110E-Ridenow-Beach-Blvd-18286076
20147,JYACE25E3TA015553,YA015553,N,2026,Yamaha,TT-R,TTR110EPC,Motorcycle / Scooter,Manual / Automatic Clutch,110E,,0,,Single-Cylinder 110,,BLU,,2449.0,2449.0,03/12/2026,No,"2026 Yamaha TT-R110ESMALL PACKAGE. BIG FUN.The bike that produces big fun for both young and older riders and everyone in between. The versatile TT-R110E is a bike for the whole family.Features may include:ENGINETorque-Rich EnginePowerful 110cc air-cooled SOHC four-stroke engine is tuned for off-road performance in a wide range of trail conditions.Compact Cylinder DesignCompact hemispherical combustion chamber with 9.3:1 compression produces max torque at 4,000 rpm and max horsepower at 7,500 rpm.Auto-Clutch ConvenienceFour-speed gearbox with automatic clutch has the right gear for wherever you ride.Electric StarterConvenient push-button electric start feature for effortless engine startup with a backup kick starter.Digital IgnitionCDI ignition system is ultra-reliable and never needs maintenance.CHASSIS/SUSPENSIONRobust, Compact FrameSteel backbone frame ties steering head and swingarm pivot together via a straight line, with the engine mounted at three places for optimum strength and high ground clearance.Well-Damped Front ForkThe 31mm fork with high-tech internals including a damper valve with oil lock provide excellent damping, great bottoming resistance and 4.5 inches of smooth travel.Advanced Rear SuspensionMonocross&#174; rear suspension and gusseted steel swingarm provide excellent rear wheel control through 4.3 inches of travel.Stylish Aluminum Top ClampDie-cast aluminum top triple clamp provides light, precise handling and looks great too.Trail-Ready DimensionsThe 26.4-inch seat height and 7.1 inches of ground clearance inspire confident performance on rugged trails.ADDITIONAL FEATURESLow Seat HeightThe long, YZ-style gripper seat is low and comfortable and allows for easy rider movement.Racing StyleTeam Yamaha-inspired colors and graphics with front and side number plates create competition motocross styling similar to its YZ siblings.Grippy Foot PegsLarge folding, cleated foot pegs provide excellent footing, even in wet or muddy conditions.Standard SecurityKey-type ignition switch deters unauthorized riding.",,http://images.auction123.com/5be812ce-fb36-4694-beac-43bea97b8d08/JYACE25E3TA015553/01.jpg?web001lnw|http://images.auction123.com/5be812ce-fb36-4694-beac-43bea97b8d08/JYACE25E3TA015553/02.jpg?web001lnw|http://images.auction123.com/5be812ce-fb36-4694-beac-43bea97b8d08/JYACE25E3TA015553/03.jpg?web001lnw|http://images.auction123.com/5be812ce-fb36-4694-beac-43bea97b8d08/JYACE25E3TA015553/04.jpg?web001lnw|http://images.auction123.com/5be812ce-fb36-4694-beac-43bea97b8d08/JYACE25E3TA015553/05.jpg?web001lnw|http://images.auction123.com/5be812ce-fb36-4694-beac-43bea97b8d08/JYACE25E3TA015553/06.jpg?web001lnw|http://images.auction123.com/5be812ce-fb36-4694-beac-43bea97b8d08/JYACE25E3TA015553/07.jpg?web001lnw|http://images.auction123.com/5be812ce-fb36-4694-beac-43bea97b8d08/JYACE25E3TA015553/08.jpg?web001lnw|http://images.auction123.com/5be812ce-fb36-4694-beac-43bea97b8d08/JYACE25E3TA015553/09.jpg?web001lnw|http://images.auction123.com/5be812ce-fb36-4694-beac-43bea97b8d08/JYACE25E3TA015553/10.jpg?web001lnw|http://images.auction123.com/5be812ce-fb36-4694-beac-43bea97b8d08/JYACE25E3TA015553/11.jpg?web001lnw|http://images.auction123.com/5be812ce-fb36-4694-beac-43bea97b8d08/JYACE25E3TA015553/12.jpg?web001lnw|http://images.auction123.com/5be812ce-fb36-4694-beac-43bea97b8d08/JYACE25E3TA015553/13.jpg?web001lnw|http://images.auction123.com/5be812ce-fb36-4694-beac-43bea97b8d08/JYACE25E3TA015553/14.jpg?web001lnw|http://images.auction123.com/5be812ce-fb36-4694-beac-43bea97b8d08/JYACE25E3TA015553/15.jpg?web001lnw|http://images.auction123.com/5be812ce-fb36-4694-beac-43bea97b8d08/JYACE25E3TA015553/16.jpg?web001lnw|http://images.auction123.com/5be812ce-fb36-4694-beac-43bea97b8d08/JYACE25E3TA015553/17.jpg?web001lnw|http://images.auction123.com/5be812ce-fb36-4694-beac-43bea97b8d08/JYACE25E3TA015553/18.jpg?web001lnw|http://images.auction123.com/5be812ce-fb36-4694-beac-43bea97b8d08/JYACE25E3TA015553/19.jpg?web001lnw,,,04/03/2026,Off-Road,RideNow Beach Blvd,Single-Cylinder 110,,0,https://www.ridenowbeachblvd.com/New-Inventory-2026-Yamaha-Motorcycle-Scooter-TT-R110E-RIDENOW-BEACH-BLVD-18415501
20147,JYACE25E5TA015411,YA015411,N,2026,Yamaha,TT-R,TTR110EPC,Motorcycle / Scooter,Manual / Automatic Clutch,110E,,0,,Single-Cylinder 110,,BLU,,0.0,2499.0,02/05/2026,No,"2026 Yamaha TT-R110ESMALL PACKAGE. BIG FUN.The bike that produces big fun for both young and older riders and everyone in between. The versatile TT-R110E is a bike for the whole family.Features may include:ENGINETorque-Rich EnginePowerful 110cc air-cooled SOHC four-stroke engine is tuned for off-road performance in a wide range of trail conditions.Compact Cylinder DesignCompact hemispherical combustion chamber with 9.3:1 compression produces max torque at 4,000 rpm and max horsepower at 7,500 rpm.Auto-Clutch ConvenienceFour-speed gearbox with automatic clutch has the right gear for wherever you ride.Electric StarterConvenient push-button electric start feature for effortless engine startup with a backup kick starter.Digital IgnitionCDI ignition system is ultra-reliable and never needs maintenance.CHASSIS/SUSPENSIONRobust, Compact FrameSteel backbone frame ties steering head and swingarm pivot together via a straight line, with the engine mounted at three places for optimum strength and high ground clearance.Well-Damped Front ForkThe 31mm fork with high-tech internals including a damper valve with oil lock provide excellent damping, great bottoming resistance and 4.5 inches of smooth travel.Advanced Rear SuspensionMonocross&#174; rear suspension and gusseted steel swingarm provide excellent rear wheel control through 4.3 inches of travel.Stylish Aluminum Top ClampDie-cast aluminum top triple clamp provides light, precise handling and looks great too.Trail-Ready DimensionsThe 26.4-inch seat height and 7.1 inches of ground clearance inspire confident performance on rugged trails.ADDITIONAL FEATURESLow Seat HeightThe long, YZ-style gripper seat is low and comfortable and allows for easy rider movement.Racing StyleTeam Yamaha-inspired colors and graphics with front and side number plates create competition motocross styling similar to its YZ siblings.Grippy Foot PegsLarge folding, cleated foot pegs provide excellent footing, even in wet or muddy conditions.Standard SecurityKey-type ignition switch deters unauthorized riding.",,http://images.auction123.com/5be812ce-fb36-4694-beac-43bea97b8d08/JYACE25E5TA015411/01.jpg?web001lnw|http://images.auction123.com/5be812ce-fb36-4694-beac-43bea97b8d08/JYACE25E5TA015411/02.jpg?web001lnw|http://images.auction123.com/5be812ce-fb36-4694-beac-43bea97b8d08/JYACE25E5TA015411/03.jpg?web001lnw|http://images.auction123.com/5be812ce-fb36-4694-beac-43bea97b8d08/JYACE25E5TA015411/04.jpg?web001lnw|http://images.auction123.com/5be812ce-fb36-4694-beac-43bea97b8d08/JYACE25E5TA015411/05.jpg?web001lnw|http://images.auction123.com/5be812ce-fb36-4694-beac-43bea97b8d08/JYACE25E5TA015411/06.jpg?web001lnw|http://images.auction123.com/5be812ce-fb36-4694-beac-43bea97b8d08/JYACE25E5TA015411/07.jpg?web001lnw|http://images.auction123.com/5be812ce-fb36-4694-beac-43bea97b8d08/JYACE25E5TA015411/08.jpg?web001lnw|http://images.auction123.com/5be812ce-fb36-4694-beac-43bea97b8d08/JYACE25E5TA015411/09.jpg?web001lnw|http://images.auction123.com/5be812ce-fb36-4694-beac-43bea97b8d08/JYACE25E5TA015411/10.jpg?web001lnw|http://images.auction123.com/5be812ce-fb36-4694-beac-43bea97b8d08/JYACE25E5TA015411/11.jpg?web001lnw|http://images.auction123.com/5be812ce-fb36-4694-beac-43bea97b8d08/JYACE25E5TA015411/12.jpg?web001lnw|http://images.auction123.com/5be812ce-fb36-4694-beac-43bea97b8d08/JYACE25E5TA015411/13.jpg?web001lnw|http://images.auction123.com/5be812ce-fb36-4694-beac-43bea97b8d08/JYACE25E5TA015411/14.jpg?web001lnw|http://images.auction123.com/5be812ce-fb36-4694-beac-43bea97b8d08/JYACE25E5TA015411/15.jpg?web001lnw|http://images.auction123.com/5be812ce-fb36-4694-beac-43bea97b8d08/JYACE25E5TA015411/16.jpg?web001lnw|http://images.auction123.com/5be812ce-fb36-4694-beac-43bea97b8d08/JYACE25E5TA015411/17.jpg?web001lnw|http://images.auction123.com/5be812ce-fb36-4694-beac-43bea97b8d08/JYACE25E5TA015411/18.jpg?web001lnw|http://images.auction123.com/5be812ce-fb36-4694-beac-43bea97b8d08/JYACE25E5TA015411/19.jpg?web001lnw,,,02/11/2026,Off-Road,RideNow Beach Blvd,Single-Cylinder 110,,0,https://www.ridenowbeachblvd.com/New-Inventory-2026-Yamaha-Motorcycle-Scooter-TT-R110E-Ridenow-Beach-Blvd-18286082
20147,JYACE25E6TA014199,YA014199,N,2026,Yamaha,TT-R,TTR110EPC,Motorcycle / Scooter,Manual / Automatic Clutch,110E,,0,,Single-Cylinder 110,,BLU,,0.0,2449.0,11/11/2025,No,"2026 Yamaha TT-R110ESMALL PACKAGE. BIG FUN.The bike that produces big fun for both young and older riders and everyone in between. The versatile TT-R110E is a bike for the whole family.Features may include:ENGINETorque-Rich EnginePowerful 110cc air-cooled SOHC four-stroke engine is tuned for off-road performance in a wide range of trail conditions.Compact Cylinder DesignCompact hemispherical combustion chamber with 9.3:1 compression produces max torque at 4,000 rpm and max horsepower at 7,500 rpm.Auto-Clutch ConvenienceFour-speed gearbox with automatic clutch has the right gear for wherever you ride.Electric StarterConvenient push-button electric start feature for effortless engine startup with a backup kick starter.Digital IgnitionCDI ignition system is ultra-reliable and never needs maintenance.CHASSIS/SUSPENSIONRobust, Compact FrameSteel backbone frame ties steering head and swingarm pivot together via a straight line, with the engine mounted at three places for optimum strength and high ground clearance.Well-Damped Front ForkThe 31mm fork with high-tech internals including a damper valve with oil lock provide excellent damping, great bottoming resistance and 4.5 inches of smooth travel.Advanced Rear SuspensionMonocross&#174; rear suspension and gusseted steel swingarm provide excellent rear wheel control through 4.3 inches of travel.Stylish Aluminum Top ClampDie-cast aluminum top triple clamp provides light, precise handling and looks great too.Trail-Ready DimensionsThe 26.4-inch seat height and 7.1 inches of ground clearance inspire confident performance on rugged trails.ADDITIONAL FEATURESLow Seat HeightThe long, YZ-style gripper seat is low and comfortable and allows for easy rider movement.Racing StyleTeam Yamaha-inspired colors and graphics with front and side number plates create competition motocross styling similar to its YZ siblings.Grippy Foot PegsLarge folding, cleated foot pegs provide excellent footing, even in wet or muddy conditions.Standard SecurityKey-type ignition switch deters unauthorized riding.",,http://images.auction123.com/5be812ce-fb36-4694-beac-43bea97b8d08/JYACE25E6TA014199/01.jpg?web001lnw|http://images.auction123.com/5be812ce-fb36-4694-beac-43bea97b8d08/JYACE25E6TA014199/02.jpg?web001lnw|http://images.auction123.com/5be812ce-fb36-4694-beac-43bea97b8d08/JYACE25E6TA014199/03.jpg?web001lnw|http://images.auction123.com/5be812ce-fb36-4694-beac-43bea97b8d08/JYACE25E6TA014199/04.jpg?web001lnw|http://images.auction123.com/5be812ce-fb36-4694-beac-43bea97b8d08/JYACE25E6TA014199/05.jpg?web001lnw|http://images.auction123.com/5be812ce-fb36-4694-beac-43bea97b8d08/JYACE25E6TA014199/06.jpg?web001lnw|http://images.auction123.com/5be812ce-fb36-4694-beac-43bea97b8d08/JYACE25E6TA014199/07.jpg?web001lnw|http://images.auction123.com/5be812ce-fb36-4694-beac-43bea97b8d08/JYACE25E6TA014199/08.jpg?web001lnw|http://images.auction123.com/5be812ce-fb36-4694-beac-43bea97b8d08/JYACE25E6TA014199/09.jpg?web001lnw|http://images.auction123.com/5be812ce-fb36-4694-beac-43bea97b8d08/JYACE25E6TA014199/10.jpg?web001lnw|http://images.auction123.com/5be812ce-fb36-4694-beac-43bea97b8d08/JYACE25E6TA014199/11.jpg?web001lnw|http://images.auction123.com/5be812ce-fb36-4694-beac-43bea97b8d08/JYACE25E6TA014199/12.jpg?web001lnw|http://images.auction123.com/5be812ce-fb36-4694-beac-43bea97b8d08/JYACE25E6TA014199/13.jpg?web001lnw|http://images.auction123.com/5be812ce-fb36-4694-beac-43bea97b8d08/JYACE25E6TA014199/14.jpg?web001lnw|http://images.auction123.com/5be812ce-fb36-4694-beac-43bea97b8d08/JYACE25E6TA014199/15.jpg?web001lnw|http://images.auction123.com/5be812ce-fb36-4694-beac-43bea97b8d08/JYACE25E6TA014199/16.jpg?web001lnw|http://images.auction123.com/5be812ce-fb36-4694-beac-43bea97b8d08/JYACE25E6TA014199/17.jpg?web001lnw|http://images.auction123.com/5be812ce-fb36-4694-beac-43bea97b8d08/JYACE25E6TA014199/18.jpg?web001lnw|http://images.auction123.com/5be812ce-fb36-4694-beac-43bea97b8d08/JYACE25E6TA014199/19.jpg?web001lnw,,,11/14/2025,Off-Road,RideNow Beach Blvd,Single-Cylinder 110,,0,https://www.ridenowbeachblvd.com/New-Inventory-2026-Yamaha-Motorcycle-Scooter-TT-R110E-RideNow-Beach-Blvd-FL-17977885
20147,JYACE25EXTA015551,YA015551,N,2026,Yamaha,TT-R,TTR110EPC,Motorcycle / Scooter,Manual / Automatic Clutch,110E,,0,,Single-Cylinder 110,,BLU,,2449.0,2449.0,03/12/2026,No,"2026 Yamaha TT-R110ESMALL PACKAGE. BIG FUN.The bike that produces big fun for both young and older riders and everyone in between. The versatile TT-R110E is a bike for the whole family.Features may include:ENGINETorque-Rich EnginePowerful 110cc air-cooled SOHC four-stroke engine is tuned for off-road performance in a wide range of trail conditions.Compact Cylinder DesignCompact hemispherical combustion chamber with 9.3:1 compression produces max torque at 4,000 rpm and max horsepower at 7,500 rpm.Auto-Clutch ConvenienceFour-speed gearbox with automatic clutch has the right gear for wherever you ride.Electric StarterConvenient push-button electric start feature for effortless engine startup with a backup kick starter.Digital IgnitionCDI ignition system is ultra-reliable and never needs maintenance.CHASSIS/SUSPENSIONRobust, Compact FrameSteel backbone frame ties steering head and swingarm pivot together via a straight line, with the engine mounted at three places for optimum strength and high ground clearance.Well-Damped Front ForkThe 31mm fork with high-tech internals including a damper valve with oil lock provide excellent damping, great bottoming resistance and 4.5 inches of smooth travel.Advanced Rear SuspensionMonocross&#174; rear suspension and gusseted steel swingarm provide excellent rear wheel control through 4.3 inches of travel.Stylish Aluminum Top ClampDie-cast aluminum top triple clamp provides light, precise handling and looks great too.Trail-Ready DimensionsThe 26.4-inch seat height and 7.1 inches of ground clearance inspire confident performance on rugged trails.ADDITIONAL FEATURESLow Seat HeightThe long, YZ-style gripper seat is low and comfortable and allows for easy rider movement.Racing StyleTeam Yamaha-inspired colors and graphics with front and side number plates create competition motocross styling similar to its YZ siblings.Grippy Foot PegsLarge folding, cleated foot pegs provide excellent footing, even in wet or muddy conditions.Standard SecurityKey-type ignition switch deters unauthorized riding.",,http://images.auction123.com/5be812ce-fb36-4694-beac-43bea97b8d08/JYACE25EXTA015551/01.jpg?web001lnw|http://images.auction123.com/5be812ce-fb36-4694-beac-43bea97b8d08/JYACE25EXTA015551/02.jpg?web001lnw|http://images.auction123.com/5be812ce-fb36-4694-beac-43bea97b8d08/JYACE25EXTA015551/03.jpg?web001lnw|http://images.auction123.com/5be812ce-fb36-4694-beac-43bea97b8d08/JYACE25EXTA015551/04.jpg?web001lnw|http://images.auction123.com/5be812ce-fb36-4694-beac-43bea97b8d08/JYACE25EXTA015551/05.jpg?web001lnw|http://images.auction123.com/5be812ce-fb36-4694-beac-43bea97b8d08/JYACE25EXTA015551/06.jpg?web001lnw|http://images.auction123.com/5be812ce-fb36-4694-beac-43bea97b8d08/JYACE25EXTA015551/07.jpg?web001lnw|http://images.auction123.com/5be812ce-fb36-4694-beac-43bea97b8d08/JYACE25EXTA015551/08.jpg?web001lnw|http://images.auction123.com/5be812ce-fb36-4694-beac-43bea97b8d08/JYACE25EXTA015551/09.jpg?web001lnw|http://images.auction123.com/5be812ce-fb36-4694-beac-43bea97b8d08/JYACE25EXTA015551/10.jpg?web001lnw|http://images.auction123.com/5be812ce-fb36-4694-beac-43bea97b8d08/JYACE25EXTA015551/11.jpg?web001lnw|http://images.auction123.com/5be812ce-fb36-4694-beac-43bea97b8d08/JYACE25EXTA015551/12.jpg?web001lnw|http://images.auction123.com/5be812ce-fb36-4694-beac-43bea97b8d08/JYACE25EXTA015551/13.jpg?web001lnw|http://images.auction123.com/5be812ce-fb36-4694-beac-43bea97b8d08/JYACE25EXTA015551/14.jpg?web001lnw|http://images.auction123.com/5be812ce-fb36-4694-beac-43bea97b8d08/JYACE25EXTA015551/15.jpg?web001lnw|http://images.auction123.com/5be812ce-fb36-4694-beac-43bea97b8d08/JYACE25EXTA015551/16.jpg?web001lnw|http://images.auction123.com/5be812ce-fb36-4694-beac-43bea97b8d08/JYACE25EXTA015551/17.jpg?web001lnw|http://images.auction123.com/5be812ce-fb36-4694-beac-43bea97b8d08/JYACE25EXTA015551/18.jpg?web001lnw|http://images.auction123.com/5be812ce-fb36-4694-beac-43bea97b8d08/JYACE25EXTA015551/19.jpg?web001lnw,,,04/03/2026,Off-Road,RideNow Beach Blvd,Single-Cylinder 110,,0,https://www.ridenowbeachblvd.com/New-Inventory-2026-Yamaha-Motorcycle-Scooter-TT-R110E-RIDENOW-BEACH-BLVD-18415504
20147,JYACG44C5TA016760,YA016760,N,2026,Yamaha,YZ,,Motorcycle / Scooter,Manual,250 70th Anniversary Edition,,0,,Single-Cylinder 249,,RED,,8299.0,8299.0,04/03/2026,No,"2026 Yamaha YZ250 70th Anniversary EditionTWO-STROKE ICONAn advanced two-stroke with iconic style, the YZ250 70th Anniversary Edition brings thrilling power, a featherweight chassis and standout looks to dominate the competition.Features may include:ENGINEPatented Yamaha Power Valve System (YPVS) combines crisp bottom-end acceleration with strong mid-range and top-end.Advanced 38mm Hitachi Astemo&#174; Keihin PWK38S carburetor provides precise fuel/air mixing and crisp throttle response.Special-design carbon fiber reed-valve petals improve the throttle response and engine performance across the entire rpm range.Digital CDI system delivers precise spark for faster, stronger response anywhere in the rev range.Smooth-shifting, close-ratio five-speed transmission with a heavy-duty, multiplate clutch ensures confident gear changes.High-capacity radiator with dark louvers deliver maximum cooling efficiency and an aggressive look.The 249cc liquid-cooled reed-valve-inducted two-stroke engine is lightweight, compact and fun with a wide, hard-hitting powerband.CHASSIS/SUSPENSIONRemovable aluminum rear subframe is constructed of square-section tubing for reduced weight.Premium Dunlop&#174; Geomax MX33 tires offer race-developed performance on a wide range of terrain.Lightweight 21-inch front and 19-inch rear Excel&#174; rims provide exceptional durability and a premium look.High performance brakes feature a 270mm front and 240mm rear rotor for superb braking power and feel.Fully adjustable KYB&#174; shock offers exceptional rear wheel control and ride performance along with 12.4 inches of travel.Fully adjustable Speed Sensitive KYB&#174; 48mm forks offer precise handling, superb bump absorption and 11.8 inches of travel.A carefully engineered, advanced aluminum frame and swingarm give the YZ250 the best handling in the 250cc class.ADDITIONAL FEATURESIconic white and red 70th Anniversary Edition livery combines with the YZ250&#39;s aggressive bodywork for a stunning look.Carefully considered ergonomic design includes a flat seat and slim, integrated body panels for greater freedom of movement.Competition-ready features include two-position adjustable handlebar, wide foot pegs, and works-style clutch cable adjuster.",,http://images.auction123.com/5be812ce-fb36-4694-beac-43bea97b8d08/JYACG44C5TA016760/01.jpg?web001lnw|http://images.auction123.com/5be812ce-fb36-4694-beac-43bea97b8d08/JYACG44C5TA016760/02.jpg?web001lnw|http://images.auction123.com/5be812ce-fb36-4694-beac-43bea97b8d08/JYACG44C5TA016760/03.jpg?web001lnw|http://images.auction123.com/5be812ce-fb36-4694-beac-43bea97b8d08/JYACG44C5TA016760/04.jpg?web001lnw|http://images.auction123.com/5be812ce-fb36-4694-beac-43bea97b8d08/JYACG44C5TA016760/05.jpg?web001lnw|http://images.auction123.com/5be812ce-fb36-4694-beac-43bea97b8d08/JYACG44C5TA016760/06.jpg?web001lnw|http://images.auction123.com/5be812ce-fb36-4694-beac-43bea97b8d08/JYACG44C5TA016760/07.jpg?web001lnw|http://images.auction123.com/5be812ce-fb36-4694-beac-43bea97b8d08/JYACG44C5TA016760/08.jpg?web001lnw|http://images.auction123.com/5be812ce-fb36-4694-beac-43bea97b8d08/JYACG44C5TA016760/09.jpg?web001lnw|http://images.auction123.com/5be812ce-fb36-4694-beac-43bea97b8d08/JYACG44C5TA016760/10.jpg?web001lnw|http://images.auction123.com/5be812ce-fb36-4694-beac-43bea97b8d08/JYACG44C5TA016760/11.jpg?web001lnw|http://images.auction123.com/5be812ce-fb36-4694-beac-43bea97b8d08/JYACG44C5TA016760/12.jpg?web001lnw|http://images.auction123.com/5be812ce-fb36-4694-beac-43bea97b8d08/JYACG44C5TA016760/13.jpg?web001lnw|http://images.auction123.com/5be812ce-fb36-4694-beac-43bea97b8d08/JYACG44C5TA016760/14.jpg?web001lnw,,,05/08/2026,Off-Road,RideNow Beach Blvd,Single-Cylinder 249,,0,https://www.ridenowbeachblvd.com/New-Inventory-2026-Yamaha-Motorcycle-Scooter-YZ250-70th-Anniversary-Edition-RIDENOW-BEACH-BLVD-18526239
20147,JYACG44C9TA016258,YA016258,N,2026,Yamaha,YZ,,Motorcycle / Scooter,Manual,250 70th Anniversary Edition,,0,,Single-Cylinder 249,,WHT / RED,,8299.0,8299.0,05/13/2026,No,,,,,,05/13/2026,Off-Road,RideNow Beach Blvd,Single-Cylinder 249,,0,https://www.ridenowbeachblvd.com/New-Inventory-2026-Yamaha-Motorcycle-Scooter-YZ250-70th-Anniversary-Edition-RideNow-Beach-Blvd-FL-18718830
20147,JYACG50C2TA007302,YA007302,N,2026,Yamaha,YZ,YZ250XN,Motorcycle / Scooter,Manual,250 X,,0,,Single-Cylinder 249,,BLU,,0.0,8199.0,12/24/2025,No,"2026 Yamaha YZ250XTWO-STROKE HEART, ENDURO SOULFeaturing a powerful 250cc two-stroke engine and renowned high-performance chassis, the YZ250X was born to win cross country races.Features may include:ENGINEExhilarating Two-Stroke PowerThe 249cc liquid-cooled reed-valve-inducted two-stroke engine is lightweight, compact and fun, with an incredibly wide, hard-hitting powerband.Tuned for GNCC&#174; CompetitionThe YZ250X utilizes a revised compression ratio, revised YPVS&#8482; timing and a model-specific digital CDI unit compared to its motocross sibling&quot;&#8221;all focused on creating a broad, usable power delivery specifically suited to cross country and enduro-style competition.Efficient Air Intake DesignIntake design allows for a straighter, more efficient draw of air into the intake tract.Advanced CarburetorAdvanced 38mm Hitachi Astemo&#174; Keihin PWK38S carburetor with power jet and throttle position sensor provides precise fuel/air mixing and extra-crisp throttle response.Narrow Exhaust PipeUnique compact exhaust expansion chamber is designed especially for the YZ250X to improve both horizontal and vertical clearance on tight, technical courses while still providing excellent exhaust efficiency.CHASSIS/SUSPENSIONYZ250-Based FrameUltra-lightweight YZ250-spec frame features carefully engineered combination of aluminum castings, forgings and extrusions for the perfect balance of rigidity and flex. Removable aluminum rear subframe is constructed of square-section tubing for reduced weight.Industry-Leading KYB&#174; ForkThe fully adjustable KYB&#174; 48mm forks feature the Speed-Sensitive System which uses piston speed to control the damping force for super-precise handling, superb bump absorption and 11.8 inches of suspension travel. Additionally, a scraper between the dust and oil seal improves reliability in cross country conditions. New for 2025, the fork now includes a hand-adjustable knob for quick, toolless compression adjustments.Advanced KYB&#174; ShockFully adjustable KYB&#174; shock features reduced-friction Kashima Coat&#8482; internals, 12.4 inches of travel, separate adjusters for high- and low-speed compression damping, and a full lock oil rebound system for increased comfort. It all adds up to fantastic rear wheel control and a sweet ride.High Performance Brake SystemA high performance, lightweight braking system features large front pistons, rigid calipers, and 270mm front rotor and 240mm rear rotor, all combining to provide exceptional braking power and feel along with reduced unsprung weight.Premium Excel&#174; Wheels & Dunlop&#174; TiresSlick blue Excel&#174; rims provide exceptional durability and a premium look. They come wrapped in high performance Dunlop&#174; Geomax MX33 tires for improved cornering traction, stability and feel.ADDITIONAL FEATURESCross Country ErgonomicsA racy &quot;gripper&quot;-type seat and narrow fuel tank combined with a tapered aluminum handlebar and adjustable mounts create greater freedom of movement and more comfortable ergonomics for riders.Cross Country FeaturesThe YZ250X is focused on cross country competition with an 18-inch rear wheel, wide-ratio gearing, standard side stand, sealed O-ring chain, reserve fuel petcock and a new water-resistant PVC handle bar pad, all adding up to exceptional cross country performance.",,http://images.auction123.com/5be812ce-fb36-4694-beac-43bea97b8d08/JYACG50C2TA007302/01.jpg?web001lnw|http://images.auction123.com/5be812ce-fb36-4694-beac-43bea97b8d08/JYACG50C2TA007302/02.jpg?web001lnw|http://images.auction123.com/5be812ce-fb36-4694-beac-43bea97b8d08/JYACG50C2TA007302/03.jpg?web001lnw|http://images.auction123.com/5be812ce-fb36-4694-beac-43bea97b8d08/JYACG50C2TA007302/04.jpg?web001lnw|http://images.auction123.com/5be812ce-fb36-4694-beac-43bea97b8d08/JYACG50C2TA007302/05.jpg?web001lnw|http://images.auction123.com/5be812ce-fb36-4694-beac-43bea97b8d08/JYACG50C2TA007302/06.jpg?web001lnw|http://images.auction123.com/5be812ce-fb36-4694-beac-43bea97b8d08/JYACG50C2TA007302/07.jpg?web001lnw|http://images.auction123.com/5be812ce-fb36-4694-beac-43bea97b8d08/JYACG50C2TA007302/08.jpg?web001lnw|http://images.auction123.com/5be812ce-fb36-4694-beac-43bea97b8d08/JYACG50C2TA007302/09.jpg?web001lnw|http://images.auction123.com/5be812ce-fb36-4694-beac-43bea97b8d08/JYACG50C2TA007302/10.jpg?web001lnw|http://images.auction123.com/5be812ce-fb36-4694-beac-43bea97b8d08/JYACG50C2TA007302/11.jpg?web001lnw|http://images.auction123.com/5be812ce-fb36-4694-beac-43bea97b8d08/JYACG50C2TA007302/12.jpg?web001lnw|http://images.auction123.com/5be812ce-fb36-4694-beac-43bea97b8d08/JYACG50C2TA007302/13.jpg?web001lnw|http://images.auction123.com/5be812ce-fb36-4694-beac-43bea97b8d08/JYACG50C2TA007302/14.jpg?web001lnw|http://images.auction123.com/5be812ce-fb36-4694-beac-43bea97b8d08/JYACG50C2TA007302/15.jpg?web001lnw|http://images.auction123.com/5be812ce-fb36-4694-beac-43bea97b8d08/JYACG50C2TA007302/16.jpg?web001lnw|http://images.auction123.com/5be812ce-fb36-4694-beac-43bea97b8d08/JYACG50C2TA007302/17.jpg?web001lnw|http://images.auction123.com/5be812ce-fb36-4694-beac-43bea97b8d08/JYACG50C2TA007302/18.jpg?web001lnw|http://images.auction123.com/5be812ce-fb36-4694-beac-43bea97b8d08/JYACG50C2TA007302/19.jpg?web001lnw|http://images.auction123.com/5be812ce-fb36-4694-beac-43bea97b8d08/JYACG50C2TA007302/20.jpg?web001lnw,,,12/26/2025,Off-Road,RideNow Beach Blvd,Single-Cylinder 249,,0,https://www.ridenowbeachblvd.com/New-Inventory-2026-Yamaha-Motorcycle-Scooter-YZ250X-Ridenow-Beach-Blvd-18160802
20147,JYACG50C4TA007334,YA007334,N,2026,Yamaha,YZ,YZ250XN,Motorcycle / Scooter,Manual,250 X,,0,,Single-Cylinder 249,,BLU,,0.0,8199.0,12/20/2025,No,"2026 Yamaha YZ250XTWO-STROKE HEART, ENDURO SOULFeaturing a powerful 250cc two-stroke engine and renowned high-performance chassis, the YZ250X was born to win cross country races.Features may include:ENGINEExhilarating Two-Stroke PowerThe 249cc liquid-cooled reed-valve-inducted two-stroke engine is lightweight, compact and fun, with an incredibly wide, hard-hitting powerband.Tuned for GNCC&#174; CompetitionThe YZ250X utilizes a revised compression ratio, revised YPVS&#8482; timing and a model-specific digital CDI unit compared to its motocross sibling&quot;&#8221;all focused on creating a broad, usable power delivery specifically suited to cross country and enduro-style competition.Efficient Air Intake DesignIntake design allows for a straighter, more efficient draw of air into the intake tract.Advanced CarburetorAdvanced 38mm Hitachi Astemo&#174; Keihin PWK38S carburetor with power jet and throttle position sensor provides precise fuel/air mixing and extra-crisp throttle response.Narrow Exhaust PipeUnique compact exhaust expansion chamber is designed especially for the YZ250X to improve both horizontal and vertical clearance on tight, technical courses while still providing excellent exhaust efficiency.CHASSIS/SUSPENSIONYZ250-Based FrameUltra-lightweight YZ250-spec frame features carefully engineered combination of aluminum castings, forgings and extrusions for the perfect balance of rigidity and flex. Removable aluminum rear subframe is constructed of square-section tubing for reduced weight.Industry-Leading KYB&#174; ForkThe fully adjustable KYB&#174; 48mm forks feature the Speed-Sensitive System which uses piston speed to control the damping force for super-precise handling, superb bump absorption and 11.8 inches of suspension travel. Additionally, a scraper between the dust and oil seal improves reliability in cross country conditions. New for 2025, the fork now includes a hand-adjustable knob for quick, toolless compression adjustments.Advanced KYB&#174; ShockFully adjustable KYB&#174; shock features reduced-friction Kashima Coat&#8482; internals, 12.4 inches of travel, separate adjusters for high- and low-speed compression damping, and a full lock oil rebound system for increased comfort. It all adds up to fantastic rear wheel control and a sweet ride.High Performance Brake SystemA high performance, lightweight braking system features large front pistons, rigid calipers, and 270mm front rotor and 240mm rear rotor, all combining to provide exceptional braking power and feel along with reduced unsprung weight.Premium Excel&#174; Wheels & Dunlop&#174; TiresSlick blue Excel&#174; rims provide exceptional durability and a premium look. They come wrapped in high performance Dunlop&#174; Geomax MX33 tires for improved cornering traction, stability and feel.ADDITIONAL FEATURESCross Country ErgonomicsA racy &quot;gripper&quot;-type seat and narrow fuel tank combined with a tapered aluminum handlebar and adjustable mounts create greater freedom of movement and more comfortable ergonomics for riders.Cross Country FeaturesThe YZ250X is focused on cross country competition with an 18-inch rear wheel, wide-ratio gearing, standard side stand, sealed O-ring chain, reserve fuel petcock and a new water-resistant PVC handle bar pad, all adding up to exceptional cross country performance.",,http://images.auction123.com/5be812ce-fb36-4694-beac-43bea97b8d08/JYACG50C4TA007334/01.jpg?web001lnw|http://images.auction123.com/5be812ce-fb36-4694-beac-43bea97b8d08/JYACG50C4TA007334/02.jpg?web001lnw|http://images.auction123.com/5be812ce-fb36-4694-beac-43bea97b8d08/JYACG50C4TA007334/03.jpg?web001lnw|http://images.auction123.com/5be812ce-fb36-4694-beac-43bea97b8d08/JYACG50C4TA007334/04.jpg?web001lnw|http://images.auction123.com/5be812ce-fb36-4694-beac-43bea97b8d08/JYACG50C4TA007334/05.jpg?web001lnw|http://images.auction123.com/5be812ce-fb36-4694-beac-43bea97b8d08/JYACG50C4TA007334/06.jpg?web001lnw|http://images.auction123.com/5be812ce-fb36-4694-beac-43bea97b8d08/JYACG50C4TA007334/07.jpg?web001lnw|http://images.auction123.com/5be812ce-fb36-4694-beac-43bea97b8d08/JYACG50C4TA007334/08.jpg?web001lnw|http://images.auction123.com/5be812ce-fb36-4694-beac-43bea97b8d08/JYACG50C4TA007334/09.jpg?web001lnw|http://images.auction123.com/5be812ce-fb36-4694-beac-43bea97b8d08/JYACG50C4TA007334/10.jpg?web001lnw|http://images.auction123.com/5be812ce-fb36-4694-beac-43bea97b8d08/JYACG50C4TA007334/11.jpg?web001lnw|http://images.auction123.com/5be812ce-fb36-4694-beac-43bea97b8d08/JYACG50C4TA007334/12.jpg?web001lnw|http://images.auction123.com/5be812ce-fb36-4694-beac-43bea97b8d08/JYACG50C4TA007334/13.jpg?web001lnw|http://images.auction123.com/5be812ce-fb36-4694-beac-43bea97b8d08/JYACG50C4TA007334/14.jpg?web001lnw|http://images.auction123.com/5be812ce-fb36-4694-beac-43bea97b8d08/JYACG50C4TA007334/15.jpg?web001lnw|http://images.auction123.com/5be812ce-fb36-4694-beac-43bea97b8d08/JYACG50C4TA007334/16.jpg?web001lnw|http://images.auction123.com/5be812ce-fb36-4694-beac-43bea97b8d08/JYACG50C4TA007334/17.jpg?web001lnw|http://images.auction123.com/5be812ce-fb36-4694-beac-43bea97b8d08/JYACG50C4TA007334/18.jpg?web001lnw|http://images.auction123.com/5be812ce-fb36-4694-beac-43bea97b8d08/JYACG50C4TA007334/19.jpg?web001lnw|http://images.auction123.com/5be812ce-fb36-4694-beac-43bea97b8d08/JYACG50C4TA007334/20.jpg?web001lnw,,,12/26/2025,Off-Road,RideNow Beach Blvd,Single-Cylinder 249,,0,https://www.ridenowbeachblvd.com/New-Inventory-2026-Yamaha-Motorcycle-Scooter-YZ250X-Ridenow-Beach-Blvd-18152418
20147,JYACG51C2TA016130,YA016130,N,2026,Yamaha,YZ,,Motorcycle / Scooter,Manual,250F Team Yamaha Blue,,0,,Single-Cylinder 250,,BLU,,0.0,8899.0,11/11/2025,No,"2026 Yamaha YZ250F 70th Anniversary EditionRIDE LIKE AN ICONThe performance of a multi-time Supercross & Motocross champ wrapped in 70th Anniversary Edition style. Your iconic moto weapon of choice awaits.Features may include:ENGINEA forged piston features a bridge-box design for maximized strength with minimal weight.The YZ250F features a large-diameter 15-plate clutch to withstand the high demands of motocross racing.Handlebar-mounted switchbox allows on-the-fly selection between two preloaded engine maps with the push of a button.New for 2026, an industry-first ECU lock function helps prevent theft and unauthorized engine start-up.An updated Launch Control System controlled through the Power Tuner App optimizes launches when the gate drops.A three-level Traction Control System selectable within the Yamaha Power Tuner App maintains ideal rear wheel traction.CHASSIS/SUSPENSIONAn advanced aluminum bilateral beam frame is tuned to provide the perfect balance of stability and cornering performance.Fully adjustable Speed Sensitive KYB&#174; fork delivers exceptional balance between handling and bump absorption.A linkage-type rear suspension with KYB&#174; shock is tuned to provide less pitch and improved stability.A large 270mm front and 240mm rear disc combine with Nissin calipers to provide exceptional stopping power and control.The YZ250F&#39;s aggressive body design is slim, flat and eases rider movement for improved control.Tapered aluminum handlebars are secured to four-position adjustable handlebar mounts.ADDITIONAL FEATURESIconic white and red 70th Anniversary Edition livery combines with the YZ250F&#39;s aggressive bodywork for a stunning look.Sleek air cleaner cover provides tool-free access to the air filter for simplified servicing.",,http://images.auction123.com/5be812ce-fb36-4694-beac-43bea97b8d08/JYACG51C2TA016130/01.jpg?web001lnw|http://images.auction123.com/5be812ce-fb36-4694-beac-43bea97b8d08/JYACG51C2TA016130/02.jpg?web001lnw|http://images.auction123.com/5be812ce-fb36-4694-beac-43bea97b8d08/JYACG51C2TA016130/03.jpg?web001lnw|http://images.auction123.com/5be812ce-fb36-4694-beac-43bea97b8d08/JYACG51C2TA016130/04.jpg?web001lnw|http://images.auction123.com/5be812ce-fb36-4694-beac-43bea97b8d08/JYACG51C2TA016130/05.jpg?web001lnw|http://images.auction123.com/5be812ce-fb36-4694-beac-43bea97b8d08/JYACG51C2TA016130/06.jpg?web001lnw|http://images.auction123.com/5be812ce-fb36-4694-beac-43bea97b8d08/JYACG51C2TA016130/07.jpg?web001lnw|http://images.auction123.com/5be812ce-fb36-4694-beac-43bea97b8d08/JYACG51C2TA016130/08.jpg?web001lnw|http://images.auction123.com/5be812ce-fb36-4694-beac-43bea97b8d08/JYACG51C2TA016130/09.jpg?web001lnw|http://images.auction123.com/5be812ce-fb36-4694-beac-43bea97b8d08/JYACG51C2TA016130/10.jpg?web001lnw|http://images.auction123.com/5be812ce-fb36-4694-beac-43bea97b8d08/JYACG51C2TA016130/11.jpg?web001lnw|http://images.auction123.com/5be812ce-fb36-4694-beac-43bea97b8d08/JYACG51C2TA016130/12.jpg?web001lnw|http://images.auction123.com/5be812ce-fb36-4694-beac-43bea97b8d08/JYACG51C2TA016130/13.jpg?web001lnw|http://images.auction123.com/5be812ce-fb36-4694-beac-43bea97b8d08/JYACG51C2TA016130/14.jpg?web001lnw|http://images.auction123.com/5be812ce-fb36-4694-beac-43bea97b8d08/JYACG51C2TA016130/15.jpg?web001lnw|http://images.auction123.com/5be812ce-fb36-4694-beac-43bea97b8d08/JYACG51C2TA016130/16.jpg?web001lnw|http://images.auction123.com/5be812ce-fb36-4694-beac-43bea97b8d08/JYACG51C2TA016130/17.jpg?web001lnw|http://images.auction123.com/5be812ce-fb36-4694-beac-43bea97b8d08/JYACG51C2TA016130/18.jpg?web001lnw|http://images.auction123.com/5be812ce-fb36-4694-beac-43bea97b8d08/JYACG51C2TA016130/19.jpg?web001lnw|http://images.auction123.com/5be812ce-fb36-4694-beac-43bea97b8d08/JYACG51C2TA016130/20.jpg?web001lnw,,,11/14/2025,Off-Road,RideNow Beach Blvd,Single-Cylinder 250,,0,https://www.ridenowbeachblvd.com/New-Inventory-2026-Yamaha-Motorcycle-Scooter-YZ250F-Team-Yamaha-Blue-RideNow-Beach-Blvd-FL-17977887
20147,JYACG51C4TA018476,YA018476,N,2026,Yamaha,YZ,,Motorcycle / Scooter,Manual,250F 70th Anniversary Edition,,0,,Single-Cylinder 250,,RED WHT,,9099.0,9099.0,04/17/2026,No,"2026 Yamaha YFZ450R SETRACK-TAMING BEAUTYThis Special Edition features track-worthy performance, added Yamaha Genuine accessories and a unique color and graphic scheme that looks fast just standing still.Features may include:ENGINEHigh-tech, quick-revving, 449cc fuel-injected engine provides championship-winning power characteristics.Five-valve cylinder head and titanium valve technology delivers abundant mid-range and top-end power.Revised camshafts maximize engine&#39;s impressive power output from off the line all the way up to the top-end.High compression ratio further improves overall engine performance.Yamaha Fuel Injection (YFI) offers precise fuel delivery and smooth power delivery.Big 42mm Mikuni&#174; throttle body and 12-hole injector provide exceptional fuel atomization for maximum power.CHASSIS/SUSPENSIONThe YFZ450R SE&#39;s motocross-ready chassis is built for competition straight out of the box.Professional-caliber frame is designed from lightweight, weldless aluminum with a tension-steel bottom frame.Steel frame member under the engine provides strength and lets the engine sit lower for enhanced mass centralization.The aluminum frame section is bolted together, rather than welded, for maximum durability.Narrow A-arm mounting points increase A-arm length and reduce changes in camber as the suspension travels.Fully adjustable front KYB&#174; shocks are longer for increased stroke, superb bump absorption and excellent bottoming resistance.ADDITIONAL FEATURESAggressive styling gives the YFZ450R SE the looks to match its competition-dominating performance.Added SE features include a dealer-installed GYTR&#174; front grab bar and a unique graphics package.The large-diameter tapered handlebar reduces vibration and is mounted on four-way clamps for exceptional adjustability.Rider to choose between standard handlebar setting, 10mm forward, 20mm forward or 10mm backward.The throttle lever requires low effort for less fatigue during long motos.The generous 2.6-inch-wide foot pegs add confidence while getting up on the pegs.",,http://images.auction123.com/5be812ce-fb36-4694-beac-43bea97b8d08/JYACG51C4TA018476/01.jpg?web001lnw|http://images.auction123.com/5be812ce-fb36-4694-beac-43bea97b8d08/JYACG51C4TA018476/02.jpg?web001lnw|http://images.auction123.com/5be812ce-fb36-4694-beac-43bea97b8d08/JYACG51C4TA018476/03.jpg?web001lnw|http://images.auction123.com/5be812ce-fb36-4694-beac-43bea97b8d08/JYACG51C4TA018476/04.jpg?web001lnw|http://images.auction123.com/5be812ce-fb36-4694-beac-43bea97b8d08/JYACG51C4TA018476/05.jpg?web001lnw|http://images.auction123.com/5be812ce-fb36-4694-beac-43bea97b8d08/JYACG51C4TA018476/06.jpg?web001lnw|http://images.auction123.com/5be812ce-fb36-4694-beac-43bea97b8d08/JYACG51C4TA018476/07.jpg?web001lnw|http://images.auction123.com/5be812ce-fb36-4694-beac-43bea97b8d08/JYACG51C4TA018476/08.jpg?web001lnw|http://images.auction123.com/5be812ce-fb36-4694-beac-43bea97b8d08/JYACG51C4TA018476/09.jpg?web001lnw|http://images.auction123.com/5be812ce-fb36-4694-beac-43bea97b8d08/JYACG51C4TA018476/10.jpg?web001lnw|http://images.auction123.com/5be812ce-fb36-4694-beac-43bea97b8d08/JYACG51C4TA018476/11.jpg?web001lnw|http://images.auction123.com/5be812ce-fb36-4694-beac-43bea97b8d08/JYACG51C4TA018476/12.jpg?web001lnw|http://images.auction123.com/5be812ce-fb36-4694-beac-43bea97b8d08/JYACG51C4TA018476/13.jpg?web001lnw|http://images.auction123.com/5be812ce-fb36-4694-beac-43bea97b8d08/JYACG51C4TA018476/14.jpg?web001lnw|http://images.auction123.com/5be812ce-fb36-4694-beac-43bea97b8d08/JYACG51C4TA018476/15.jpg?web001lnw|http://images.auction123.com/5be812ce-fb36-4694-beac-43bea97b8d08/JYACG51C4TA018476/16.jpg?web001lnw|http://images.auction123.com/5be812ce-fb36-4694-beac-43bea97b8d08/JYACG51C4TA018476/17.jpg?web001lnw|http://images.auction123.com/5be812ce-fb36-4694-beac-43bea97b8d08/JYACG51C4TA018476/18.jpg?web001lnw|http://images.auction123.com/5be812ce-fb36-4694-beac-43bea97b8d08/JYACG51C4TA018476/19.jpg?web001lnw|http://images.auction123.com/5be812ce-fb36-4694-beac-43bea97b8d08/JYACG51C4TA018476/20.jpg?web001lnw|http://images.auction123.com/5be812ce-fb36-4694-beac-43bea97b8d08/JYACG51C4TA018476/21.jpg?web001lnw,,,05/07/2026,Off-Road,RideNow Beach Blvd,Single-Cylinder 250,,0,https://www.ridenowbeachblvd.com/New-Inventory-2026-Yamaha-Motorcycle-Scooter-YZ250F-70th-Anniversary-Edition-RIDENOW-BEACH-BLVD-18579273
20147,JYACG51C9TA018487,YA018487,N,2026,Yamaha,YZ,,Motorcycle / Scooter,Manual,250F 70th Anniversary Edition,,0,,Single-Cylinder 250,,RED WHT,,0.0,9099.0,04/17/2026,No,"2026 Yamaha YZ250F 70th Anniversary EditionRIDE LIKE AN ICONThe performance of a multi-time Supercross & Motocross champ wrapped in 70th Anniversary Edition style. Your iconic moto weapon of choice awaits.Features may include:ENGINEA forged piston features a bridge-box design for maximized strength with minimal weight.The YZ250F features a large-diameter 15-plate clutch to withstand the high demands of motocross racing.Handlebar-mounted switchbox allows on-the-fly selection between two preloaded engine maps with the push of a button.New for 2026, an industry-first ECU lock function helps prevent theft and unauthorized engine start-up.An updated Launch Control System controlled through the Power Tuner App optimizes launches when the gate drops.A three-level Traction Control System selectable within the Yamaha Power Tuner App maintains ideal rear wheel traction.CHASSIS/SUSPENSIONAn advanced aluminum bilateral beam frame is tuned to provide the perfect balance of stability and cornering performance.Fully adjustable Speed Sensitive KYB&#174; fork delivers exceptional balance between handling and bump absorption.A linkage-type rear suspension with KYB&#174; shock is tuned to provide less pitch and improved stability.A large 270mm front and 240mm rear disc combine with Nissin calipers to provide exceptional stopping power and control.The YZ250F&#39;s aggressive body design is slim, flat and eases rider movement for improved control.Tapered aluminum handlebars are secured to four-position adjustable handlebar mounts.ADDITIONAL FEATURESIconic white and red 70th Anniversary Edition livery combines with the YZ250F&#39;s aggressive bodywork for a stunning look.Sleek air cleaner cover provides tool-free access to the air filter for simplified servicing.",,http://images.auction123.com/5be812ce-fb36-4694-beac-43bea97b8d08/JYACG51C9TA018487/01.jpg?web001lnw|http://images.auction123.com/5be812ce-fb36-4694-beac-43bea97b8d08/JYACG51C9TA018487/02.jpg?web001lnw|http://images.auction123.com/5be812ce-fb36-4694-beac-43bea97b8d08/JYACG51C9TA018487/03.jpg?web001lnw|http://images.auction123.com/5be812ce-fb36-4694-beac-43bea97b8d08/JYACG51C9TA018487/04.jpg?web001lnw|http://images.auction123.com/5be812ce-fb36-4694-beac-43bea97b8d08/JYACG51C9TA018487/05.jpg?web001lnw|http://images.auction123.com/5be812ce-fb36-4694-beac-43bea97b8d08/JYACG51C9TA018487/06.jpg?web001lnw|http://images.auction123.com/5be812ce-fb36-4694-beac-43bea97b8d08/JYACG51C9TA018487/07.jpg?web001lnw|http://images.auction123.com/5be812ce-fb36-4694-beac-43bea97b8d08/JYACG51C9TA018487/08.jpg?web001lnw|http://images.auction123.com/5be812ce-fb36-4694-beac-43bea97b8d08/JYACG51C9TA018487/09.jpg?web001lnw|http://images.auction123.com/5be812ce-fb36-4694-beac-43bea97b8d08/JYACG51C9TA018487/10.jpg?web001lnw|http://images.auction123.com/5be812ce-fb36-4694-beac-43bea97b8d08/JYACG51C9TA018487/11.jpg?web001lnw|http://images.auction123.com/5be812ce-fb36-4694-beac-43bea97b8d08/JYACG51C9TA018487/12.jpg?web001lnw|http://images.auction123.com/5be812ce-fb36-4694-beac-43bea97b8d08/JYACG51C9TA018487/13.jpg?web001lnw|http://images.auction123.com/5be812ce-fb36-4694-beac-43bea97b8d08/JYACG51C9TA018487/14.jpg?web001lnw|http://images.auction123.com/5be812ce-fb36-4694-beac-43bea97b8d08/JYACG51C9TA018487/15.jpg?web001lnw|http://images.auction123.com/5be812ce-fb36-4694-beac-43bea97b8d08/JYACG51C9TA018487/16.jpg?web001lnw|http://images.auction123.com/5be812ce-fb36-4694-beac-43bea97b8d08/JYACG51C9TA018487/17.jpg?web001lnw|http://images.auction123.com/5be812ce-fb36-4694-beac-43bea97b8d08/JYACG51C9TA018487/18.jpg?web001lnw|http://images.auction123.com/5be812ce-fb36-4694-beac-43bea97b8d08/JYACG51C9TA018487/19.jpg?web001lnw|http://images.auction123.com/5be812ce-fb36-4694-beac-43bea97b8d08/JYACG51C9TA018487/20.jpg?web001lnw|http://images.auction123.com/5be812ce-fb36-4694-beac-43bea97b8d08/JYACG51C9TA018487/21.jpg?web001lnw,,,05/07/2026,Off-Road,RideNow Beach Blvd,Single-Cylinder 250,,0,https://www.ridenowbeachblvd.com/New-Inventory-2026-Yamaha-Motorcycle-Scooter-YZ250F-70th-Anniversary-Edition-RIDENOW-BEACH-BLVD-18579277
20147,JYACJ36C1TA002296,YA002296,N,2026,Yamaha,YZ,YZ450FXM,Motorcycle / Scooter,Manual,450FX,,0,,Single-Cylinder 450,,BLU,,0.0,10199.0,12/20/2025,No,"2026 Yamaha YZ450FXTHE ULTIMATE WOODS RACERThe premier XC racer built to compete straight out of the box, the YZ450FX takes off-road performance to the next level.Features may include:NEW FOR 2026A new industry-first ECU lock function helps prevent theft and unauthorized engine start-up via a password-required lock.New four-level Traction Control selectable within the Yamaha Power Tuner App maintains ideal rear wheel traction.ENGINECompact, lightweight and durable clutch assembly yields smooth engagement and excellent feel.The YZ450FX features a compact electric starter system to minimize restart delays and add convenience.Tri-shaft transmission layout vertically stacks the transmission shafts for a lighter, more compact transmission.A wide-ratio 5-speed transmission is geared for cross country, from tight technical single track to high speed open sections.Lightweight handlebar-mounted switchgear allows the rider to quickly select between preloaded engine maps.A convenient &#8220;Simple Tuning&#8221; slide bar further simplifies engine mapping within the Power Tuner App.Yamaha&#39;s industry-leading Power Tuner App offers the ability to tune air/fuel mixture and ignition timing to suit rider preference.An advanced fuel injection system uses a 44mm throttle body to ensure optimum fuel atomization and air/fuel calibration.CHASSIS/SUSPENSIONFully adjustable Speed Sensitive KYB&#174; fork delivers exceptional balance between handling and bump absorption.Premium Dunlop&#174; Geomax MX33 tires achieve an ideal balance of traction and durability.The YZ450FX&#39;s 18-inch rear wheel comes laced with a three-cross-spoke pattern for improved impact absorption and rider feel.Premium Excel&#174; wheels are strong, lightweight and reduce unsprung weight without sacrificing durability.Wide foot pegs with lightweight aluminum alloy mounting brackets provide additional control and comfort.Tapered aluminum handlebars are secured to four-position adjustable handlebar mounts.The rider triangle is designed to provide increased legroom between the seat and foot pegs for enhanced rider comfort.The YZ450FX&#39;s slim, flat, compact body eases rider movement for improved control.ADDITIONAL FEATURESSleek air cleaner cover provides tool-free access to the air filter for simplified servicing.Premium competition-inspired graphics are embedded to provide excellent durability and scratch resistance.Other enduro-specific features include a 2.1-gallon fuel tank with warning indicator, composite engine guard and sealed drive chain.Additional features include a PVC handlebar pad, seamless seat cover, updated switchgear and a folding aluminum kickstand.",,http://images.auction123.com/5be812ce-fb36-4694-beac-43bea97b8d08/JYACJ36C1TA002296/01.jpg?web001lnw|http://images.auction123.com/5be812ce-fb36-4694-beac-43bea97b8d08/JYACJ36C1TA002296/02.jpg?web001lnw|http://images.auction123.com/5be812ce-fb36-4694-beac-43bea97b8d08/JYACJ36C1TA002296/03.jpg?web001lnw|http://images.auction123.com/5be812ce-fb36-4694-beac-43bea97b8d08/JYACJ36C1TA002296/04.jpg?web001lnw|http://images.auction123.com/5be812ce-fb36-4694-beac-43bea97b8d08/JYACJ36C1TA002296/05.jpg?web001lnw|http://images.auction123.com/5be812ce-fb36-4694-beac-43bea97b8d08/JYACJ36C1TA002296/06.jpg?web001lnw|http://images.auction123.com/5be812ce-fb36-4694-beac-43bea97b8d08/JYACJ36C1TA002296/07.jpg?web001lnw|http://images.auction123.com/5be812ce-fb36-4694-beac-43bea97b8d08/JYACJ36C1TA002296/08.jpg?web001lnw|http://images.auction123.com/5be812ce-fb36-4694-beac-43bea97b8d08/JYACJ36C1TA002296/09.jpg?web001lnw|http://images.auction123.com/5be812ce-fb36-4694-beac-43bea97b8d08/JYACJ36C1TA002296/10.jpg?web001lnw|http://images.auction123.com/5be812ce-fb36-4694-beac-43bea97b8d08/JYACJ36C1TA002296/11.jpg?web001lnw|http://images.auction123.com/5be812ce-fb36-4694-beac-43bea97b8d08/JYACJ36C1TA002296/12.jpg?web001lnw|http://images.auction123.com/5be812ce-fb36-4694-beac-43bea97b8d08/JYACJ36C1TA002296/13.jpg?web001lnw|http://images.auction123.com/5be812ce-fb36-4694-beac-43bea97b8d08/JYACJ36C1TA002296/14.jpg?web001lnw|http://images.auction123.com/5be812ce-fb36-4694-beac-43bea97b8d08/JYACJ36C1TA002296/15.jpg?web001lnw|http://images.auction123.com/5be812ce-fb36-4694-beac-43bea97b8d08/JYACJ36C1TA002296/16.jpg?web001lnw|http://images.auction123.com/5be812ce-fb36-4694-beac-43bea97b8d08/JYACJ36C1TA002296/17.jpg?web001lnw|http://images.auction123.com/5be812ce-fb36-4694-beac-43bea97b8d08/JYACJ36C1TA002296/18.jpg?web001lnw|http://images.auction123.com/5be812ce-fb36-4694-beac-43bea97b8d08/JYACJ36C1TA002296/19.jpg?web001lnw|http://images.auction123.com/5be812ce-fb36-4694-beac-43bea97b8d08/JYACJ36C1TA002296/20.jpg?web001lnw,,,12/26/2025,Off-Road,RideNow Beach Blvd,Single-Cylinder 450,,0,https://www.ridenowbeachblvd.com/New-Inventory-2026-Yamaha-Motorcycle-Scooter-YZ450FX-Ridenow-Beach-Blvd-18152414
20147,JYACJ36C1TA002623,YA002623,N,2026,Yamaha,YZ,YZ450FXM,Motorcycle / Scooter,Manual,450FX,,0,,Single-Cylinder 450,,BLU,,0.0,10199.0,12/18/2025,No,"2026 Yamaha YZ450FXTHE ULTIMATE WOODS RACERThe premier XC racer built to compete straight out of the box, the YZ450FX takes off-road performance to the next level.Features may include:NEW FOR 2026A new industry-first ECU lock function helps prevent theft and unauthorized engine start-up via a password-required lock.New four-level Traction Control selectable within the Yamaha Power Tuner App maintains ideal rear wheel traction.ENGINECompact, lightweight and durable clutch assembly yields smooth engagement and excellent feel.The YZ450FX features a compact electric starter system to minimize restart delays and add convenience.Tri-shaft transmission layout vertically stacks the transmission shafts for a lighter, more compact transmission.A wide-ratio 5-speed transmission is geared for cross country, from tight technical single track to high speed open sections.Lightweight handlebar-mounted switchgear allows the rider to quickly select between preloaded engine maps.A convenient &#8220;Simple Tuning&#8221; slide bar further simplifies engine mapping within the Power Tuner App.Yamaha&#39;s industry-leading Power Tuner App offers the ability to tune air/fuel mixture and ignition timing to suit rider preference.An advanced fuel injection system uses a 44mm throttle body to ensure optimum fuel atomization and air/fuel calibration.CHASSIS/SUSPENSIONFully adjustable Speed Sensitive KYB&#174; fork delivers exceptional balance between handling and bump absorption.Premium Dunlop&#174; Geomax MX33 tires achieve an ideal balance of traction and durability.The YZ450FX&#39;s 18-inch rear wheel comes laced with a three-cross-spoke pattern for improved impact absorption and rider feel.Premium Excel&#174; wheels are strong, lightweight and reduce unsprung weight without sacrificing durability.Wide foot pegs with lightweight aluminum alloy mounting brackets provide additional control and comfort.Tapered aluminum handlebars are secured to four-position adjustable handlebar mounts.The rider triangle is designed to provide increased legroom between the seat and foot pegs for enhanced rider comfort.The YZ450FX&#39;s slim, flat, compact body eases rider movement for improved control.ADDITIONAL FEATURESSleek air cleaner cover provides tool-free access to the air filter for simplified servicing.Premium competition-inspired graphics are embedded to provide excellent durability and scratch resistance.Other enduro-specific features include a 2.1-gallon fuel tank with warning indicator, composite engine guard and sealed drive chain.Additional features include a PVC handlebar pad, seamless seat cover, updated switchgear and a folding aluminum kickstand.",,http://images.auction123.com/5be812ce-fb36-4694-beac-43bea97b8d08/JYACJ36C1TA002623/01.jpg?web001lnw|http://images.auction123.com/5be812ce-fb36-4694-beac-43bea97b8d08/JYACJ36C1TA002623/02.jpg?web001lnw|http://images.auction123.com/5be812ce-fb36-4694-beac-43bea97b8d08/JYACJ36C1TA002623/03.jpg?web001lnw|http://images.auction123.com/5be812ce-fb36-4694-beac-43bea97b8d08/JYACJ36C1TA002623/04.jpg?web001lnw|http://images.auction123.com/5be812ce-fb36-4694-beac-43bea97b8d08/JYACJ36C1TA002623/05.jpg?web001lnw|http://images.auction123.com/5be812ce-fb36-4694-beac-43bea97b8d08/JYACJ36C1TA002623/06.jpg?web001lnw|http://images.auction123.com/5be812ce-fb36-4694-beac-43bea97b8d08/JYACJ36C1TA002623/07.jpg?web001lnw|http://images.auction123.com/5be812ce-fb36-4694-beac-43bea97b8d08/JYACJ36C1TA002623/08.jpg?web001lnw|http://images.auction123.com/5be812ce-fb36-4694-beac-43bea97b8d08/JYACJ36C1TA002623/09.jpg?web001lnw|http://images.auction123.com/5be812ce-fb36-4694-beac-43bea97b8d08/JYACJ36C1TA002623/10.jpg?web001lnw|http://images.auction123.com/5be812ce-fb36-4694-beac-43bea97b8d08/JYACJ36C1TA002623/11.jpg?web001lnw|http://images.auction123.com/5be812ce-fb36-4694-beac-43bea97b8d08/JYACJ36C1TA002623/12.jpg?web001lnw|http://images.auction123.com/5be812ce-fb36-4694-beac-43bea97b8d08/JYACJ36C1TA002623/13.jpg?web001lnw|http://images.auction123.com/5be812ce-fb36-4694-beac-43bea97b8d08/JYACJ36C1TA002623/14.jpg?web001lnw|http://images.auction123.com/5be812ce-fb36-4694-beac-43bea97b8d08/JYACJ36C1TA002623/15.jpg?web001lnw|http://images.auction123.com/5be812ce-fb36-4694-beac-43bea97b8d08/JYACJ36C1TA002623/16.jpg?web001lnw|http://images.auction123.com/5be812ce-fb36-4694-beac-43bea97b8d08/JYACJ36C1TA002623/17.jpg?web001lnw|http://images.auction123.com/5be812ce-fb36-4694-beac-43bea97b8d08/JYACJ36C1TA002623/18.jpg?web001lnw|http://images.auction123.com/5be812ce-fb36-4694-beac-43bea97b8d08/JYACJ36C1TA002623/19.jpg?web001lnw|http://images.auction123.com/5be812ce-fb36-4694-beac-43bea97b8d08/JYACJ36C1TA002623/20.jpg?web001lnw,,,12/26/2025,Off-Road,RideNow Beach Blvd,Single-Cylinder 450,,0,https://www.ridenowbeachblvd.com/New-Inventory-2026-Yamaha-Motorcycle-Scooter-YZ450FX-Ridenow-Beach-Blvd-18144482
20147,JYACJ36C4TA002289,YA002289,N,2026,Yamaha,YZ,YZ450FXM,Motorcycle / Scooter,Manual,450FX,,0,,Single-Cylinder 450,,BLU,,0.0,10199.0,12/24/2025,No,"2026 Yamaha YZ450FXTHE ULTIMATE WOODS RACERThe premier XC racer built to compete straight out of the box, the YZ450FX takes off-road performance to the next level.Features may include:NEW FOR 2026A new industry-first ECU lock function helps prevent theft and unauthorized engine start-up via a password-required lock.New four-level Traction Control selectable within the Yamaha Power Tuner App maintains ideal rear wheel traction.ENGINECompact, lightweight and durable clutch assembly yields smooth engagement and excellent feel.The YZ450FX features a compact electric starter system to minimize restart delays and add convenience.Tri-shaft transmission layout vertically stacks the transmission shafts for a lighter, more compact transmission.A wide-ratio 5-speed transmission is geared for cross country, from tight technical single track to high speed open sections.Lightweight handlebar-mounted switchgear allows the rider to quickly select between preloaded engine maps.A convenient &#8220;Simple Tuning&#8221; slide bar further simplifies engine mapping within the Power Tuner App.Yamaha&#39;s industry-leading Power Tuner App offers the ability to tune air/fuel mixture and ignition timing to suit rider preference.An advanced fuel injection system uses a 44mm throttle body to ensure optimum fuel atomization and air/fuel calibration.CHASSIS/SUSPENSIONFully adjustable Speed Sensitive KYB&#174; fork delivers exceptional balance between handling and bump absorption.Premium Dunlop&#174; Geomax MX33 tires achieve an ideal balance of traction and durability.The YZ450FX&#39;s 18-inch rear wheel comes laced with a three-cross-spoke pattern for improved impact absorption and rider feel.Premium Excel&#174; wheels are strong, lightweight and reduce unsprung weight without sacrificing durability.Wide foot pegs with lightweight aluminum alloy mounting brackets provide additional control and comfort.Tapered aluminum handlebars are secured to four-position adjustable handlebar mounts.The rider triangle is designed to provide increased legroom between the seat and foot pegs for enhanced rider comfort.The YZ450FX&#39;s slim, flat, compact body eases rider movement for improved control.ADDITIONAL FEATURESSleek air cleaner cover provides tool-free access to the air filter for simplified servicing.Premium competition-inspired graphics are embedded to provide excellent durability and scratch resistance.Other enduro-specific features include a 2.1-gallon fuel tank with warning indicator, composite engine guard and sealed drive chain.Additional features include a PVC handlebar pad, seamless seat cover, updated switchgear and a folding aluminum kickstand.",,http://images.auction123.com/5be812ce-fb36-4694-beac-43bea97b8d08/JYACJ36C4TA002289/01.jpg?web001lnw|http://images.auction123.com/5be812ce-fb36-4694-beac-43bea97b8d08/JYACJ36C4TA002289/02.jpg?web001lnw|http://images.auction123.com/5be812ce-fb36-4694-beac-43bea97b8d08/JYACJ36C4TA002289/03.jpg?web001lnw|http://images.auction123.com/5be812ce-fb36-4694-beac-43bea97b8d08/JYACJ36C4TA002289/04.jpg?web001lnw|http://images.auction123.com/5be812ce-fb36-4694-beac-43bea97b8d08/JYACJ36C4TA002289/05.jpg?web001lnw|http://images.auction123.com/5be812ce-fb36-4694-beac-43bea97b8d08/JYACJ36C4TA002289/06.jpg?web001lnw|http://images.auction123.com/5be812ce-fb36-4694-beac-43bea97b8d08/JYACJ36C4TA002289/07.jpg?web001lnw|http://images.auction123.com/5be812ce-fb36-4694-beac-43bea97b8d08/JYACJ36C4TA002289/08.jpg?web001lnw|http://images.auction123.com/5be812ce-fb36-4694-beac-43bea97b8d08/JYACJ36C4TA002289/09.jpg?web001lnw|http://images.auction123.com/5be812ce-fb36-4694-beac-43bea97b8d08/JYACJ36C4TA002289/10.jpg?web001lnw|http://images.auction123.com/5be812ce-fb36-4694-beac-43bea97b8d08/JYACJ36C4TA002289/11.jpg?web001lnw|http://images.auction123.com/5be812ce-fb36-4694-beac-43bea97b8d08/JYACJ36C4TA002289/12.jpg?web001lnw|http://images.auction123.com/5be812ce-fb36-4694-beac-43bea97b8d08/JYACJ36C4TA002289/13.jpg?web001lnw|http://images.auction123.com/5be812ce-fb36-4694-beac-43bea97b8d08/JYACJ36C4TA002289/14.jpg?web001lnw|http://images.auction123.com/5be812ce-fb36-4694-beac-43bea97b8d08/JYACJ36C4TA002289/15.jpg?web001lnw|http://images.auction123.com/5be812ce-fb36-4694-beac-43bea97b8d08/JYACJ36C4TA002289/16.jpg?web001lnw|http://images.auction123.com/5be812ce-fb36-4694-beac-43bea97b8d08/JYACJ36C4TA002289/17.jpg?web001lnw|http://images.auction123.com/5be812ce-fb36-4694-beac-43bea97b8d08/JYACJ36C4TA002289/18.jpg?web001lnw|http://images.auction123.com/5be812ce-fb36-4694-beac-43bea97b8d08/JYACJ36C4TA002289/19.jpg?web001lnw|http://images.auction123.com/5be812ce-fb36-4694-beac-43bea97b8d08/JYACJ36C4TA002289/20.jpg?web001lnw,,,12/26/2025,Off-Road,RideNow Beach Blvd,Single-Cylinder 450,,0,https://www.ridenowbeachblvd.com/New-Inventory-2026-Yamaha-Motorcycle-Scooter-YZ450FX-Ridenow-Beach-Blvd-18160798
20147,JYACJ40C4TA002016,YA002016,N,2026,Yamaha,YZ,,Motorcycle / Scooter,Manual,450F Team Yamaha Blue,,0,,Single-Cylinder 450,,BLU,,0.0,10299.0,02/10/2026,No,"2026 Yamaha YZ450F Team Yamaha BluePERFORMANCE REFINEDThe class benchmark. Yamaha took the championship winning YZ450F and made it even better with highly refined power and handling characteristics for a level of feel and control that unlocks a racer&#8217;s full potential.Features may include:ENGINEYamaha&#39;s industry-leading Power Tuner App offers the ability to tune air/fuel mixture and ignition timing to suit rider preference.Tri-shaft transmission layout vertically stacks the transmission shafts for a lighter, more compact transmission.The YZ450F&#39;s advanced disc spring clutch design is compact, durable with smooth engagement and excellent feel.An adjustable Launch Control System controlled through the Power Tuner App optimizes launches when the gate drops.A three-level Traction Control System selectable within the Yamaha Power Tuner App maintains ideal rear wheel traction.Optimized intake path draws air from under the side covers and seat allowing for a slimmer and more compact shroud area.CHASSIS/SUSPENSIONAn advanced aluminum bilateral beam frame strikes the perfect balance of precise cornering performance and handling stability.The YZ450F&#39;s class-leading fully adjustable Speed Sensitive front fork provides exceptional feel and bump absorption.A new KYB&#174; shock improves damping feel and reduces bump reaction for enhanced control.A large 270mm front and 240mm rear disc combine with Nissin calipers to provide exceptional stopping power and control.The YZ450F&#39;s slim, flat, compact body and seamless, rounded features ease rider movement for improved control.The rider triangle is optimized for increased legroom, including a carefully considered handlebar position for enhanced comfort.ADDITIONAL FEATURESThe YZ450F features a compact electric starter system to minimize restart delays and add convenience.Premium competition-inspired graphics are embedded to provide excellent durability and scratch resistance.Additional top-spec details include wide foot pegs, quick-adjust clutch perch and gold drive chain with YZ450F-specific chain guide.",,http://images.auction123.com/5be812ce-fb36-4694-beac-43bea97b8d08/JYACJ40C4TA002016/01.jpg?web001lnw|http://images.auction123.com/5be812ce-fb36-4694-beac-43bea97b8d08/JYACJ40C4TA002016/02.jpg?web001lnw|http://images.auction123.com/5be812ce-fb36-4694-beac-43bea97b8d08/JYACJ40C4TA002016/03.jpg?web001lnw|http://images.auction123.com/5be812ce-fb36-4694-beac-43bea97b8d08/JYACJ40C4TA002016/04.jpg?web001lnw|http://images.auction123.com/5be812ce-fb36-4694-beac-43bea97b8d08/JYACJ40C4TA002016/05.jpg?web001lnw|http://images.auction123.com/5be812ce-fb36-4694-beac-43bea97b8d08/JYACJ40C4TA002016/06.jpg?web001lnw|http://images.auction123.com/5be812ce-fb36-4694-beac-43bea97b8d08/JYACJ40C4TA002016/07.jpg?web001lnw|http://images.auction123.com/5be812ce-fb36-4694-beac-43bea97b8d08/JYACJ40C4TA002016/08.jpg?web001lnw|http://images.auction123.com/5be812ce-fb36-4694-beac-43bea97b8d08/JYACJ40C4TA002016/09.jpg?web001lnw|http://images.auction123.com/5be812ce-fb36-4694-beac-43bea97b8d08/JYACJ40C4TA002016/10.jpg?web001lnw|http://images.auction123.com/5be812ce-fb36-4694-beac-43bea97b8d08/JYACJ40C4TA002016/11.jpg?web001lnw|http://images.auction123.com/5be812ce-fb36-4694-beac-43bea97b8d08/JYACJ40C4TA002016/12.jpg?web001lnw|http://images.auction123.com/5be812ce-fb36-4694-beac-43bea97b8d08/JYACJ40C4TA002016/13.jpg?web001lnw|http://images.auction123.com/5be812ce-fb36-4694-beac-43bea97b8d08/JYACJ40C4TA002016/14.jpg?web001lnw|http://images.auction123.com/5be812ce-fb36-4694-beac-43bea97b8d08/JYACJ40C4TA002016/15.jpg?web001lnw|http://images.auction123.com/5be812ce-fb36-4694-beac-43bea97b8d08/JYACJ40C4TA002016/16.jpg?web001lnw|http://images.auction123.com/5be812ce-fb36-4694-beac-43bea97b8d08/JYACJ40C4TA002016/17.jpg?web001lnw|http://images.auction123.com/5be812ce-fb36-4694-beac-43bea97b8d08/JYACJ40C4TA002016/18.jpg?web001lnw|http://images.auction123.com/5be812ce-fb36-4694-beac-43bea97b8d08/JYACJ40C4TA002016/19.jpg?web001lnw|http://images.auction123.com/5be812ce-fb36-4694-beac-43bea97b8d08/JYACJ40C4TA002016/20.jpg?web001lnw,,,02/11/2026,Off-Road,RideNow Beach Blvd,Single-Cylinder 450,,0,https://www.ridenowbeachblvd.com/New-Inventory-2026-Yamaha-Motorcycle-Scooter-YZ450F-Team-Yamaha-Blue-Ridenow-Beach-Blvd-18298598
20147,JYACJ40C7TA002995,YA002995,N,2026,Yamaha,YZ,,Motorcycle / Scooter,Manual,450F 70th Anniversary Edition,,0,,Single-Cylinder 450,,WHI RED,,0.0,10499.0,01/30/2026,No,"2026 Yamaha YZ450F 70th Anniversary EditionSUPREME CAPABLITY, ICONIC STYLEThe pinnacle of off-road four-stroke performance wrapped in iconic Yamaha 70th Anniversary livery. Get the unmatched capability of the YZ450F in jaw-dropping commemorative style.Features may include:ENGINETri-shaft transmission layout vertically stacks the transmission shafts for a lighter, more compact transmission.The YZ450F&#39;s advanced disc spring clutch design is compact, durable with smooth engagement and excellent feel.An adjustable Launch Control System controlled through the Power Tuner App optimizes launches when the gate drops.Optimized intake path draws air from under the side covers and seat allowing for a slimmer and more compact shroud area.A three-level Traction Control System selectable within the Yamaha Power Tuner App maintains ideal rear wheel traction.Yamaha&#39;s industry-leading Power Tuner App offers the ability to tune air/fuel mixture and ignition timing to suit rider preference.CHASSIS/SUSPENSIONAn advanced aluminum bilateral beam frame strikes the perfect balance of precise cornering performance and handling stability.The YZ450F&#39;s class-leading fully adjustable Speed Sensitive front fork provides exceptional feel and bump absorption.A new KYB&#174; shock improves damping feel and reduces bump reaction for enhanced control.A large 270mm front and 240mm rear disc combine with Nissin calipers to provide exceptional stopping power and control.The YZ450F&#39;s slim, flat, compact body and seamless, rounded features ease rider movement for improved control.The rider triangle is optimized for increased legroom, including a carefully considered handlebar position for enhanced comfort.ADDITIONAL FEATURESThe YZ450F features a compact electric starter system to minimize restart delays and add convenience.Additional top-spec details include wide foot pegs, quick-adjust clutch perch and gold drive chain with YZ450F-specific chain guide.",,http://images.auction123.com/5be812ce-fb36-4694-beac-43bea97b8d08/JYACJ40C7TA002995/01.jpg?web001lnw|http://images.auction123.com/5be812ce-fb36-4694-beac-43bea97b8d08/JYACJ40C7TA002995/02.jpg?web001lnw|http://images.auction123.com/5be812ce-fb36-4694-beac-43bea97b8d08/JYACJ40C7TA002995/03.jpg?web001lnw|http://images.auction123.com/5be812ce-fb36-4694-beac-43bea97b8d08/JYACJ40C7TA002995/04.jpg?web001lnw|http://images.auction123.com/5be812ce-fb36-4694-beac-43bea97b8d08/JYACJ40C7TA002995/05.jpg?web001lnw|http://images.auction123.com/5be812ce-fb36-4694-beac-43bea97b8d08/JYACJ40C7TA002995/06.jpg?web001lnw|http://images.auction123.com/5be812ce-fb36-4694-beac-43bea97b8d08/JYACJ40C7TA002995/07.jpg?web001lnw|http://images.auction123.com/5be812ce-fb36-4694-beac-43bea97b8d08/JYACJ40C7TA002995/08.jpg?web001lnw|http://images.auction123.com/5be812ce-fb36-4694-beac-43bea97b8d08/JYACJ40C7TA002995/09.jpg?web001lnw|http://images.auction123.com/5be812ce-fb36-4694-beac-43bea97b8d08/JYACJ40C7TA002995/10.jpg?web001lnw|http://images.auction123.com/5be812ce-fb36-4694-beac-43bea97b8d08/JYACJ40C7TA002995/11.jpg?web001lnw|http://images.auction123.com/5be812ce-fb36-4694-beac-43bea97b8d08/JYACJ40C7TA002995/12.jpg?web001lnw|http://images.auction123.com/5be812ce-fb36-4694-beac-43bea97b8d08/JYACJ40C7TA002995/13.jpg?web001lnw|http://images.auction123.com/5be812ce-fb36-4694-beac-43bea97b8d08/JYACJ40C7TA002995/14.jpg?web001lnw|http://images.auction123.com/5be812ce-fb36-4694-beac-43bea97b8d08/JYACJ40C7TA002995/15.jpg?web001lnw|http://images.auction123.com/5be812ce-fb36-4694-beac-43bea97b8d08/JYACJ40C7TA002995/16.jpg?web001lnw|http://images.auction123.com/5be812ce-fb36-4694-beac-43bea97b8d08/JYACJ40C7TA002995/17.jpg?web001lnw|http://images.auction123.com/5be812ce-fb36-4694-beac-43bea97b8d08/JYACJ40C7TA002995/18.jpg?web001lnw|http://images.auction123.com/5be812ce-fb36-4694-beac-43bea97b8d08/JYACJ40C7TA002995/19.jpg?web001lnw|http://images.auction123.com/5be812ce-fb36-4694-beac-43bea97b8d08/JYACJ40C7TA002995/20.jpg?web001lnw,,,02/03/2026,Off-Road,RideNow Beach Blvd,Single-Cylinder 450,,0,https://www.ridenowbeachblvd.com/New-Inventory-2026-Yamaha-Motorcycle-Scooter-YZ450F-70th-Anniversary-Edition-Ridenow-Beach-Blvd-18267900
20147,JYARM42E1TA001275,YA001275,N,2026,Yamaha,XSR700,,Motorcycle / Scooter,,,,0,,,,BLK,,8599.0,8599.0,06/10/2026,No,"2026 Yamaha XSR700BORN TOMORROWModern classic styling and crossplane concept twin for fun performance, all built to be uniquely customized.Features may include:Standout StyleThe XSR700 blends Yamaha&#8217;s world-class engineering with timeless style, creating a new type of machine for riders looking for an authentic and honest motorcycle that doesn&#8217;t sacrifice performance. Drawing influence from Yamaha&#8217;s classic &#8220;XS&#8221; series of motorcycles, the XSR oozes class with its exposed aluminum details, retro-influenced bodywork, stepped seat and custom lighting and instrumentation.Advanced Crossplane Crankshaft Concept EngineThe compact two-cylinder engine provides a unique power character with its outstanding torque and throttle response, complemented with strong high-rpm pulling power. It also features Yamaha&#8217;s &#8220;Crossplane Concept&#8221; 270-degree crank that provides linear torque development in response to the rider&#8217;s throttle input.Compact, Sporty ChassisThe narrow frame design features sport-oriented geometry to achieve light and nimble handling and is aided by the minimalist 410-pound wet weight and refined ergonomics.ENGINEThe Yamaha CP2&#39;s advanced Crossplane Concept 270-degree crank provides linear torque and a unique soundtrack.TheCP2&#39;s offset cylinder design reduces drag and improves efficiency.The XSR700&#39;s efficient fuel-injected CP2 engine delivers an exceptional 58 mpg.CHASSIS/SUSPENSIONThe 41mm front fork and link-type Monocross rear shock are tuned to provide an ideal balance of comfort and control.Powerful four-piston front calipers paired with large 298mm brake discs provide strong, controllable braking.",,http://images.auction123.com/5be812ce-fb36-4694-beac-43bea97b8d08/JYARM42E1TA001275/01.jpg?web001lnw|http://images.auction123.com/5be812ce-fb36-4694-beac-43bea97b8d08/JYARM42E1TA001275/02.jpg?web001lnw|http://images.auction123.com/5be812ce-fb36-4694-beac-43bea97b8d08/JYARM42E1TA001275/03.jpg?web001lnw,,,06/12/2026,Other,RideNow Beach Blvd,,,0,https://www.ridenowbeachblvd.com/New-Inventory-2026-Yamaha-Motorcycle-Scooter-XSR700-Ridenow-Beach-Blvd-18833258
20147,JYARM42E4TA001271,YA001271,N,2026,Yamaha,XSR700,,Motorcycle / Scooter,,,,0,,,,BLK,,8599.0,8599.0,06/10/2026,No,"2026 Yamaha XSR700BORN TOMORROWModern classic styling and crossplane concept twin for fun performance, all built to be uniquely customized.Features may include:Standout StyleThe XSR700 blends Yamaha&#8217;s world-class engineering with timeless style, creating a new type of machine for riders looking for an authentic and honest motorcycle that doesn&#8217;t sacrifice performance. Drawing influence from Yamaha&#8217;s classic &#8220;XS&#8221; series of motorcycles, the XSR oozes class with its exposed aluminum details, retro-influenced bodywork, stepped seat and custom lighting and instrumentation.Advanced Crossplane Crankshaft Concept EngineThe compact two-cylinder engine provides a unique power character with its outstanding torque and throttle response, complemented with strong high-rpm pulling power. It also features Yamaha&#8217;s &#8220;Crossplane Concept&#8221; 270-degree crank that provides linear torque development in response to the rider&#8217;s throttle input.Compact, Sporty ChassisThe narrow frame design features sport-oriented geometry to achieve light and nimble handling and is aided by the minimalist 410-pound wet weight and refined ergonomics.ENGINEThe Yamaha CP2&#39;s advanced Crossplane Concept 270-degree crank provides linear torque and a unique soundtrack.TheCP2&#39;s offset cylinder design reduces drag and improves efficiency.The XSR700&#39;s efficient fuel-injected CP2 engine delivers an exceptional 58 mpg.CHASSIS/SUSPENSIONThe 41mm front fork and link-type Monocross rear shock are tuned to provide an ideal balance of comfort and control.Powerful four-piston front calipers paired with large 298mm brake discs provide strong, controllable braking.",,http://images.auction123.com/5be812ce-fb36-4694-beac-43bea97b8d08/JYARM42E4TA001271/01.jpg?web001lnw|http://images.auction123.com/5be812ce-fb36-4694-beac-43bea97b8d08/JYARM42E4TA001271/02.jpg?web001lnw|http://images.auction123.com/5be812ce-fb36-4694-beac-43bea97b8d08/JYARM42E4TA001271/03.jpg?web001lnw|http://images.auction123.com/5be812ce-fb36-4694-beac-43bea97b8d08/JYARM42E4TA001271/04.jpg?web001lnw|http://images.auction123.com/5be812ce-fb36-4694-beac-43bea97b8d08/JYARM42E4TA001271/05.jpg?web001lnw|http://images.auction123.com/5be812ce-fb36-4694-beac-43bea97b8d08/JYARM42E4TA001271/06.jpg?web001lnw|http://images.auction123.com/5be812ce-fb36-4694-beac-43bea97b8d08/JYARM42E4TA001271/07.jpg?web001lnw|http://images.auction123.com/5be812ce-fb36-4694-beac-43bea97b8d08/JYARM42E4TA001271/08.jpg?web001lnw|http://images.auction123.com/5be812ce-fb36-4694-beac-43bea97b8d08/JYARM42E4TA001271/09.jpg?web001lnw|http://images.auction123.com/5be812ce-fb36-4694-beac-43bea97b8d08/JYARM42E4TA001271/10.jpg?web001lnw|http://images.auction123.com/5be812ce-fb36-4694-beac-43bea97b8d08/JYARM42E4TA001271/11.jpg?web001lnw|http://images.auction123.com/5be812ce-fb36-4694-beac-43bea97b8d08/JYARM42E4TA001271/12.jpg?web001lnw|http://images.auction123.com/5be812ce-fb36-4694-beac-43bea97b8d08/JYARM42E4TA001271/13.jpg?web001lnw|http://images.auction123.com/5be812ce-fb36-4694-beac-43bea97b8d08/JYARM42E4TA001271/14.jpg?web001lnw,,,06/12/2026,Other,RideNow Beach Blvd,,,0,https://www.ridenowbeachblvd.com/New-Inventory-2026-Yamaha-Motorcycle-Scooter-XSR700-Ridenow-Beach-Blvd-18833254
20147,JYARM48E0TA004496,YA004496,N,2026,Yamaha,MT-07,,Motorcycle / Scooter,,,,0,,,,BLU,,0.0,8599.0,01/09/2026,No,"2026 Yamaha MT-07DAWN OF A NEW DARKNESSThe new 2025 MT-07 is the highest specification yet, including new radially mounted front brake calipers, 41 mm inverted forks, lightweight SpinForged wheels and striking next-generation MT styling.Features may include:Advanced Twin-Cylinder DOHC EngineThe MT-07 features the renowned 689cc liquid-cooled, inline twin cylinder CP2 engine with fuel injection. The fun and characterful CP2 provides both outstanding low- to mid-range torque and strong high-RPM pulling power. Adding to the visceral connection between rider and machine, the MT-07 also features Acoustic Amplifying Technology which harnesses the CP2&#39;s induction roar, channeling it to the rider for an enhanced engine soundtrack and feeling of acceleration.Next-Generation Electronic Rider AidsThe advanced Yamaha Chip Controlled Throttle (YCC-T) contributes to a more linear power delivery and greater connection between rider and machine, while enabling next-generation electronic aids including Yamaha Ride Control (YRC) with three available throttle maps and switchable Traction Control. YRC includes two quick-select preset modes (SPORT and STREET) along with a customizable YRC mode allowing the rider to match their preferred power delivery to their preferred level of Traction Control.Highly Responsive KYB&#174; Adjustable SuspensionAn inverted 41mm KYB&#174; front fork offers high levels of control and a planted front-end feel when cornering and braking, all while providing the MT-07 with a more modern look. The linked-type monocross KYB&#174; rear shock is optimized to match the rigidity of the front fork, creating a more sporting ride.Radially Mounted Front BrakesProviding next-level stopping power, the 2026 MT-07 features large twin discs gripped by radially mounted 4-piston brake calipers. The design facilitates strong and consistent braking performance thanks to the increased rigidity, which ensures forces are equally distributed during hard braking.Five-Inch TFT Display with Smartphone ConnectivityRiders can link their smartphone to the MT-07&#39;s rich, full-color TFT display via Yamaha&#39;s free Y-Connect app. Functionality includes the ability to receive message notifications, calls and listen to music (through use of an aftermarket Bluetooth&#174; headset, not provided). Additionally, full turn-by-turn navigation is available through the Garmin&#174; StreetCross app to make each journey easier.Minimalist Next-Generation MT StylingStripped-back next-generation styling with a minimalist LED headlight unit creates a striking face clearly inspired by the Dark Side of Japan&#39;s distinctively modern styling aesthetic. With engineering and styling in perfect harmony, nothing is added to the MT-07 unless it truly enhances the riding experience. The result is a motorcycle which connects to its rider in a way few others can match.",,http://images.auction123.com/5be812ce-fb36-4694-beac-43bea97b8d08/JYARM48E0TA004496/01.jpg?web001lnw|http://images.auction123.com/5be812ce-fb36-4694-beac-43bea97b8d08/JYARM48E0TA004496/02.jpg?web001lnw|http://images.auction123.com/5be812ce-fb36-4694-beac-43bea97b8d08/JYARM48E0TA004496/03.jpg?web001lnw|http://images.auction123.com/5be812ce-fb36-4694-beac-43bea97b8d08/JYARM48E0TA004496/04.jpg?web001lnw|http://images.auction123.com/5be812ce-fb36-4694-beac-43bea97b8d08/JYARM48E0TA004496/05.jpg?web001lnw|http://images.auction123.com/5be812ce-fb36-4694-beac-43bea97b8d08/JYARM48E0TA004496/06.jpg?web001lnw|http://images.auction123.com/5be812ce-fb36-4694-beac-43bea97b8d08/JYARM48E0TA004496/07.jpg?web001lnw|http://images.auction123.com/5be812ce-fb36-4694-beac-43bea97b8d08/JYARM48E0TA004496/08.jpg?web001lnw|http://images.auction123.com/5be812ce-fb36-4694-beac-43bea97b8d08/JYARM48E0TA004496/09.jpg?web001lnw|http://images.auction123.com/5be812ce-fb36-4694-beac-43bea97b8d08/JYARM48E0TA004496/10.jpg?web001lnw|http://images.auction123.com/5be812ce-fb36-4694-beac-43bea97b8d08/JYARM48E0TA004496/11.jpg?web001lnw|http://images.auction123.com/5be812ce-fb36-4694-beac-43bea97b8d08/JYARM48E0TA004496/12.jpg?web001lnw|http://images.auction123.com/5be812ce-fb36-4694-beac-43bea97b8d08/JYARM48E0TA004496/13.jpg?web001lnw|http://images.auction123.com/5be812ce-fb36-4694-beac-43bea97b8d08/JYARM48E0TA004496/14.jpg?web001lnw|http://images.auction123.com/5be812ce-fb36-4694-beac-43bea97b8d08/JYARM48E0TA004496/15.jpg?web001lnw|http://images.auction123.com/5be812ce-fb36-4694-beac-43bea97b8d08/JYARM48E0TA004496/16.jpg?web001lnw|http://images.auction123.com/5be812ce-fb36-4694-beac-43bea97b8d08/JYARM48E0TA004496/17.jpg?web001lnw|http://images.auction123.com/5be812ce-fb36-4694-beac-43bea97b8d08/JYARM48E0TA004496/18.jpg?web001lnw|http://images.auction123.com/5be812ce-fb36-4694-beac-43bea97b8d08/JYARM48E0TA004496/19.jpg?web001lnw,,,01/25/2026,Other,RideNow Beach Blvd,,,0,https://www.ridenowbeachblvd.com/New-Inventory-2026-Yamaha-Motorcycle-Scooter-MT-07-Ridenow-Beach-Blvd-18196845
20147,JYARM48E1TA004779,YA004779,N,2026,Yamaha,MT,7,Motorcycle / Scooter,Manual,7,,0,,In-line 689,,GRY,,0.0,8599.0,01/09/2026,No,"2026 Yamaha MT-07DAWN OF A NEW DARKNESSThe new 2025 MT-07 is the highest specification yet, including new radially mounted front brake calipers, 41 mm inverted forks, lightweight SpinForged wheels and striking next-generation MT styling.Features may include:Advanced Twin-Cylinder DOHC EngineThe MT-07 features the renowned 689cc liquid-cooled, inline twin cylinder CP2 engine with fuel injection. The fun and characterful CP2 provides both outstanding low- to mid-range torque and strong high-RPM pulling power. Adding to the visceral connection between rider and machine, the MT-07 also features Acoustic Amplifying Technology which harnesses the CP2&#39;s induction roar, channeling it to the rider for an enhanced engine soundtrack and feeling of acceleration.Next-Generation Electronic Rider AidsThe advanced Yamaha Chip Controlled Throttle (YCC-T) contributes to a more linear power delivery and greater connection between rider and machine, while enabling next-generation electronic aids including Yamaha Ride Control (YRC) with three available throttle maps and switchable Traction Control. YRC includes two quick-select preset modes (SPORT and STREET) along with a customizable YRC mode allowing the rider to match their preferred power delivery to their preferred level of Traction Control.Highly Responsive KYB&#174; Adjustable SuspensionAn inverted 41mm KYB&#174; front fork offers high levels of control and a planted front-end feel when cornering and braking, all while providing the MT-07 with a more modern look. The linked-type monocross KYB&#174; rear shock is optimized to match the rigidity of the front fork, creating a more sporting ride.Radially Mounted Front BrakesProviding next-level stopping power, the 2026 MT-07 features large twin discs gripped by radially mounted 4-piston brake calipers. The design facilitates strong and consistent braking performance thanks to the increased rigidity, which ensures forces are equally distributed during hard braking.Five-Inch TFT Display with Smartphone ConnectivityRiders can link their smartphone to the MT-07&#39;s rich, full-color TFT display via Yamaha&#39;s free Y-Connect app. Functionality includes the ability to receive message notifications, calls and listen to music (through use of an aftermarket Bluetooth&#174; headset, not provided). Additionally, full turn-by-turn navigation is available through the Garmin&#174; StreetCross app to make each journey easier.Minimalist Next-Generation MT StylingStripped-back next-generation styling with a minimalist LED headlight unit creates a striking face clearly inspired by the Dark Side of Japan&#39;s distinctively modern styling aesthetic. With engineering and styling in perfect harmony, nothing is added to the MT-07 unless it truly enhances the riding experience. The result is a motorcycle which connects to its rider in a way few others can match.",,http://images.auction123.com/5be812ce-fb36-4694-beac-43bea97b8d08/JYARM48E1TA004779/01.jpg?web001lnw|http://images.auction123.com/5be812ce-fb36-4694-beac-43bea97b8d08/JYARM48E1TA004779/02.jpg?web001lnw|http://images.auction123.com/5be812ce-fb36-4694-beac-43bea97b8d08/JYARM48E1TA004779/03.jpg?web001lnw|http://images.auction123.com/5be812ce-fb36-4694-beac-43bea97b8d08/JYARM48E1TA004779/04.jpg?web001lnw|http://images.auction123.com/5be812ce-fb36-4694-beac-43bea97b8d08/JYARM48E1TA004779/05.jpg?web001lnw|http://images.auction123.com/5be812ce-fb36-4694-beac-43bea97b8d08/JYARM48E1TA004779/06.jpg?web001lnw|http://images.auction123.com/5be812ce-fb36-4694-beac-43bea97b8d08/JYARM48E1TA004779/07.jpg?web001lnw|http://images.auction123.com/5be812ce-fb36-4694-beac-43bea97b8d08/JYARM48E1TA004779/08.jpg?web001lnw|http://images.auction123.com/5be812ce-fb36-4694-beac-43bea97b8d08/JYARM48E1TA004779/09.jpg?web001lnw|http://images.auction123.com/5be812ce-fb36-4694-beac-43bea97b8d08/JYARM48E1TA004779/10.jpg?web001lnw|http://images.auction123.com/5be812ce-fb36-4694-beac-43bea97b8d08/JYARM48E1TA004779/11.jpg?web001lnw|http://images.auction123.com/5be812ce-fb36-4694-beac-43bea97b8d08/JYARM48E1TA004779/12.jpg?web001lnw|http://images.auction123.com/5be812ce-fb36-4694-beac-43bea97b8d08/JYARM48E1TA004779/13.jpg?web001lnw|http://images.auction123.com/5be812ce-fb36-4694-beac-43bea97b8d08/JYARM48E1TA004779/14.jpg?web001lnw|http://images.auction123.com/5be812ce-fb36-4694-beac-43bea97b8d08/JYARM48E1TA004779/15.jpg?web001lnw|http://images.auction123.com/5be812ce-fb36-4694-beac-43bea97b8d08/JYARM48E1TA004779/16.jpg?web001lnw|http://images.auction123.com/5be812ce-fb36-4694-beac-43bea97b8d08/JYARM48E1TA004779/17.jpg?web001lnw|http://images.auction123.com/5be812ce-fb36-4694-beac-43bea97b8d08/JYARM48E1TA004779/18.jpg?web001lnw,,,01/10/2026,Standard,RideNow Beach Blvd,In-line 689,,0,https://www.ridenowbeachblvd.com/New-Inventory-2026-Yamaha-Motorcycle-Scooter-MT-07-Ridenow-Beach-Blvd-18196843
20147,JYARM48E3TA004492,YA004492,N,2026,Yamaha,MT-07,,Motorcycle / Scooter,,,,0,,,,BLU,,0.0,8599.0,01/09/2026,No,"2026 Yamaha MT-07DAWN OF A NEW DARKNESSThe new 2025 MT-07 is the highest specification yet, including new radially mounted front brake calipers, 41 mm inverted forks, lightweight SpinForged wheels and striking next-generation MT styling.Features may include:Advanced Twin-Cylinder DOHC EngineThe MT-07 features the renowned 689cc liquid-cooled, inline twin cylinder CP2 engine with fuel injection. The fun and characterful CP2 provides both outstanding low- to mid-range torque and strong high-RPM pulling power. Adding to the visceral connection between rider and machine, the MT-07 also features Acoustic Amplifying Technology which harnesses the CP2&#39;s induction roar, channeling it to the rider for an enhanced engine soundtrack and feeling of acceleration.Next-Generation Electronic Rider AidsThe advanced Yamaha Chip Controlled Throttle (YCC-T) contributes to a more linear power delivery and greater connection between rider and machine, while enabling next-generation electronic aids including Yamaha Ride Control (YRC) with three available throttle maps and switchable Traction Control. YRC includes two quick-select preset modes (SPORT and STREET) along with a customizable YRC mode allowing the rider to match their preferred power delivery to their preferred level of Traction Control.Highly Responsive KYB&#174; Adjustable SuspensionAn inverted 41mm KYB&#174; front fork offers high levels of control and a planted front-end feel when cornering and braking, all while providing the MT-07 with a more modern look. The linked-type monocross KYB&#174; rear shock is optimized to match the rigidity of the front fork, creating a more sporting ride.Radially Mounted Front BrakesProviding next-level stopping power, the 2026 MT-07 features large twin discs gripped by radially mounted 4-piston brake calipers. The design facilitates strong and consistent braking performance thanks to the increased rigidity, which ensures forces are equally distributed during hard braking.Five-Inch TFT Display with Smartphone ConnectivityRiders can link their smartphone to the MT-07&#39;s rich, full-color TFT display via Yamaha&#39;s free Y-Connect app. Functionality includes the ability to receive message notifications, calls and listen to music (through use of an aftermarket Bluetooth&#174; headset, not provided). Additionally, full turn-by-turn navigation is available through the Garmin&#174; StreetCross app to make each journey easier.Minimalist Next-Generation MT StylingStripped-back next-generation styling with a minimalist LED headlight unit creates a striking face clearly inspired by the Dark Side of Japan&#39;s distinctively modern styling aesthetic. With engineering and styling in perfect harmony, nothing is added to the MT-07 unless it truly enhances the riding experience. The result is a motorcycle which connects to its rider in a way few others can match.",,http://images.auction123.com/5be812ce-fb36-4694-beac-43bea97b8d08/JYARM48E3TA004492/01.jpg?web001lnw|http://images.auction123.com/5be812ce-fb36-4694-beac-43bea97b8d08/JYARM48E3TA004492/02.jpg?web001lnw|http://images.auction123.com/5be812ce-fb36-4694-beac-43bea97b8d08/JYARM48E3TA004492/03.jpg?web001lnw|http://images.auction123.com/5be812ce-fb36-4694-beac-43bea97b8d08/JYARM48E3TA004492/04.jpg?web001lnw|http://images.auction123.com/5be812ce-fb36-4694-beac-43bea97b8d08/JYARM48E3TA004492/05.jpg?web001lnw|http://images.auction123.com/5be812ce-fb36-4694-beac-43bea97b8d08/JYARM48E3TA004492/06.jpg?web001lnw|http://images.auction123.com/5be812ce-fb36-4694-beac-43bea97b8d08/JYARM48E3TA004492/07.jpg?web001lnw|http://images.auction123.com/5be812ce-fb36-4694-beac-43bea97b8d08/JYARM48E3TA004492/08.jpg?web001lnw|http://images.auction123.com/5be812ce-fb36-4694-beac-43bea97b8d08/JYARM48E3TA004492/09.jpg?web001lnw|http://images.auction123.com/5be812ce-fb36-4694-beac-43bea97b8d08/JYARM48E3TA004492/10.jpg?web001lnw|http://images.auction123.com/5be812ce-fb36-4694-beac-43bea97b8d08/JYARM48E3TA004492/11.jpg?web001lnw|http://images.auction123.com/5be812ce-fb36-4694-beac-43bea97b8d08/JYARM48E3TA004492/12.jpg?web001lnw|http://images.auction123.com/5be812ce-fb36-4694-beac-43bea97b8d08/JYARM48E3TA004492/13.jpg?web001lnw|http://images.auction123.com/5be812ce-fb36-4694-beac-43bea97b8d08/JYARM48E3TA004492/14.jpg?web001lnw|http://images.auction123.com/5be812ce-fb36-4694-beac-43bea97b8d08/JYARM48E3TA004492/15.jpg?web001lnw|http://images.auction123.com/5be812ce-fb36-4694-beac-43bea97b8d08/JYARM48E3TA004492/16.jpg?web001lnw|http://images.auction123.com/5be812ce-fb36-4694-beac-43bea97b8d08/JYARM48E3TA004492/17.jpg?web001lnw|http://images.auction123.com/5be812ce-fb36-4694-beac-43bea97b8d08/JYARM48E3TA004492/18.jpg?web001lnw|http://images.auction123.com/5be812ce-fb36-4694-beac-43bea97b8d08/JYARM48E3TA004492/19.jpg?web001lnw,,,01/25/2026,Other,RideNow Beach Blvd,,,0,https://www.ridenowbeachblvd.com/New-Inventory-2026-Yamaha-Motorcycle-Scooter-MT-07-Ridenow-Beach-Blvd-18196859
20147,JYARM48E4TA004078,YA004078,N,2026,Yamaha,MT,7,Motorcycle / Scooter,Manual,7,,0,,In-line 689,,GRY,,0.0,8599.0,12/10/2025,No,"2026 Yamaha MT-07DAWN OF A NEW DARKNESSThe new 2025 MT-07 is the highest specification yet, including new radially mounted front brake calipers, 41 mm inverted forks, lightweight SpinForged wheels and striking next-generation MT styling.Features may include:Advanced Twin-Cylinder DOHC EngineThe MT-07 features the renowned 689cc liquid-cooled, inline twin cylinder CP2 engine with fuel injection. The fun and characterful CP2 provides both outstanding low- to mid-range torque and strong high-RPM pulling power. Adding to the visceral connection between rider and machine, the MT-07 also features Acoustic Amplifying Technology which harnesses the CP2&#39;s induction roar, channeling it to the rider for an enhanced engine soundtrack and feeling of acceleration.Next-Generation Electronic Rider AidsThe advanced Yamaha Chip Controlled Throttle (YCC-T) contributes to a more linear power delivery and greater connection between rider and machine, while enabling next-generation electronic aids including Yamaha Ride Control (YRC) with three available throttle maps and switchable Traction Control. YRC includes two quick-select preset modes (SPORT and STREET) along with a customizable YRC mode allowing the rider to match their preferred power delivery to their preferred level of Traction Control.Highly Responsive KYB&#174; Adjustable SuspensionAn inverted 41mm KYB&#174; front fork offers high levels of control and a planted front-end feel when cornering and braking, all while providing the MT-07 with a more modern look. The linked-type monocross KYB&#174; rear shock is optimized to match the rigidity of the front fork, creating a more sporting ride.Radially Mounted Front BrakesProviding next-level stopping power, the 2026 MT-07 features large twin discs gripped by radially mounted 4-piston brake calipers. The design facilitates strong and consistent braking performance thanks to the increased rigidity, which ensures forces are equally distributed during hard braking.Five-Inch TFT Display with Smartphone ConnectivityRiders can link their smartphone to the MT-07&#39;s rich, full-color TFT display via Yamaha&#39;s free Y-Connect app. Functionality includes the ability to receive message notifications, calls and listen to music (through use of an aftermarket Bluetooth&#174; headset, not provided). Additionally, full turn-by-turn navigation is available through the Garmin&#174; StreetCross app to make each journey easier.Minimalist Next-Generation MT StylingStripped-back next-generation styling with a minimalist LED headlight unit creates a striking face clearly inspired by the Dark Side of Japan&#39;s distinctively modern styling aesthetic. With engineering and styling in perfect harmony, nothing is added to the MT-07 unless it truly enhances the riding experience. The result is a motorcycle which connects to its rider in a way few others can match.",,http://images.auction123.com/5be812ce-fb36-4694-beac-43bea97b8d08/JYARM48E4TA004078/01.jpg?web001lnw|http://images.auction123.com/5be812ce-fb36-4694-beac-43bea97b8d08/JYARM48E4TA004078/02.jpg?web001lnw|http://images.auction123.com/5be812ce-fb36-4694-beac-43bea97b8d08/JYARM48E4TA004078/03.jpg?web001lnw|http://images.auction123.com/5be812ce-fb36-4694-beac-43bea97b8d08/JYARM48E4TA004078/04.jpg?web001lnw|http://images.auction123.com/5be812ce-fb36-4694-beac-43bea97b8d08/JYARM48E4TA004078/05.jpg?web001lnw|http://images.auction123.com/5be812ce-fb36-4694-beac-43bea97b8d08/JYARM48E4TA004078/06.jpg?web001lnw|http://images.auction123.com/5be812ce-fb36-4694-beac-43bea97b8d08/JYARM48E4TA004078/07.jpg?web001lnw|http://images.auction123.com/5be812ce-fb36-4694-beac-43bea97b8d08/JYARM48E4TA004078/08.jpg?web001lnw|http://images.auction123.com/5be812ce-fb36-4694-beac-43bea97b8d08/JYARM48E4TA004078/09.jpg?web001lnw|http://images.auction123.com/5be812ce-fb36-4694-beac-43bea97b8d08/JYARM48E4TA004078/10.jpg?web001lnw|http://images.auction123.com/5be812ce-fb36-4694-beac-43bea97b8d08/JYARM48E4TA004078/11.jpg?web001lnw|http://images.auction123.com/5be812ce-fb36-4694-beac-43bea97b8d08/JYARM48E4TA004078/12.jpg?web001lnw|http://images.auction123.com/5be812ce-fb36-4694-beac-43bea97b8d08/JYARM48E4TA004078/13.jpg?web001lnw|http://images.auction123.com/5be812ce-fb36-4694-beac-43bea97b8d08/JYARM48E4TA004078/14.jpg?web001lnw|http://images.auction123.com/5be812ce-fb36-4694-beac-43bea97b8d08/JYARM48E4TA004078/15.jpg?web001lnw|http://images.auction123.com/5be812ce-fb36-4694-beac-43bea97b8d08/JYARM48E4TA004078/16.jpg?web001lnw|http://images.auction123.com/5be812ce-fb36-4694-beac-43bea97b8d08/JYARM48E4TA004078/17.jpg?web001lnw|http://images.auction123.com/5be812ce-fb36-4694-beac-43bea97b8d08/JYARM48E4TA004078/18.jpg?web001lnw|http://images.auction123.com/5be812ce-fb36-4694-beac-43bea97b8d08/JYARM48E4TA004078/19.jpg?web001lnw,,,12/12/2025,Standard,RideNow Beach Blvd,In-line 689,,0,https://www.ridenowbeachblvd.com/New-Inventory-2026-Yamaha-Motorcycle-Scooter-MT-07-Ridenow-Beach-Blvd-18102361
20147,JYARM48E5TA004929,YA004929,N,2026,Yamaha,MT,7,Motorcycle / Scooter,Manual,7,,0,,In-line 689,,GRY,,0.0,8599.0,01/06/2026,No,"2026 Yamaha MT-07DAWN OF A NEW DARKNESSThe new 2025 MT-07 is the highest specification yet, including new radially mounted front brake calipers, 41 mm inverted forks, lightweight SpinForged wheels and striking next-generation MT styling.Features may include:Advanced Twin-Cylinder DOHC EngineThe MT-07 features the renowned 689cc liquid-cooled, inline twin cylinder CP2 engine with fuel injection. The fun and characterful CP2 provides both outstanding low- to mid-range torque and strong high-RPM pulling power. Adding to the visceral connection between rider and machine, the MT-07 also features Acoustic Amplifying Technology which harnesses the CP2&#39;s induction roar, channeling it to the rider for an enhanced engine soundtrack and feeling of acceleration.Next-Generation Electronic Rider AidsThe advanced Yamaha Chip Controlled Throttle (YCC-T) contributes to a more linear power delivery and greater connection between rider and machine, while enabling next-generation electronic aids including Yamaha Ride Control (YRC) with three available throttle maps and switchable Traction Control. YRC includes two quick-select preset modes (SPORT and STREET) along with a customizable YRC mode allowing the rider to match their preferred power delivery to their preferred level of Traction Control.Highly Responsive KYB&#174; Adjustable SuspensionAn inverted 41mm KYB&#174; front fork offers high levels of control and a planted front-end feel when cornering and braking, all while providing the MT-07 with a more modern look. The linked-type monocross KYB&#174; rear shock is optimized to match the rigidity of the front fork, creating a more sporting ride.Radially Mounted Front BrakesProviding next-level stopping power, the 2026 MT-07 features large twin discs gripped by radially mounted 4-piston brake calipers. The design facilitates strong and consistent braking performance thanks to the increased rigidity, which ensures forces are equally distributed during hard braking.Five-Inch TFT Display with Smartphone ConnectivityRiders can link their smartphone to the MT-07&#39;s rich, full-color TFT display via Yamaha&#39;s free Y-Connect app. Functionality includes the ability to receive message notifications, calls and listen to music (through use of an aftermarket Bluetooth&#174; headset, not provided). Additionally, full turn-by-turn navigation is available through the Garmin&#174; StreetCross app to make each journey easier.Minimalist Next-Generation MT StylingStripped-back next-generation styling with a minimalist LED headlight unit creates a striking face clearly inspired by the Dark Side of Japan&#39;s distinctively modern styling aesthetic. With engineering and styling in perfect harmony, nothing is added to the MT-07 unless it truly enhances the riding experience. The result is a motorcycle which connects to its rider in a way few others can match.",,http://images.auction123.com/5be812ce-fb36-4694-beac-43bea97b8d08/JYARM48E5TA004929/01.jpg?web001lnw|http://images.auction123.com/5be812ce-fb36-4694-beac-43bea97b8d08/JYARM48E5TA004929/02.jpg?web001lnw|http://images.auction123.com/5be812ce-fb36-4694-beac-43bea97b8d08/JYARM48E5TA004929/03.jpg?web001lnw|http://images.auction123.com/5be812ce-fb36-4694-beac-43bea97b8d08/JYARM48E5TA004929/04.jpg?web001lnw|http://images.auction123.com/5be812ce-fb36-4694-beac-43bea97b8d08/JYARM48E5TA004929/05.jpg?web001lnw|http://images.auction123.com/5be812ce-fb36-4694-beac-43bea97b8d08/JYARM48E5TA004929/06.jpg?web001lnw|http://images.auction123.com/5be812ce-fb36-4694-beac-43bea97b8d08/JYARM48E5TA004929/07.jpg?web001lnw|http://images.auction123.com/5be812ce-fb36-4694-beac-43bea97b8d08/JYARM48E5TA004929/08.jpg?web001lnw|http://images.auction123.com/5be812ce-fb36-4694-beac-43bea97b8d08/JYARM48E5TA004929/09.jpg?web001lnw|http://images.auction123.com/5be812ce-fb36-4694-beac-43bea97b8d08/JYARM48E5TA004929/10.jpg?web001lnw|http://images.auction123.com/5be812ce-fb36-4694-beac-43bea97b8d08/JYARM48E5TA004929/11.jpg?web001lnw|http://images.auction123.com/5be812ce-fb36-4694-beac-43bea97b8d08/JYARM48E5TA004929/12.jpg?web001lnw|http://images.auction123.com/5be812ce-fb36-4694-beac-43bea97b8d08/JYARM48E5TA004929/13.jpg?web001lnw|http://images.auction123.com/5be812ce-fb36-4694-beac-43bea97b8d08/JYARM48E5TA004929/14.jpg?web001lnw|http://images.auction123.com/5be812ce-fb36-4694-beac-43bea97b8d08/JYARM48E5TA004929/15.jpg?web001lnw|http://images.auction123.com/5be812ce-fb36-4694-beac-43bea97b8d08/JYARM48E5TA004929/16.jpg?web001lnw|http://images.auction123.com/5be812ce-fb36-4694-beac-43bea97b8d08/JYARM48E5TA004929/17.jpg?web001lnw|http://images.auction123.com/5be812ce-fb36-4694-beac-43bea97b8d08/JYARM48E5TA004929/18.jpg?web001lnw|http://images.auction123.com/5be812ce-fb36-4694-beac-43bea97b8d08/JYARM48E5TA004929/19.jpg?web001lnw,,,01/07/2026,Standard,RideNow Beach Blvd,In-line 689,,0,https://www.ridenowbeachblvd.com/New-Inventory-2026-Yamaha-Motorcycle-Scooter-MT-07-Ridenow-Beach-Blvd-18182879
20147,JYARM48E7TA005600,YA005600,N,2026,Yamaha,MT,7,Motorcycle / Scooter,Manual,7,,0,,In-line 689,,BLK,,8599.0,8599.0,02/24/2026,No,"2026 Yamaha MT-07DAWN OF A NEW DARKNESSThe new 2025 MT-07 is the highest specification yet, including new radially mounted front brake calipers, 41 mm inverted forks, lightweight SpinForged wheels and striking next-generation MT styling.Features may include:Advanced Twin-Cylinder DOHC EngineThe MT-07 features the renowned 689cc liquid-cooled, inline twin cylinder CP2 engine with fuel injection. The fun and characterful CP2 provides both outstanding low- to mid-range torque and strong high-RPM pulling power. Adding to the visceral connection between rider and machine, the MT-07 also features Acoustic Amplifying Technology which harnesses the CP2&#39;s induction roar, channeling it to the rider for an enhanced engine soundtrack and feeling of acceleration.Next-Generation Electronic Rider AidsThe advanced Yamaha Chip Controlled Throttle (YCC-T) contributes to a more linear power delivery and greater connection between rider and machine, while enabling next-generation electronic aids including Yamaha Ride Control (YRC) with three available throttle maps and switchable Traction Control. YRC includes two quick-select preset modes (SPORT and STREET) along with a customizable YRC mode allowing the rider to match their preferred power delivery to their preferred level of Traction Control.Highly Responsive KYB&#174; Adjustable SuspensionAn inverted 41mm KYB&#174; front fork offers high levels of control and a planted front-end feel when cornering and braking, all while providing the MT-07 with a more modern look. The linked-type monocross KYB&#174; rear shock is optimized to match the rigidity of the front fork, creating a more sporting ride.Radially Mounted Front BrakesProviding next-level stopping power, the 2026 MT-07 features large twin discs gripped by radially mounted 4-piston brake calipers. The design facilitates strong and consistent braking performance thanks to the increased rigidity, which ensures forces are equally distributed during hard braking.Five-Inch TFT Display with Smartphone ConnectivityRiders can link their smartphone to the MT-07&#39;s rich, full-color TFT display via Yamaha&#39;s free Y-Connect app. Functionality includes the ability to receive message notifications, calls and listen to music (through use of an aftermarket Bluetooth&#174; headset, not provided). Additionally, full turn-by-turn navigation is available through the Garmin&#174; StreetCross app to make each journey easier.Minimalist Next-Generation MT StylingStripped-back next-generation styling with a minimalist LED headlight unit creates a striking face clearly inspired by the Dark Side of Japan&#39;s distinctively modern styling aesthetic. With engineering and styling in perfect harmony, nothing is added to the MT-07 unless it truly enhances the riding experience. The result is a motorcycle which connects to its rider in a way few others can match.",,http://images.auction123.com/5be812ce-fb36-4694-beac-43bea97b8d08/JYARM48E7TA005600/01.jpg?web001lnw|http://images.auction123.com/5be812ce-fb36-4694-beac-43bea97b8d08/JYARM48E7TA005600/02.jpg?web001lnw|http://images.auction123.com/5be812ce-fb36-4694-beac-43bea97b8d08/JYARM48E7TA005600/03.jpg?web001lnw|http://images.auction123.com/5be812ce-fb36-4694-beac-43bea97b8d08/JYARM48E7TA005600/04.jpg?web001lnw|http://images.auction123.com/5be812ce-fb36-4694-beac-43bea97b8d08/JYARM48E7TA005600/05.jpg?web001lnw|http://images.auction123.com/5be812ce-fb36-4694-beac-43bea97b8d08/JYARM48E7TA005600/06.jpg?web001lnw|http://images.auction123.com/5be812ce-fb36-4694-beac-43bea97b8d08/JYARM48E7TA005600/07.jpg?web001lnw|http://images.auction123.com/5be812ce-fb36-4694-beac-43bea97b8d08/JYARM48E7TA005600/08.jpg?web001lnw|http://images.auction123.com/5be812ce-fb36-4694-beac-43bea97b8d08/JYARM48E7TA005600/09.jpg?web001lnw|http://images.auction123.com/5be812ce-fb36-4694-beac-43bea97b8d08/JYARM48E7TA005600/10.jpg?web001lnw|http://images.auction123.com/5be812ce-fb36-4694-beac-43bea97b8d08/JYARM48E7TA005600/11.jpg?web001lnw|http://images.auction123.com/5be812ce-fb36-4694-beac-43bea97b8d08/JYARM48E7TA005600/12.jpg?web001lnw|http://images.auction123.com/5be812ce-fb36-4694-beac-43bea97b8d08/JYARM48E7TA005600/13.jpg?web001lnw|http://images.auction123.com/5be812ce-fb36-4694-beac-43bea97b8d08/JYARM48E7TA005600/14.jpg?web001lnw|http://images.auction123.com/5be812ce-fb36-4694-beac-43bea97b8d08/JYARM48E7TA005600/15.jpg?web001lnw|http://images.auction123.com/5be812ce-fb36-4694-beac-43bea97b8d08/JYARM48E7TA005600/16.jpg?web001lnw|http://images.auction123.com/5be812ce-fb36-4694-beac-43bea97b8d08/JYARM48E7TA005600/17.jpg?web001lnw|http://images.auction123.com/5be812ce-fb36-4694-beac-43bea97b8d08/JYARM48E7TA005600/18.jpg?web001lnw|http://images.auction123.com/5be812ce-fb36-4694-beac-43bea97b8d08/JYARM48E7TA005600/19.jpg?web001lnw,,,04/03/2026,Standard,RideNow Beach Blvd,In-line 689,,0,https://www.ridenowbeachblvd.com/New-Inventory-2026-Yamaha-Motorcycle-Scooter-MT-07-RIDENOW-BEACH-BLVD-18349435
20147,JYARM48E8TA004424,YA004424,N,2026,Yamaha,MT-07,,Motorcycle / Scooter,,,,0,,,,BLU,,0.0,8599.0,01/09/2026,No,"2026 Yamaha MT-07DAWN OF A NEW DARKNESSThe new 2025 MT-07 is the highest specification yet, including new radially mounted front brake calipers, 41 mm inverted forks, lightweight SpinForged wheels and striking next-generation MT styling.Features may include:Advanced Twin-Cylinder DOHC EngineThe MT-07 features the renowned 689cc liquid-cooled, inline twin cylinder CP2 engine with fuel injection. The fun and characterful CP2 provides both outstanding low- to mid-range torque and strong high-RPM pulling power. Adding to the visceral connection between rider and machine, the MT-07 also features Acoustic Amplifying Technology which harnesses the CP2&#39;s induction roar, channeling it to the rider for an enhanced engine soundtrack and feeling of acceleration.Next-Generation Electronic Rider AidsThe advanced Yamaha Chip Controlled Throttle (YCC-T) contributes to a more linear power delivery and greater connection between rider and machine, while enabling next-generation electronic aids including Yamaha Ride Control (YRC) with three available throttle maps and switchable Traction Control. YRC includes two quick-select preset modes (SPORT and STREET) along with a customizable YRC mode allowing the rider to match their preferred power delivery to their preferred level of Traction Control.Highly Responsive KYB&#174; Adjustable SuspensionAn inverted 41mm KYB&#174; front fork offers high levels of control and a planted front-end feel when cornering and braking, all while providing the MT-07 with a more modern look. The linked-type monocross KYB&#174; rear shock is optimized to match the rigidity of the front fork, creating a more sporting ride.Radially Mounted Front BrakesProviding next-level stopping power, the 2026 MT-07 features large twin discs gripped by radially mounted 4-piston brake calipers. The design facilitates strong and consistent braking performance thanks to the increased rigidity, which ensures forces are equally distributed during hard braking.Five-Inch TFT Display with Smartphone ConnectivityRiders can link their smartphone to the MT-07&#39;s rich, full-color TFT display via Yamaha&#39;s free Y-Connect app. Functionality includes the ability to receive message notifications, calls and listen to music (through use of an aftermarket Bluetooth&#174; headset, not provided). Additionally, full turn-by-turn navigation is available through the Garmin&#174; StreetCross app to make each journey easier.Minimalist Next-Generation MT StylingStripped-back next-generation styling with a minimalist LED headlight unit creates a striking face clearly inspired by the Dark Side of Japan&#39;s distinctively modern styling aesthetic. With engineering and styling in perfect harmony, nothing is added to the MT-07 unless it truly enhances the riding experience. The result is a motorcycle which connects to its rider in a way few others can match.",,http://images.auction123.com/5be812ce-fb36-4694-beac-43bea97b8d08/JYARM48E8TA004424/01.jpg?web001lnw|http://images.auction123.com/5be812ce-fb36-4694-beac-43bea97b8d08/JYARM48E8TA004424/02.jpg?web001lnw|http://images.auction123.com/5be812ce-fb36-4694-beac-43bea97b8d08/JYARM48E8TA004424/03.jpg?web001lnw|http://images.auction123.com/5be812ce-fb36-4694-beac-43bea97b8d08/JYARM48E8TA004424/04.jpg?web001lnw|http://images.auction123.com/5be812ce-fb36-4694-beac-43bea97b8d08/JYARM48E8TA004424/05.jpg?web001lnw|http://images.auction123.com/5be812ce-fb36-4694-beac-43bea97b8d08/JYARM48E8TA004424/06.jpg?web001lnw|http://images.auction123.com/5be812ce-fb36-4694-beac-43bea97b8d08/JYARM48E8TA004424/07.jpg?web001lnw|http://images.auction123.com/5be812ce-fb36-4694-beac-43bea97b8d08/JYARM48E8TA004424/08.jpg?web001lnw|http://images.auction123.com/5be812ce-fb36-4694-beac-43bea97b8d08/JYARM48E8TA004424/09.jpg?web001lnw|http://images.auction123.com/5be812ce-fb36-4694-beac-43bea97b8d08/JYARM48E8TA004424/10.jpg?web001lnw|http://images.auction123.com/5be812ce-fb36-4694-beac-43bea97b8d08/JYARM48E8TA004424/11.jpg?web001lnw|http://images.auction123.com/5be812ce-fb36-4694-beac-43bea97b8d08/JYARM48E8TA004424/12.jpg?web001lnw|http://images.auction123.com/5be812ce-fb36-4694-beac-43bea97b8d08/JYARM48E8TA004424/13.jpg?web001lnw|http://images.auction123.com/5be812ce-fb36-4694-beac-43bea97b8d08/JYARM48E8TA004424/14.jpg?web001lnw|http://images.auction123.com/5be812ce-fb36-4694-beac-43bea97b8d08/JYARM48E8TA004424/15.jpg?web001lnw|http://images.auction123.com/5be812ce-fb36-4694-beac-43bea97b8d08/JYARM48E8TA004424/16.jpg?web001lnw|http://images.auction123.com/5be812ce-fb36-4694-beac-43bea97b8d08/JYARM48E8TA004424/17.jpg?web001lnw|http://images.auction123.com/5be812ce-fb36-4694-beac-43bea97b8d08/JYARM48E8TA004424/18.jpg?web001lnw|http://images.auction123.com/5be812ce-fb36-4694-beac-43bea97b8d08/JYARM48E8TA004424/19.jpg?web001lnw,,,01/25/2026,Other,RideNow Beach Blvd,,,0,https://www.ridenowbeachblvd.com/New-Inventory-2026-Yamaha-Motorcycle-Scooter-MT-07-Ridenow-Beach-Blvd-18196856
20147,JYARM48E9TA005601,ya005601,N,2026,Yamaha,MT,7,Motorcycle / Scooter,Manual,7,,0,,In-line 689,,BLK,,8599.0,8599.0,02/24/2026,No,"2026 Yamaha MT-07DAWN OF A NEW DARKNESSThe new 2025 MT-07 is the highest specification yet, including new radially mounted front brake calipers, 41 mm inverted forks, lightweight SpinForged wheels and striking next-generation MT styling.Features may include:Advanced Twin-Cylinder DOHC EngineThe MT-07 features the renowned 689cc liquid-cooled, inline twin cylinder CP2 engine with fuel injection. The fun and characterful CP2 provides both outstanding low- to mid-range torque and strong high-RPM pulling power. Adding to the visceral connection between rider and machine, the MT-07 also features Acoustic Amplifying Technology which harnesses the CP2&#39;s induction roar, channeling it to the rider for an enhanced engine soundtrack and feeling of acceleration.Next-Generation Electronic Rider AidsThe advanced Yamaha Chip Controlled Throttle (YCC-T) contributes to a more linear power delivery and greater connection between rider and machine, while enabling next-generation electronic aids including Yamaha Ride Control (YRC) with three available throttle maps and switchable Traction Control. YRC includes two quick-select preset modes (SPORT and STREET) along with a customizable YRC mode allowing the rider to match their preferred power delivery to their preferred level of Traction Control.Highly Responsive KYB&#174; Adjustable SuspensionAn inverted 41mm KYB&#174; front fork offers high levels of control and a planted front-end feel when cornering and braking, all while providing the MT-07 with a more modern look. The linked-type monocross KYB&#174; rear shock is optimized to match the rigidity of the front fork, creating a more sporting ride.Radially Mounted Front BrakesProviding next-level stopping power, the 2026 MT-07 features large twin discs gripped by radially mounted 4-piston brake calipers. The design facilitates strong and consistent braking performance thanks to the increased rigidity, which ensures forces are equally distributed during hard braking.Five-Inch TFT Display with Smartphone ConnectivityRiders can link their smartphone to the MT-07&#39;s rich, full-color TFT display via Yamaha&#39;s free Y-Connect app. Functionality includes the ability to receive message notifications, calls and listen to music (through use of an aftermarket Bluetooth&#174; headset, not provided). Additionally, full turn-by-turn navigation is available through the Garmin&#174; StreetCross app to make each journey easier.Minimalist Next-Generation MT StylingStripped-back next-generation styling with a minimalist LED headlight unit creates a striking face clearly inspired by the Dark Side of Japan&#39;s distinctively modern styling aesthetic. With engineering and styling in perfect harmony, nothing is added to the MT-07 unless it truly enhances the riding experience. The result is a motorcycle which connects to its rider in a way few others can match.",,http://images.auction123.com/5be812ce-fb36-4694-beac-43bea97b8d08/JYARM48E9TA005601/01.jpg?web001lnw|http://images.auction123.com/5be812ce-fb36-4694-beac-43bea97b8d08/JYARM48E9TA005601/02.jpg?web001lnw|http://images.auction123.com/5be812ce-fb36-4694-beac-43bea97b8d08/JYARM48E9TA005601/03.jpg?web001lnw|http://images.auction123.com/5be812ce-fb36-4694-beac-43bea97b8d08/JYARM48E9TA005601/04.jpg?web001lnw|http://images.auction123.com/5be812ce-fb36-4694-beac-43bea97b8d08/JYARM48E9TA005601/05.jpg?web001lnw|http://images.auction123.com/5be812ce-fb36-4694-beac-43bea97b8d08/JYARM48E9TA005601/06.jpg?web001lnw|http://images.auction123.com/5be812ce-fb36-4694-beac-43bea97b8d08/JYARM48E9TA005601/07.jpg?web001lnw|http://images.auction123.com/5be812ce-fb36-4694-beac-43bea97b8d08/JYARM48E9TA005601/08.jpg?web001lnw|http://images.auction123.com/5be812ce-fb36-4694-beac-43bea97b8d08/JYARM48E9TA005601/09.jpg?web001lnw|http://images.auction123.com/5be812ce-fb36-4694-beac-43bea97b8d08/JYARM48E9TA005601/10.jpg?web001lnw|http://images.auction123.com/5be812ce-fb36-4694-beac-43bea97b8d08/JYARM48E9TA005601/11.jpg?web001lnw|http://images.auction123.com/5be812ce-fb36-4694-beac-43bea97b8d08/JYARM48E9TA005601/12.jpg?web001lnw|http://images.auction123.com/5be812ce-fb36-4694-beac-43bea97b8d08/JYARM48E9TA005601/13.jpg?web001lnw|http://images.auction123.com/5be812ce-fb36-4694-beac-43bea97b8d08/JYARM48E9TA005601/14.jpg?web001lnw|http://images.auction123.com/5be812ce-fb36-4694-beac-43bea97b8d08/JYARM48E9TA005601/15.jpg?web001lnw|http://images.auction123.com/5be812ce-fb36-4694-beac-43bea97b8d08/JYARM48E9TA005601/16.jpg?web001lnw|http://images.auction123.com/5be812ce-fb36-4694-beac-43bea97b8d08/JYARM48E9TA005601/17.jpg?web001lnw|http://images.auction123.com/5be812ce-fb36-4694-beac-43bea97b8d08/JYARM48E9TA005601/18.jpg?web001lnw|http://images.auction123.com/5be812ce-fb36-4694-beac-43bea97b8d08/JYARM48E9TA005601/19.jpg?web001lnw,,,04/03/2026,Standard,RideNow Beach Blvd,In-line 689,,0,https://www.ridenowbeachblvd.com/New-Inventory-2026-Yamaha-Motorcycle-Scooter-MT-07-RIDENOW-BEACH-BLVD-18350087
20147,JYARM48EXTA003873,YA003873,N,2026,Yamaha,MT-07,,Motorcycle / Scooter,,,,0,,,,BLK,,0.0,8599.0,12/16/2025,No,"2026 Yamaha MT-07DAWN OF A NEW DARKNESSThe new 2025 MT-07 is the highest specification yet, including new radially mounted front brake calipers, 41 mm inverted forks, lightweight SpinForged wheels and striking next-generation MT styling.Features may include:Advanced Twin-Cylinder DOHC EngineThe MT-07 features the renowned 689cc liquid-cooled, inline twin cylinder CP2 engine with fuel injection. The fun and characterful CP2 provides both outstanding low- to mid-range torque and strong high-RPM pulling power. Adding to the visceral connection between rider and machine, the MT-07 also features Acoustic Amplifying Technology which harnesses the CP2&#39;s induction roar, channeling it to the rider for an enhanced engine soundtrack and feeling of acceleration.Next-Generation Electronic Rider AidsThe advanced Yamaha Chip Controlled Throttle (YCC-T) contributes to a more linear power delivery and greater connection between rider and machine, while enabling next-generation electronic aids including Yamaha Ride Control (YRC) with three available throttle maps and switchable Traction Control. YRC includes two quick-select preset modes (SPORT and STREET) along with a customizable YRC mode allowing the rider to match their preferred power delivery to their preferred level of Traction Control.Highly Responsive KYB&#174; Adjustable SuspensionAn inverted 41mm KYB&#174; front fork offers high levels of control and a planted front-end feel when cornering and braking, all while providing the MT-07 with a more modern look. The linked-type monocross KYB&#174; rear shock is optimized to match the rigidity of the front fork, creating a more sporting ride.Radially Mounted Front BrakesProviding next-level stopping power, the 2026 MT-07 features large twin discs gripped by radially mounted 4-piston brake calipers. The design facilitates strong and consistent braking performance thanks to the increased rigidity, which ensures forces are equally distributed during hard braking.Five-Inch TFT Display with Smartphone ConnectivityRiders can link their smartphone to the MT-07&#39;s rich, full-color TFT display via Yamaha&#39;s free Y-Connect app. Functionality includes the ability to receive message notifications, calls and listen to music (through use of an aftermarket Bluetooth&#174; headset, not provided). Additionally, full turn-by-turn navigation is available through the Garmin&#174; StreetCross app to make each journey easier.Minimalist Next-Generation MT StylingStripped-back next-generation styling with a minimalist LED headlight unit creates a striking face clearly inspired by the Dark Side of Japan&#39;s distinctively modern styling aesthetic. With engineering and styling in perfect harmony, nothing is added to the MT-07 unless it truly enhances the riding experience. The result is a motorcycle which connects to its rider in a way few others can match.",,http://images.auction123.com/5be812ce-fb36-4694-beac-43bea97b8d08/JYARM48EXTA003873/01.jpg?web001lnw|http://images.auction123.com/5be812ce-fb36-4694-beac-43bea97b8d08/JYARM48EXTA003873/02.jpg?web001lnw|http://images.auction123.com/5be812ce-fb36-4694-beac-43bea97b8d08/JYARM48EXTA003873/03.jpg?web001lnw|http://images.auction123.com/5be812ce-fb36-4694-beac-43bea97b8d08/JYARM48EXTA003873/04.jpg?web001lnw|http://images.auction123.com/5be812ce-fb36-4694-beac-43bea97b8d08/JYARM48EXTA003873/05.jpg?web001lnw|http://images.auction123.com/5be812ce-fb36-4694-beac-43bea97b8d08/JYARM48EXTA003873/06.jpg?web001lnw|http://images.auction123.com/5be812ce-fb36-4694-beac-43bea97b8d08/JYARM48EXTA003873/07.jpg?web001lnw|http://images.auction123.com/5be812ce-fb36-4694-beac-43bea97b8d08/JYARM48EXTA003873/08.jpg?web001lnw|http://images.auction123.com/5be812ce-fb36-4694-beac-43bea97b8d08/JYARM48EXTA003873/09.jpg?web001lnw|http://images.auction123.com/5be812ce-fb36-4694-beac-43bea97b8d08/JYARM48EXTA003873/10.jpg?web001lnw|http://images.auction123.com/5be812ce-fb36-4694-beac-43bea97b8d08/JYARM48EXTA003873/11.jpg?web001lnw|http://images.auction123.com/5be812ce-fb36-4694-beac-43bea97b8d08/JYARM48EXTA003873/12.jpg?web001lnw|http://images.auction123.com/5be812ce-fb36-4694-beac-43bea97b8d08/JYARM48EXTA003873/13.jpg?web001lnw|http://images.auction123.com/5be812ce-fb36-4694-beac-43bea97b8d08/JYARM48EXTA003873/14.jpg?web001lnw|http://images.auction123.com/5be812ce-fb36-4694-beac-43bea97b8d08/JYARM48EXTA003873/15.jpg?web001lnw|http://images.auction123.com/5be812ce-fb36-4694-beac-43bea97b8d08/JYARM48EXTA003873/16.jpg?web001lnw|http://images.auction123.com/5be812ce-fb36-4694-beac-43bea97b8d08/JYARM48EXTA003873/17.jpg?web001lnw|http://images.auction123.com/5be812ce-fb36-4694-beac-43bea97b8d08/JYARM48EXTA003873/18.jpg?web001lnw|http://images.auction123.com/5be812ce-fb36-4694-beac-43bea97b8d08/JYARM48EXTA003873/19.jpg?web001lnw,,,12/18/2025,Other,RideNow Beach Blvd,,,0,https://www.ridenowbeachblvd.com/New-Inventory-2026-Yamaha-Motorcycle-Scooter-MT-07-Ridenow-Beach-Blvd-18128978
20147,JYARM60E0TA001797,YA001797,N,2026,Yamaha,YZF-R7,,Motorcycle / Scooter,,,,0,,,,BLU,,9399.0,8799.0,03/14/2026,No,"2026 Yamaha YZF-R7SUPERSPORT REVOLUTIONThe 2026 YZF-R7 delivers proven CP2 power, a sharper handling chassis and ultra-sleek new styling that embodies the exhilarating next-generation of R World. Packed with a range of new features including a redesigned frame, enhanced ergonomics, an advanced electronics package and smartphone connectivity, the YZF-R7 is revolutionizing the Supersport class with the ultimate combination of performance, accessibility and price.Features may include:Ultra-Sleek New-Generation StylingSharp new aerodynamic styling fuses beauty and functionality with a compact front fairing design, slim, contoured side fairings, new aerodynamic winglets and LED turn signals now integrated into the rearview mirrors. Minimalist LED headlight and position lights combine with the R7&#39;s signature M-shaped duct and tail wing to reflect unmistakable Yamaha R-Series DNA from every angle.Iconic 70th Anniversary Edition StylingThe new 2026 YZF-R7 70th Anniversary Edition&#39;s aerodynamic next-generation R-Series design combines with iconic white and red speed block livery, gold Yamaha Tuning Fork emblems, and Anniversary Edition badge to celebrate the 1955 birth of Yamaha Motor Company and seven decades of motorsports excellence in standout style.Torquey CP2 PowerplantYamaha&#39;s proven 689cc twin-cylinder DOHC fuel-injected engine delivers excellent power and performance throughout the rpm range for an exhilarating ride and a true Supersport experience. Its 270-degree crossplane crankshaft provides linear torque for exciting acceleration and limited vibration.Tuned InductionContributing to the visceral connection between rider and machine, the new YZF-R7 adopts the same intake duct shape and asymmetrical funnel lengths as the current MT-07, harnessing the bike&#39;s induction roar for an enhanced feeling of acceleration from its renowned crossplane CP2 engine.New Five-Inch TFT & Enhanced ConnectivityA stunning new full-color five-inch TFT instrument display features four selectable themes along with a track-specific mode. Smartphone connectivity enabled through Yamaha&#39;s free Y-Connect app allows riders to receive message notifications, calls and listen to music (through use of an aftermarket Bluetooth&#174; headset, not provided). Additionally, full turn-by-turn navigation is now available through the free Garmin&#174; StreetCross app.New Third-Generation QuickshifterThe 2026 YZF-R7 is equipped with Yamaha&#39;s advanced third-generation Quick Shift System (QSS), enabling quick, clutchless upshifts and downshifts under both acceleration and deceleration. This system makes full-on acceleration on the track more exciting and downshifting faster and smoother with less chassis disruption when changing gears. The system operates at speeds above 10 mph, with upshifts above 2,000 RPM and downshifts above 1,600 RPM.",,http://images.auction123.com/5be812ce-fb36-4694-beac-43bea97b8d08/JYARM60E0TA001797/01.jpg?web001lnw|http://images.auction123.com/5be812ce-fb36-4694-beac-43bea97b8d08/JYARM60E0TA001797/02.jpg?web001lnw|http://images.auction123.com/5be812ce-fb36-4694-beac-43bea97b8d08/JYARM60E0TA001797/03.jpg?web001lnw|http://images.auction123.com/5be812ce-fb36-4694-beac-43bea97b8d08/JYARM60E0TA001797/04.jpg?web001lnw|http://images.auction123.com/5be812ce-fb36-4694-beac-43bea97b8d08/JYARM60E0TA001797/05.jpg?web001lnw|http://images.auction123.com/5be812ce-fb36-4694-beac-43bea97b8d08/JYARM60E0TA001797/06.jpg?web001lnw|http://images.auction123.com/5be812ce-fb36-4694-beac-43bea97b8d08/JYARM60E0TA001797/07.jpg?web001lnw|http://images.auction123.com/5be812ce-fb36-4694-beac-43bea97b8d08/JYARM60E0TA001797/08.jpg?web001lnw|http://images.auction123.com/5be812ce-fb36-4694-beac-43bea97b8d08/JYARM60E0TA001797/09.jpg?web001lnw|http://images.auction123.com/5be812ce-fb36-4694-beac-43bea97b8d08/JYARM60E0TA001797/10.jpg?web001lnw|http://images.auction123.com/5be812ce-fb36-4694-beac-43bea97b8d08/JYARM60E0TA001797/11.jpg?web001lnw|http://images.auction123.com/5be812ce-fb36-4694-beac-43bea97b8d08/JYARM60E0TA001797/12.jpg?web001lnw|http://images.auction123.com/5be812ce-fb36-4694-beac-43bea97b8d08/JYARM60E0TA001797/13.jpg?web001lnw|http://images.auction123.com/5be812ce-fb36-4694-beac-43bea97b8d08/JYARM60E0TA001797/14.jpg?web001lnw|http://images.auction123.com/5be812ce-fb36-4694-beac-43bea97b8d08/JYARM60E0TA001797/15.jpg?web001lnw|http://images.auction123.com/5be812ce-fb36-4694-beac-43bea97b8d08/JYARM60E0TA001797/16.jpg?web001lnw|http://images.auction123.com/5be812ce-fb36-4694-beac-43bea97b8d08/JYARM60E0TA001797/17.jpg?web001lnw|http://images.auction123.com/5be812ce-fb36-4694-beac-43bea97b8d08/JYARM60E0TA001797/18.jpg?web001lnw,,,04/03/2026,Other,RideNow Beach Blvd,,,0,https://www.ridenowbeachblvd.com/New-Inventory-2026-Yamaha-Motorcycle-Scooter-YZF-R7-RIDENOW-BEACH-BLVD-18425393
20147,JYARM60E0TA003288,YA003288,N,2026,Yamaha,YZF-R7,,Motorcycle / Scooter,,,,0,,,,YLLW / CYAN,,9399.0,9399.0,05/13/2026,No,"2026 Yamaha YZF-R7SUPERSPORT REVOLUTIONThe 2026 YZF-R7 delivers proven CP2 power, a sharper handling chassis and ultra-sleek new styling that embodies the exhilarating next-generation of R World. Packed with a range of new features including a redesigned frame, enhanced ergonomics, an advanced electronics package and smartphone connectivity, the YZF-R7 is revolutionizing the Supersport class with the ultimate combination of performance, accessibility and price.Features may include:Ultra-Sleek New-Generation StylingSharp new aerodynamic styling fuses beauty and functionality with a compact front fairing design, slim, contoured side fairings, new aerodynamic winglets and LED turn signals now integrated into the rearview mirrors. Minimalist LED headlight and position lights combine with the R7&#39;s signature M-shaped duct and tail wing to reflect unmistakable Yamaha R-Series DNA from every angle.Iconic 70th Anniversary Edition StylingThe new 2026 YZF-R7 70th Anniversary Edition&#39;s aerodynamic next-generation R-Series design combines with iconic white and red speed block livery, gold Yamaha Tuning Fork emblems, and Anniversary Edition badge to celebrate the 1955 birth of Yamaha Motor Company and seven decades of motorsports excellence in standout style.Torquey CP2 PowerplantYamaha&#39;s proven 689cc twin-cylinder DOHC fuel-injected engine delivers excellent power and performance throughout the rpm range for an exhilarating ride and a true Supersport experience. Its 270-degree crossplane crankshaft provides linear torque for exciting acceleration and limited vibration.Tuned InductionContributing to the visceral connection between rider and machine, the new YZF-R7 adopts the same intake duct shape and asymmetrical funnel lengths as the current MT-07, harnessing the bike&#39;s induction roar for an enhanced feeling of acceleration from its renowned crossplane CP2 engine.New Five-Inch TFT & Enhanced ConnectivityA stunning new full-color five-inch TFT instrument display features four selectable themes along with a track-specific mode. Smartphone connectivity enabled through Yamaha&#39;s free Y-Connect app allows riders to receive message notifications, calls and listen to music (through use of an aftermarket Bluetooth&#174; headset, not provided). Additionally, full turn-by-turn navigation is now available through the free Garmin&#174; StreetCross app.New Third-Generation QuickshifterThe 2026 YZF-R7 is equipped with Yamaha&#39;s advanced third-generation Quick Shift System (QSS), enabling quick, clutchless upshifts and downshifts under both acceleration and deceleration. This system makes full-on acceleration on the track more exciting and downshifting faster and smoother with less chassis disruption when changing gears. The system operates at speeds above 10 mph, with upshifts above 2,000 RPM and downshifts above 1,600 RPM.",,,,,05/14/2026,Other,RideNow Beach Blvd,,,0,https://www.ridenowbeachblvd.com/New-Inventory-2026-Yamaha-Motorcycle-Scooter-YZF-R7-RideNow-Beach-Blvd-18718831
20147,JYARM60E1TA003008,YA003008,N,2026,Yamaha,YZF-R7,,Motorcycle / Scooter,,,,0,,,,YLLW CYAN,,0.0,9399.0,04/30/2026,No,"2026 Yamaha YZF-R7SUPERSPORT REVOLUTIONThe 2026 YZF-R7 delivers proven CP2 power, a sharper handling chassis and ultra-sleek new styling that embodies the exhilarating next-generation of R World. Packed with a range of new features including a redesigned frame, enhanced ergonomics, an advanced electronics package and smartphone connectivity, the YZF-R7 is revolutionizing the Supersport class with the ultimate combination of performance, accessibility and price.Features may include:Ultra-Sleek New-Generation StylingSharp new aerodynamic styling fuses beauty and functionality with a compact front fairing design, slim, contoured side fairings, new aerodynamic winglets and LED turn signals now integrated into the rearview mirrors. Minimalist LED headlight and position lights combine with the R7&#39;s signature M-shaped duct and tail wing to reflect unmistakable Yamaha R-Series DNA from every angle.Iconic 70th Anniversary Edition StylingThe new 2026 YZF-R7 70th Anniversary Edition&#39;s aerodynamic next-generation R-Series design combines with iconic white and red speed block livery, gold Yamaha Tuning Fork emblems, and Anniversary Edition badge to celebrate the 1955 birth of Yamaha Motor Company and seven decades of motorsports excellence in standout style.Torquey CP2 PowerplantYamaha&#39;s proven 689cc twin-cylinder DOHC fuel-injected engine delivers excellent power and performance throughout the rpm range for an exhilarating ride and a true Supersport experience. Its 270-degree crossplane crankshaft provides linear torque for exciting acceleration and limited vibration.Tuned InductionContributing to the visceral connection between rider and machine, the new YZF-R7 adopts the same intake duct shape and asymmetrical funnel lengths as the current MT-07, harnessing the bike&#39;s induction roar for an enhanced feeling of acceleration from its renowned crossplane CP2 engine.New Five-Inch TFT & Enhanced ConnectivityA stunning new full-color five-inch TFT instrument display features four selectable themes along with a track-specific mode. Smartphone connectivity enabled through Yamaha&#39;s free Y-Connect app allows riders to receive message notifications, calls and listen to music (through use of an aftermarket Bluetooth&#174; headset, not provided). Additionally, full turn-by-turn navigation is now available through the free Garmin&#174; StreetCross app.New Third-Generation QuickshifterThe 2026 YZF-R7 is equipped with Yamaha&#39;s advanced third-generation Quick Shift System (QSS), enabling quick, clutchless upshifts and downshifts under both acceleration and deceleration. This system makes full-on acceleration on the track more exciting and downshifting faster and smoother with less chassis disruption when changing gears. The system operates at speeds above 10 mph, with upshifts above 2,000 RPM and downshifts above 1,600 RPM.",,http://images.auction123.com/5be812ce-fb36-4694-beac-43bea97b8d08/JYARM60E1TA003008/01.jpg?web001lnw|http://images.auction123.com/5be812ce-fb36-4694-beac-43bea97b8d08/JYARM60E1TA003008/02.jpg?web001lnw|http://images.auction123.com/5be812ce-fb36-4694-beac-43bea97b8d08/JYARM60E1TA003008/03.jpg?web001lnw|http://images.auction123.com/5be812ce-fb36-4694-beac-43bea97b8d08/JYARM60E1TA003008/04.jpg?web001lnw|http://images.auction123.com/5be812ce-fb36-4694-beac-43bea97b8d08/JYARM60E1TA003008/05.jpg?web001lnw|http://images.auction123.com/5be812ce-fb36-4694-beac-43bea97b8d08/JYARM60E1TA003008/06.jpg?web001lnw|http://images.auction123.com/5be812ce-fb36-4694-beac-43bea97b8d08/JYARM60E1TA003008/07.jpg?web001lnw|http://images.auction123.com/5be812ce-fb36-4694-beac-43bea97b8d08/JYARM60E1TA003008/08.jpg?web001lnw|http://images.auction123.com/5be812ce-fb36-4694-beac-43bea97b8d08/JYARM60E1TA003008/09.jpg?web001lnw|http://images.auction123.com/5be812ce-fb36-4694-beac-43bea97b8d08/JYARM60E1TA003008/10.jpg?web001lnw|http://images.auction123.com/5be812ce-fb36-4694-beac-43bea97b8d08/JYARM60E1TA003008/11.jpg?web001lnw|http://images.auction123.com/5be812ce-fb36-4694-beac-43bea97b8d08/JYARM60E1TA003008/12.jpg?web001lnw|http://images.auction123.com/5be812ce-fb36-4694-beac-43bea97b8d08/JYARM60E1TA003008/13.jpg?web001lnw,,,05/08/2026,Other,RideNow Beach Blvd,,,0,https://www.ridenowbeachblvd.com/New-Inventory-2026-Yamaha-Motorcycle-Scooter-YZF-R7-RIDENOW-BEACH-BLVD-18629341
20147,JYARM60E1TA004028,YA004028,N,2026,Yamaha,YZF-R7,,Motorcycle / Scooter,,,,0,,,,BLK,,9399.0,9399.0,05/13/2026,No,"2026 Yamaha YZF-R7SUPERSPORT REVOLUTIONThe 2026 YZF-R7 delivers proven CP2 power, a sharper handling chassis and ultra-sleek new styling that embodies the exhilarating next-generation of R World. Packed with a range of new features including a redesigned frame, enhanced ergonomics, an advanced electronics package and smartphone connectivity, the YZF-R7 is revolutionizing the Supersport class with the ultimate combination of performance, accessibility and price.Features may include:Ultra-Sleek New-Generation StylingSharp new aerodynamic styling fuses beauty and functionality with a compact front fairing design, slim, contoured side fairings, new aerodynamic winglets and LED turn signals now integrated into the rearview mirrors. Minimalist LED headlight and position lights combine with the R7&#39;s signature M-shaped duct and tail wing to reflect unmistakable Yamaha R-Series DNA from every angle.Iconic 70th Anniversary Edition StylingThe new 2026 YZF-R7 70th Anniversary Edition&#39;s aerodynamic next-generation R-Series design combines with iconic white and red speed block livery, gold Yamaha Tuning Fork emblems, and Anniversary Edition badge to celebrate the 1955 birth of Yamaha Motor Company and seven decades of motorsports excellence in standout style.Torquey CP2 PowerplantYamaha&#39;s proven 689cc twin-cylinder DOHC fuel-injected engine delivers excellent power and performance throughout the rpm range for an exhilarating ride and a true Supersport experience. Its 270-degree crossplane crankshaft provides linear torque for exciting acceleration and limited vibration.Tuned InductionContributing to the visceral connection between rider and machine, the new YZF-R7 adopts the same intake duct shape and asymmetrical funnel lengths as the current MT-07, harnessing the bike&#39;s induction roar for an enhanced feeling of acceleration from its renowned crossplane CP2 engine.New Five-Inch TFT & Enhanced ConnectivityA stunning new full-color five-inch TFT instrument display features four selectable themes along with a track-specific mode. Smartphone connectivity enabled through Yamaha&#39;s free Y-Connect app allows riders to receive message notifications, calls and listen to music (through use of an aftermarket Bluetooth&#174; headset, not provided). Additionally, full turn-by-turn navigation is now available through the free Garmin&#174; StreetCross app.New Third-Generation QuickshifterThe 2026 YZF-R7 is equipped with Yamaha&#39;s advanced third-generation Quick Shift System (QSS), enabling quick, clutchless upshifts and downshifts under both acceleration and deceleration. This system makes full-on acceleration on the track more exciting and downshifting faster and smoother with less chassis disruption when changing gears. The system operates at speeds above 10 mph, with upshifts above 2,000 RPM and downshifts above 1,600 RPM.",,,,,05/14/2026,Other,RideNow Beach Blvd,,,0,https://www.ridenowbeachblvd.com/New-Inventory-2026-Yamaha-Motorcycle-Scooter-YZF-R7-RideNow-Beach-Blvd-18718824
20147,JYARM60E1TA005163,YA005163,N,2026,Yamaha,YZF,,Motorcycle / Scooter,Manual,R7 70Th Anniversary Edition,,0,,In-line 689,,RED WHT,,9699.0,9699.0,06/03/2026,No,"2026 Yamaha YZF-R7 70th Anniversary EditionSUPERSPORT REVOLUTIONThe 2026 YZF-R7 delivers proven CP2 power, a sharper handling chassis and ultra-sleek new styling that embodies the exhilarating next-generation of R World. Packed with a range of new features including a redesigned frame, enhanced ergonomics, an advanced electronics package and smartphone connectivity, the YZF-R7 is revolutionizing the Supersport class with the ultimate combination of performance, accessibility and price.Features may include:Ultra-Sleek New-Generation StylingSharp new aerodynamic styling fuses beauty and functionality with a compact front fairing design, slim, contoured side fairings, new aerodynamic winglets and LED turn signals now integrated into the rearview mirrors. Minimalist LED headlight and position lights combine with the R7&#39;s signature M-shaped duct and tail wing to reflect unmistakable Yamaha R-Series DNA from every angle.Iconic 70th Anniversary Edition StylingThe new 2026 YZF-R7 70th Anniversary Edition&#39;s aerodynamic next-generation R-Series design combines with iconic white and red speed block livery, gold Yamaha Tuning Fork emblems, and Anniversary Edition badge to celebrate the 1955 birth of Yamaha Motor Company and seven decades of motorsports excellence in standout style.Torquey CP2 PowerplantYamaha&#39;s proven 689cc twin-cylinder DOHC fuel-injected engine delivers excellent power and performance throughout the rpm range for an exhilarating ride and a true Supersport experience. Its 270-degree crossplane crankshaft provides linear torque for exciting acceleration and limited vibration.Tuned InductionContributing to the visceral connection between rider and machine, the new YZF-R7 adopts the same intake duct shape and asymmetrical funnel lengths as the current MT-07, harnessing the bike&#39;s induction roar for an enhanced feeling of acceleration from its renowned crossplane CP2 engine.New Five-Inch TFT & Enhanced ConnectivityA stunning new full-color five-inch TFT instrument display features four selectable themes along with a track-specific mode. Smartphone connectivity enabled through Yamaha&#39;s free Y-Connect app allows riders to receive message notifications, calls and listen to music (through use of an aftermarket Bluetooth&#174; headset, not provided). Additionally, full turn-by-turn navigation is now available through the free Garmin&#174; StreetCross app.New Third-Generation QuickshifterThe 2026 YZF-R7 is equipped with Yamaha&#39;s advanced third-generation Quick Shift System (QSS), enabling quick, clutchless upshifts and downshifts under both acceleration and deceleration. This system makes full-on acceleration on the track more exciting and downshifting faster and smoother with less chassis disruption when changing gears. The system operates at speeds above 10 mph, with upshifts above 2,000 RPM and downshifts above 1,600 RPM.",,http://images.auction123.com/5be812ce-fb36-4694-beac-43bea97b8d08/JYARM60E1TA005163/01.jpg?web001lnw|http://images.auction123.com/5be812ce-fb36-4694-beac-43bea97b8d08/JYARM60E1TA005163/02.jpg?web001lnw|http://images.auction123.com/5be812ce-fb36-4694-beac-43bea97b8d08/JYARM60E1TA005163/03.jpg?web001lnw|http://images.auction123.com/5be812ce-fb36-4694-beac-43bea97b8d08/JYARM60E1TA005163/04.jpg?web001lnw|http://images.auction123.com/5be812ce-fb36-4694-beac-43bea97b8d08/JYARM60E1TA005163/05.jpg?web001lnw|http://images.auction123.com/5be812ce-fb36-4694-beac-43bea97b8d08/JYARM60E1TA005163/06.jpg?web001lnw|http://images.auction123.com/5be812ce-fb36-4694-beac-43bea97b8d08/JYARM60E1TA005163/07.jpg?web001lnw|http://images.auction123.com/5be812ce-fb36-4694-beac-43bea97b8d08/JYARM60E1TA005163/08.jpg?web001lnw|http://images.auction123.com/5be812ce-fb36-4694-beac-43bea97b8d08/JYARM60E1TA005163/09.jpg?web001lnw|http://images.auction123.com/5be812ce-fb36-4694-beac-43bea97b8d08/JYARM60E1TA005163/10.jpg?web001lnw|http://images.auction123.com/5be812ce-fb36-4694-beac-43bea97b8d08/JYARM60E1TA005163/11.jpg?web001lnw|http://images.auction123.com/5be812ce-fb36-4694-beac-43bea97b8d08/JYARM60E1TA005163/12.jpg?web001lnw|http://images.auction123.com/5be812ce-fb36-4694-beac-43bea97b8d08/JYARM60E1TA005163/13.jpg?web001lnw|http://images.auction123.com/5be812ce-fb36-4694-beac-43bea97b8d08/JYARM60E1TA005163/14.jpg?web001lnw|http://images.auction123.com/5be812ce-fb36-4694-beac-43bea97b8d08/JYARM60E1TA005163/15.jpg?web001lnw|http://images.auction123.com/5be812ce-fb36-4694-beac-43bea97b8d08/JYARM60E1TA005163/16.jpg?web001lnw|http://images.auction123.com/5be812ce-fb36-4694-beac-43bea97b8d08/JYARM60E1TA005163/17.jpg?web001lnw|http://images.auction123.com/5be812ce-fb36-4694-beac-43bea97b8d08/JYARM60E1TA005163/18.jpg?web001lnw|http://images.auction123.com/5be812ce-fb36-4694-beac-43bea97b8d08/JYARM60E1TA005163/19.jpg?web001lnw|http://images.auction123.com/5be812ce-fb36-4694-beac-43bea97b8d08/JYARM60E1TA005163/20.jpg?web001lnw,,,06/03/2026,Standard,RideNow Beach Blvd,In-line 689,,0,https://www.ridenowbeachblvd.com/New-Inventory-2026-Yamaha-Motorcycle-Scooter-YZF-R7-70th-Anniversary-Edition-Ridenow-Beach-Blvd-18804763
20147,JYARM60E2TA001901,YA001901,N,2026,Yamaha,YZF-R7 70th Anniversary Edition,,Motorcycle / Scooter,,,,0,,,,WHT RED,,0.0,9699.0,04/23/2026,No,"2026 Yamaha YZF-R7 70th Anniversary EditionSUPERSPORT REVOLUTIONThe 2026 YZF-R7 delivers proven CP2 power, a sharper handling chassis and ultra-sleek new styling that embodies the exhilarating next-generation of R World. Packed with a range of new features including a redesigned frame, enhanced ergonomics, an advanced electronics package and smartphone connectivity, the YZF-R7 is revolutionizing the Supersport class with the ultimate combination of performance, accessibility and price.Features may include:Ultra-Sleek New-Generation StylingSharp new aerodynamic styling fuses beauty and functionality with a compact front fairing design, slim, contoured side fairings, new aerodynamic winglets and LED turn signals now integrated into the rearview mirrors. Minimalist LED headlight and position lights combine with the R7&#39;s signature M-shaped duct and tail wing to reflect unmistakable Yamaha R-Series DNA from every angle.Iconic 70th Anniversary Edition StylingThe new 2026 YZF-R7 70th Anniversary Edition&#39;s aerodynamic next-generation R-Series design combines with iconic white and red speed block livery, gold Yamaha Tuning Fork emblems, and Anniversary Edition badge to celebrate the 1955 birth of Yamaha Motor Company and seven decades of motorsports excellence in standout style.Torquey CP2 PowerplantYamaha&#39;s proven 689cc twin-cylinder DOHC fuel-injected engine delivers excellent power and performance throughout the rpm range for an exhilarating ride and a true Supersport experience. Its 270-degree crossplane crankshaft provides linear torque for exciting acceleration and limited vibration.Tuned InductionContributing to the visceral connection between rider and machine, the new YZF-R7 adopts the same intake duct shape and asymmetrical funnel lengths as the current MT-07, harnessing the bike&#39;s induction roar for an enhanced feeling of acceleration from its renowned crossplane CP2 engine.New Five-Inch TFT & Enhanced ConnectivityA stunning new full-color five-inch TFT instrument display features four selectable themes along with a track-specific mode. Smartphone connectivity enabled through Yamaha&#39;s free Y-Connect app allows riders to receive message notifications, calls and listen to music (through use of an aftermarket Bluetooth&#174; headset, not provided). Additionally, full turn-by-turn navigation is now available through the free Garmin&#174; StreetCross app.New Third-Generation QuickshifterThe 2026 YZF-R7 is equipped with Yamaha&#39;s advanced third-generation Quick Shift System (QSS), enabling quick, clutchless upshifts and downshifts under both acceleration and deceleration. This system makes full-on acceleration on the track more exciting and downshifting faster and smoother with less chassis disruption when changing gears. The system operates at speeds above 10 mph, with upshifts above 2,000 RPM and downshifts above 1,600 RPM.",,http://images.auction123.com/5be812ce-fb36-4694-beac-43bea97b8d08/JYARM60E2TA001901/01.jpg?web001lnw|http://images.auction123.com/5be812ce-fb36-4694-beac-43bea97b8d08/JYARM60E2TA001901/02.jpg?web001lnw|http://images.auction123.com/5be812ce-fb36-4694-beac-43bea97b8d08/JYARM60E2TA001901/03.jpg?web001lnw|http://images.auction123.com/5be812ce-fb36-4694-beac-43bea97b8d08/JYARM60E2TA001901/04.jpg?web001lnw|http://images.auction123.com/5be812ce-fb36-4694-beac-43bea97b8d08/JYARM60E2TA001901/05.jpg?web001lnw|http://images.auction123.com/5be812ce-fb36-4694-beac-43bea97b8d08/JYARM60E2TA001901/06.jpg?web001lnw|http://images.auction123.com/5be812ce-fb36-4694-beac-43bea97b8d08/JYARM60E2TA001901/07.jpg?web001lnw|http://images.auction123.com/5be812ce-fb36-4694-beac-43bea97b8d08/JYARM60E2TA001901/08.jpg?web001lnw|http://images.auction123.com/5be812ce-fb36-4694-beac-43bea97b8d08/JYARM60E2TA001901/09.jpg?web001lnw|http://images.auction123.com/5be812ce-fb36-4694-beac-43bea97b8d08/JYARM60E2TA001901/10.jpg?web001lnw|http://images.auction123.com/5be812ce-fb36-4694-beac-43bea97b8d08/JYARM60E2TA001901/11.jpg?web001lnw|http://images.auction123.com/5be812ce-fb36-4694-beac-43bea97b8d08/JYARM60E2TA001901/12.jpg?web001lnw|http://images.auction123.com/5be812ce-fb36-4694-beac-43bea97b8d08/JYARM60E2TA001901/13.jpg?web001lnw|http://images.auction123.com/5be812ce-fb36-4694-beac-43bea97b8d08/JYARM60E2TA001901/14.jpg?web001lnw|http://images.auction123.com/5be812ce-fb36-4694-beac-43bea97b8d08/JYARM60E2TA001901/15.jpg?web001lnw|http://images.auction123.com/5be812ce-fb36-4694-beac-43bea97b8d08/JYARM60E2TA001901/16.jpg?web001lnw|http://images.auction123.com/5be812ce-fb36-4694-beac-43bea97b8d08/JYARM60E2TA001901/17.jpg?web001lnw|http://images.auction123.com/5be812ce-fb36-4694-beac-43bea97b8d08/JYARM60E2TA001901/18.jpg?web001lnw|http://images.auction123.com/5be812ce-fb36-4694-beac-43bea97b8d08/JYARM60E2TA001901/19.jpg?web001lnw|http://images.auction123.com/5be812ce-fb36-4694-beac-43bea97b8d08/JYARM60E2TA001901/20.jpg?web001lnw,,,05/07/2026,Other,RideNow Beach Blvd,,,0,https://www.ridenowbeachblvd.com/New-Inventory-2026-Yamaha-Motorcycle-Scooter-YZF-R7-70th-Anniversary-Edition-RIDENOW-BEACH-BLVD-18601911
20147,JYARM60E2TA004605,YA004605,N,2026,Yamaha,YZF-R7 70th Anniversary Edition,,Motorcycle / Scooter,,,,0,,,,RED,,9699.0,9699.0,05/22/2026,No,"2026 Yamaha YZF-R7 70th Anniversary EditionSUPERSPORT REVOLUTIONThe 2026 YZF-R7 delivers proven CP2 power, a sharper handling chassis and ultra-sleek new styling that embodies the exhilarating next-generation of R World. Packed with a range of new features including a redesigned frame, enhanced ergonomics, an advanced electronics package and smartphone connectivity, the YZF-R7 is revolutionizing the Supersport class with the ultimate combination of performance, accessibility and price.Features may include:Ultra-Sleek New-Generation StylingSharp new aerodynamic styling fuses beauty and functionality with a compact front fairing design, slim, contoured side fairings, new aerodynamic winglets and LED turn signals now integrated into the rearview mirrors. Minimalist LED headlight and position lights combine with the R7&#39;s signature M-shaped duct and tail wing to reflect unmistakable Yamaha R-Series DNA from every angle.Iconic 70th Anniversary Edition StylingThe new 2026 YZF-R7 70th Anniversary Edition&#39;s aerodynamic next-generation R-Series design combines with iconic white and red speed block livery, gold Yamaha Tuning Fork emblems, and Anniversary Edition badge to celebrate the 1955 birth of Yamaha Motor Company and seven decades of motorsports excellence in standout style.Torquey CP2 PowerplantYamaha&#39;s proven 689cc twin-cylinder DOHC fuel-injected engine delivers excellent power and performance throughout the rpm range for an exhilarating ride and a true Supersport experience. Its 270-degree crossplane crankshaft provides linear torque for exciting acceleration and limited vibration.Tuned InductionContributing to the visceral connection between rider and machine, the new YZF-R7 adopts the same intake duct shape and asymmetrical funnel lengths as the current MT-07, harnessing the bike&#39;s induction roar for an enhanced feeling of acceleration from its renowned crossplane CP2 engine.New Five-Inch TFT & Enhanced ConnectivityA stunning new full-color five-inch TFT instrument display features four selectable themes along with a track-specific mode. Smartphone connectivity enabled through Yamaha&#39;s free Y-Connect app allows riders to receive message notifications, calls and listen to music (through use of an aftermarket Bluetooth&#174; headset, not provided). Additionally, full turn-by-turn navigation is now available through the free Garmin&#174; StreetCross app.New Third-Generation QuickshifterThe 2026 YZF-R7 is equipped with Yamaha&#39;s advanced third-generation Quick Shift System (QSS), enabling quick, clutchless upshifts and downshifts under both acceleration and deceleration. This system makes full-on acceleration on the track more exciting and downshifting faster and smoother with less chassis disruption when changing gears. The system operates at speeds above 10 mph, with upshifts above 2,000 RPM and downshifts above 1,600 RPM.",,http://images.auction123.com/5be812ce-fb36-4694-beac-43bea97b8d08/JYARM60E2TA004605/01.jpg?web001lnw|http://images.auction123.com/5be812ce-fb36-4694-beac-43bea97b8d08/JYARM60E2TA004605/02.jpg?web001lnw|http://images.auction123.com/5be812ce-fb36-4694-beac-43bea97b8d08/JYARM60E2TA004605/03.jpg?web001lnw|http://images.auction123.com/5be812ce-fb36-4694-beac-43bea97b8d08/JYARM60E2TA004605/04.jpg?web001lnw|http://images.auction123.com/5be812ce-fb36-4694-beac-43bea97b8d08/JYARM60E2TA004605/05.jpg?web001lnw|http://images.auction123.com/5be812ce-fb36-4694-beac-43bea97b8d08/JYARM60E2TA004605/06.jpg?web001lnw|http://images.auction123.com/5be812ce-fb36-4694-beac-43bea97b8d08/JYARM60E2TA004605/07.jpg?web001lnw|http://images.auction123.com/5be812ce-fb36-4694-beac-43bea97b8d08/JYARM60E2TA004605/08.jpg?web001lnw|http://images.auction123.com/5be812ce-fb36-4694-beac-43bea97b8d08/JYARM60E2TA004605/09.jpg?web001lnw|http://images.auction123.com/5be812ce-fb36-4694-beac-43bea97b8d08/JYARM60E2TA004605/10.jpg?web001lnw|http://images.auction123.com/5be812ce-fb36-4694-beac-43bea97b8d08/JYARM60E2TA004605/11.jpg?web001lnw|http://images.auction123.com/5be812ce-fb36-4694-beac-43bea97b8d08/JYARM60E2TA004605/12.jpg?web001lnw|http://images.auction123.com/5be812ce-fb36-4694-beac-43bea97b8d08/JYARM60E2TA004605/13.jpg?web001lnw|http://images.auction123.com/5be812ce-fb36-4694-beac-43bea97b8d08/JYARM60E2TA004605/14.jpg?web001lnw|http://images.auction123.com/5be812ce-fb36-4694-beac-43bea97b8d08/JYARM60E2TA004605/15.jpg?web001lnw|http://images.auction123.com/5be812ce-fb36-4694-beac-43bea97b8d08/JYARM60E2TA004605/16.jpg?web001lnw|http://images.auction123.com/5be812ce-fb36-4694-beac-43bea97b8d08/JYARM60E2TA004605/17.jpg?web001lnw|http://images.auction123.com/5be812ce-fb36-4694-beac-43bea97b8d08/JYARM60E2TA004605/18.jpg?web001lnw|http://images.auction123.com/5be812ce-fb36-4694-beac-43bea97b8d08/JYARM60E2TA004605/19.jpg?web001lnw|http://images.auction123.com/5be812ce-fb36-4694-beac-43bea97b8d08/JYARM60E2TA004605/20.jpg?web001lnw,,,06/03/2026,Other,RideNow Beach Blvd,,,0,https://www.ridenowbeachblvd.com/New-Inventory-2026-Yamaha-Motorcycle-Scooter-YZF-R7-70th-Anniversary-Edition-Ridenow-Beach-Blvd-18761800
20147,JYARM60E4TA004606,YA004606,N,2026,Yamaha,YZF-R3 70th Anniversary Edition,,Motorcycle / Scooter,,,,0,,,,RED,,9699.0,9699.0,05/22/2026,No,"2026 Yamaha YZF-R3 70th Anniversary EditionR WORLD IS CALLINGYamaha&#39;s celebrated entry into R World, the YZF-R3 is powered by a high-revving 321cc engine with an emphasis on lightweight, nimble handling and real-world practicality. A perfect choice for everyone from beginning riders to experienced track day enthusiasts, the R3 strikes the right balance of thrilling Supersport performance and everyday comfort in a fun, sporty package that shows off its distinctive R-Series pedigree from every angle.Features may include:Next Generation R-Series StylingInspired by the flowing aerodynamics of Yamaha&#39;s YZR-M1 MotoGP&#174; race bike, the 2026 YZF-R3&#39;s distinctive R-Series pedigree is recognizable at a glance with its aggressive front fairing, sleek side panels and a sporty tail section with signature R-series tail wing.Iconic 70th Anniversary Edition StylingCelebrate seven decades of motorsports excellence with the 2026 YZF-R3 70th Anniversary Edition. Throwback white and red speed block livery, gold Yamaha Tuning Fork emblems, and Anniversary Edition badge combine with the R3&#39;s sleek, modern R-Series design to commemorate the 1955 birth of Yamaha Motor Company in standout style.Modern LED LightingAdvanced LED lighting adds a modern look, including a single projector-type headlight flanked by four-element position lights, along with LED tail lights and turn signals.Smartphone ConnectivityThe 2026 YZF-R3 features Yamaha Motorcycle Connect (Y-Connect) smartphone connectivity which works in conjunction with the free-of-charge Y-Connect app (available for iOS and Android) to enable a direct connection between motorcycle and smartphone. Y-Connect capability for the R3 includes the ability to view incoming call, email and message notifications. Additional useful functions include monitoring and notifying the rider or other contact of motorcycle technical issues, and also the ability to track and record key motorcycle ride data within the app, including distance covered, fuel consumption, acceleration, motorcycle location and much more.LCD Instrument DisplayAn LCD instrument cluster displays connected smartphone information along with vital vehicle data. There is also a USB-A socket located next to the display providing convenient power for phone charging or heated gear.Advanced Assist & Slipper ClutchThe Assist & Slipper clutch utilizes an assist cam and slipper cam to help inhibit excessive engine braking for a smooth, easy-to-handle feeling during downshifts while also reducing the amount of force required to pull the clutch lever for less hand fatigue.",,http://images.auction123.com/5be812ce-fb36-4694-beac-43bea97b8d08/JYARM60E4TA004606/01.jpg?web001lnw|http://images.auction123.com/5be812ce-fb36-4694-beac-43bea97b8d08/JYARM60E4TA004606/02.jpg?web001lnw|http://images.auction123.com/5be812ce-fb36-4694-beac-43bea97b8d08/JYARM60E4TA004606/03.jpg?web001lnw|http://images.auction123.com/5be812ce-fb36-4694-beac-43bea97b8d08/JYARM60E4TA004606/04.jpg?web001lnw|http://images.auction123.com/5be812ce-fb36-4694-beac-43bea97b8d08/JYARM60E4TA004606/05.jpg?web001lnw|http://images.auction123.com/5be812ce-fb36-4694-beac-43bea97b8d08/JYARM60E4TA004606/06.jpg?web001lnw|http://images.auction123.com/5be812ce-fb36-4694-beac-43bea97b8d08/JYARM60E4TA004606/07.jpg?web001lnw|http://images.auction123.com/5be812ce-fb36-4694-beac-43bea97b8d08/JYARM60E4TA004606/08.jpg?web001lnw|http://images.auction123.com/5be812ce-fb36-4694-beac-43bea97b8d08/JYARM60E4TA004606/09.jpg?web001lnw|http://images.auction123.com/5be812ce-fb36-4694-beac-43bea97b8d08/JYARM60E4TA004606/10.jpg?web001lnw|http://images.auction123.com/5be812ce-fb36-4694-beac-43bea97b8d08/JYARM60E4TA004606/11.jpg?web001lnw|http://images.auction123.com/5be812ce-fb36-4694-beac-43bea97b8d08/JYARM60E4TA004606/12.jpg?web001lnw|http://images.auction123.com/5be812ce-fb36-4694-beac-43bea97b8d08/JYARM60E4TA004606/13.jpg?web001lnw|http://images.auction123.com/5be812ce-fb36-4694-beac-43bea97b8d08/JYARM60E4TA004606/14.jpg?web001lnw|http://images.auction123.com/5be812ce-fb36-4694-beac-43bea97b8d08/JYARM60E4TA004606/15.jpg?web001lnw|http://images.auction123.com/5be812ce-fb36-4694-beac-43bea97b8d08/JYARM60E4TA004606/16.jpg?web001lnw|http://images.auction123.com/5be812ce-fb36-4694-beac-43bea97b8d08/JYARM60E4TA004606/17.jpg?web001lnw|http://images.auction123.com/5be812ce-fb36-4694-beac-43bea97b8d08/JYARM60E4TA004606/18.jpg?web001lnw|http://images.auction123.com/5be812ce-fb36-4694-beac-43bea97b8d08/JYARM60E4TA004606/19.jpg?web001lnw|http://images.auction123.com/5be812ce-fb36-4694-beac-43bea97b8d08/JYARM60E4TA004606/20.jpg?web001lnw,,,06/03/2026,Other,RideNow Beach Blvd,,,0,https://www.ridenowbeachblvd.com/New-Inventory-2026-Yamaha-Motorcycle-Scooter-YZF-R3-70th-Anniversary-Edition-Ridenow-Beach-Blvd-18761793
20147,JYARM60E5TA003545,YA003545,N,2026,Yamaha,YZF,R7,Motorcycle / Scooter,Manual,R7,,0,,In-line 689,,CYAN,,9399.0,9399.0,05/13/2026,No,"2026 Yamaha YZF-R7SUPERSPORT REVOLUTIONThe 2026 YZF-R7 delivers proven CP2 power, a sharper handling chassis and ultra-sleek new styling that embodies the exhilarating next-generation of R World. Packed with a range of new features including a redesigned frame, enhanced ergonomics, an advanced electronics package and smartphone connectivity, the YZF-R7 is revolutionizing the Supersport class with the ultimate combination of performance, accessibility and price.Features may include:Ultra-Sleek New-Generation StylingSharp new aerodynamic styling fuses beauty and functionality with a compact front fairing design, slim, contoured side fairings, new aerodynamic winglets and LED turn signals now integrated into the rearview mirrors. Minimalist LED headlight and position lights combine with the R7&#39;s signature M-shaped duct and tail wing to reflect unmistakable Yamaha R-Series DNA from every angle.Iconic 70th Anniversary Edition StylingThe new 2026 YZF-R7 70th Anniversary Edition&#39;s aerodynamic next-generation R-Series design combines with iconic white and red speed block livery, gold Yamaha Tuning Fork emblems, and Anniversary Edition badge to celebrate the 1955 birth of Yamaha Motor Company and seven decades of motorsports excellence in standout style.Torquey CP2 PowerplantYamaha&#39;s proven 689cc twin-cylinder DOHC fuel-injected engine delivers excellent power and performance throughout the rpm range for an exhilarating ride and a true Supersport experience. Its 270-degree crossplane crankshaft provides linear torque for exciting acceleration and limited vibration.Tuned InductionContributing to the visceral connection between rider and machine, the new YZF-R7 adopts the same intake duct shape and asymmetrical funnel lengths as the current MT-07, harnessing the bike&#39;s induction roar for an enhanced feeling of acceleration from its renowned crossplane CP2 engine.New Five-Inch TFT & Enhanced ConnectivityA stunning new full-color five-inch TFT instrument display features four selectable themes along with a track-specific mode. Smartphone connectivity enabled through Yamaha&#39;s free Y-Connect app allows riders to receive message notifications, calls and listen to music (through use of an aftermarket Bluetooth&#174; headset, not provided). Additionally, full turn-by-turn navigation is now available through the free Garmin&#174; StreetCross app.New Third-Generation QuickshifterThe 2026 YZF-R7 is equipped with Yamaha&#39;s advanced third-generation Quick Shift System (QSS), enabling quick, clutchless upshifts and downshifts under both acceleration and deceleration. This system makes full-on acceleration on the track more exciting and downshifting faster and smoother with less chassis disruption when changing gears. The system operates at speeds above 10 mph, with upshifts above 2,000 RPM and downshifts above 1,600 RPM.",,http://images.auction123.com/5be812ce-fb36-4694-beac-43bea97b8d08/JYARM60E5TA003545/01.jpg?web001lnw|http://images.auction123.com/5be812ce-fb36-4694-beac-43bea97b8d08/JYARM60E5TA003545/02.jpg?web001lnw|http://images.auction123.com/5be812ce-fb36-4694-beac-43bea97b8d08/JYARM60E5TA003545/03.jpg?web001lnw|http://images.auction123.com/5be812ce-fb36-4694-beac-43bea97b8d08/JYARM60E5TA003545/04.jpg?web001lnw|http://images.auction123.com/5be812ce-fb36-4694-beac-43bea97b8d08/JYARM60E5TA003545/05.jpg?web001lnw|http://images.auction123.com/5be812ce-fb36-4694-beac-43bea97b8d08/JYARM60E5TA003545/06.jpg?web001lnw|http://images.auction123.com/5be812ce-fb36-4694-beac-43bea97b8d08/JYARM60E5TA003545/07.jpg?web001lnw|http://images.auction123.com/5be812ce-fb36-4694-beac-43bea97b8d08/JYARM60E5TA003545/08.jpg?web001lnw|http://images.auction123.com/5be812ce-fb36-4694-beac-43bea97b8d08/JYARM60E5TA003545/09.jpg?web001lnw|http://images.auction123.com/5be812ce-fb36-4694-beac-43bea97b8d08/JYARM60E5TA003545/10.jpg?web001lnw|http://images.auction123.com/5be812ce-fb36-4694-beac-43bea97b8d08/JYARM60E5TA003545/11.jpg?web001lnw|http://images.auction123.com/5be812ce-fb36-4694-beac-43bea97b8d08/JYARM60E5TA003545/12.jpg?web001lnw,,,06/16/2026,Standard,RideNow Beach Blvd,In-line 689,,0,https://www.ridenowbeachblvd.com/New-Inventory-2026-Yamaha-Motorcycle-Scooter-YZF-R7-Ridenow-Beach-Blvd-18718829
20147,JYARM60E5TA005165,YA005165,N,2026,Yamaha,YZF,,Motorcycle / Scooter,Manual,R7 70Th Anniversary Edition,,0,,In-line 689,,RED WHT,,9699.0,9699.0,06/03/2026,No,"2026 Yamaha YZF-R7 70th Anniversary EditionSUPERSPORT REVOLUTIONThe 2026 YZF-R7 delivers proven CP2 power, a sharper handling chassis and ultra-sleek new styling that embodies the exhilarating next-generation of R World. Packed with a range of new features including a redesigned frame, enhanced ergonomics, an advanced electronics package and smartphone connectivity, the YZF-R7 is revolutionizing the Supersport class with the ultimate combination of performance, accessibility and price.Features may include:Ultra-Sleek New-Generation StylingSharp new aerodynamic styling fuses beauty and functionality with a compact front fairing design, slim, contoured side fairings, new aerodynamic winglets and LED turn signals now integrated into the rearview mirrors. Minimalist LED headlight and position lights combine with the R7&#39;s signature M-shaped duct and tail wing to reflect unmistakable Yamaha R-Series DNA from every angle.Iconic 70th Anniversary Edition StylingThe new 2026 YZF-R7 70th Anniversary Edition&#39;s aerodynamic next-generation R-Series design combines with iconic white and red speed block livery, gold Yamaha Tuning Fork emblems, and Anniversary Edition badge to celebrate the 1955 birth of Yamaha Motor Company and seven decades of motorsports excellence in standout style.Torquey CP2 PowerplantYamaha&#39;s proven 689cc twin-cylinder DOHC fuel-injected engine delivers excellent power and performance throughout the rpm range for an exhilarating ride and a true Supersport experience. Its 270-degree crossplane crankshaft provides linear torque for exciting acceleration and limited vibration.Tuned InductionContributing to the visceral connection between rider and machine, the new YZF-R7 adopts the same intake duct shape and asymmetrical funnel lengths as the current MT-07, harnessing the bike&#39;s induction roar for an enhanced feeling of acceleration from its renowned crossplane CP2 engine.New Five-Inch TFT & Enhanced ConnectivityA stunning new full-color five-inch TFT instrument display features four selectable themes along with a track-specific mode. Smartphone connectivity enabled through Yamaha&#39;s free Y-Connect app allows riders to receive message notifications, calls and listen to music (through use of an aftermarket Bluetooth&#174; headset, not provided). Additionally, full turn-by-turn navigation is now available through the free Garmin&#174; StreetCross app.New Third-Generation QuickshifterThe 2026 YZF-R7 is equipped with Yamaha&#39;s advanced third-generation Quick Shift System (QSS), enabling quick, clutchless upshifts and downshifts under both acceleration and deceleration. This system makes full-on acceleration on the track more exciting and downshifting faster and smoother with less chassis disruption when changing gears. The system operates at speeds above 10 mph, with upshifts above 2,000 RPM and downshifts above 1,600 RPM.",,http://images.auction123.com/5be812ce-fb36-4694-beac-43bea97b8d08/JYARM60E5TA005165/01.jpg?web001lnw|http://images.auction123.com/5be812ce-fb36-4694-beac-43bea97b8d08/JYARM60E5TA005165/02.jpg?web001lnw|http://images.auction123.com/5be812ce-fb36-4694-beac-43bea97b8d08/JYARM60E5TA005165/03.jpg?web001lnw|http://images.auction123.com/5be812ce-fb36-4694-beac-43bea97b8d08/JYARM60E5TA005165/04.jpg?web001lnw|http://images.auction123.com/5be812ce-fb36-4694-beac-43bea97b8d08/JYARM60E5TA005165/05.jpg?web001lnw|http://images.auction123.com/5be812ce-fb36-4694-beac-43bea97b8d08/JYARM60E5TA005165/06.jpg?web001lnw|http://images.auction123.com/5be812ce-fb36-4694-beac-43bea97b8d08/JYARM60E5TA005165/07.jpg?web001lnw|http://images.auction123.com/5be812ce-fb36-4694-beac-43bea97b8d08/JYARM60E5TA005165/08.jpg?web001lnw|http://images.auction123.com/5be812ce-fb36-4694-beac-43bea97b8d08/JYARM60E5TA005165/09.jpg?web001lnw|http://images.auction123.com/5be812ce-fb36-4694-beac-43bea97b8d08/JYARM60E5TA005165/10.jpg?web001lnw|http://images.auction123.com/5be812ce-fb36-4694-beac-43bea97b8d08/JYARM60E5TA005165/11.jpg?web001lnw|http://images.auction123.com/5be812ce-fb36-4694-beac-43bea97b8d08/JYARM60E5TA005165/12.jpg?web001lnw|http://images.auction123.com/5be812ce-fb36-4694-beac-43bea97b8d08/JYARM60E5TA005165/13.jpg?web001lnw|http://images.auction123.com/5be812ce-fb36-4694-beac-43bea97b8d08/JYARM60E5TA005165/14.jpg?web001lnw|http://images.auction123.com/5be812ce-fb36-4694-beac-43bea97b8d08/JYARM60E5TA005165/15.jpg?web001lnw|http://images.auction123.com/5be812ce-fb36-4694-beac-43bea97b8d08/JYARM60E5TA005165/16.jpg?web001lnw|http://images.auction123.com/5be812ce-fb36-4694-beac-43bea97b8d08/JYARM60E5TA005165/17.jpg?web001lnw|http://images.auction123.com/5be812ce-fb36-4694-beac-43bea97b8d08/JYARM60E5TA005165/18.jpg?web001lnw|http://images.auction123.com/5be812ce-fb36-4694-beac-43bea97b8d08/JYARM60E5TA005165/19.jpg?web001lnw|http://images.auction123.com/5be812ce-fb36-4694-beac-43bea97b8d08/JYARM60E5TA005165/20.jpg?web001lnw,,,06/03/2026,Standard,RideNow Beach Blvd,In-line 689,,0,https://www.ridenowbeachblvd.com/New-Inventory-2026-Yamaha-Motorcycle-Scooter-YZF-R7-70th-Anniversary-Edition-Ridenow-Beach-Blvd-18804755
20147,JYARM60E6TA001903,YA001903,N,2026,Yamaha,YZF-R7 70th Anniversary Edition,,Motorcycle / Scooter,,,,0,,,,WHT RED,,0.0,9699.0,04/23/2026,No,"2026 Yamaha XSR700BORN TOMORROWModern classic styling and crossplane concept twin for fun performance, all built to be uniquely customized.Features may include:Standout StyleThe XSR700 blends Yamaha&#8217;s world-class engineering with timeless style, creating a new type of machine for riders looking for an authentic and honest motorcycle that doesn&#8217;t sacrifice performance. Drawing influence from Yamaha&#8217;s classic &#8220;XS&#8221; series of motorcycles, the XSR oozes class with its exposed aluminum details, retro-influenced bodywork, stepped seat and custom lighting and instrumentation.Advanced Crossplane Crankshaft Concept EngineThe compact two-cylinder engine provides a unique power character with its outstanding torque and throttle response, complemented with strong high-rpm pulling power. It also features Yamaha&#8217;s &#8220;Crossplane Concept&#8221; 270-degree crank that provides linear torque development in response to the rider&#8217;s throttle input.Compact, Sporty ChassisThe narrow frame design features sport-oriented geometry to achieve light and nimble handling and is aided by the minimalist 410-pound wet weight and refined ergonomics.ENGINEThe Yamaha CP2&#39;s advanced Crossplane Concept 270-degree crank provides linear torque and a unique soundtrack.TheCP2&#39;s offset cylinder design reduces drag and improves efficiency.The XSR700&#39;s efficient fuel-injected CP2 engine delivers an exceptional 58 mpg.CHASSIS/SUSPENSIONThe 41mm front fork and link-type Monocross rear shock are tuned to provide an ideal balance of comfort and control.Powerful four-piston front calipers paired with large 298mm brake discs provide strong, controllable braking.",,http://images.auction123.com/5be812ce-fb36-4694-beac-43bea97b8d08/JYARM60E6TA001903/01.jpg?web001lnw|http://images.auction123.com/5be812ce-fb36-4694-beac-43bea97b8d08/JYARM60E6TA001903/02.jpg?web001lnw|http://images.auction123.com/5be812ce-fb36-4694-beac-43bea97b8d08/JYARM60E6TA001903/03.jpg?web001lnw|http://images.auction123.com/5be812ce-fb36-4694-beac-43bea97b8d08/JYARM60E6TA001903/04.jpg?web001lnw|http://images.auction123.com/5be812ce-fb36-4694-beac-43bea97b8d08/JYARM60E6TA001903/05.jpg?web001lnw|http://images.auction123.com/5be812ce-fb36-4694-beac-43bea97b8d08/JYARM60E6TA001903/06.jpg?web001lnw|http://images.auction123.com/5be812ce-fb36-4694-beac-43bea97b8d08/JYARM60E6TA001903/07.jpg?web001lnw|http://images.auction123.com/5be812ce-fb36-4694-beac-43bea97b8d08/JYARM60E6TA001903/08.jpg?web001lnw|http://images.auction123.com/5be812ce-fb36-4694-beac-43bea97b8d08/JYARM60E6TA001903/09.jpg?web001lnw|http://images.auction123.com/5be812ce-fb36-4694-beac-43bea97b8d08/JYARM60E6TA001903/10.jpg?web001lnw|http://images.auction123.com/5be812ce-fb36-4694-beac-43bea97b8d08/JYARM60E6TA001903/11.jpg?web001lnw|http://images.auction123.com/5be812ce-fb36-4694-beac-43bea97b8d08/JYARM60E6TA001903/12.jpg?web001lnw|http://images.auction123.com/5be812ce-fb36-4694-beac-43bea97b8d08/JYARM60E6TA001903/13.jpg?web001lnw|http://images.auction123.com/5be812ce-fb36-4694-beac-43bea97b8d08/JYARM60E6TA001903/14.jpg?web001lnw|http://images.auction123.com/5be812ce-fb36-4694-beac-43bea97b8d08/JYARM60E6TA001903/15.jpg?web001lnw|http://images.auction123.com/5be812ce-fb36-4694-beac-43bea97b8d08/JYARM60E6TA001903/16.jpg?web001lnw|http://images.auction123.com/5be812ce-fb36-4694-beac-43bea97b8d08/JYARM60E6TA001903/17.jpg?web001lnw|http://images.auction123.com/5be812ce-fb36-4694-beac-43bea97b8d08/JYARM60E6TA001903/18.jpg?web001lnw|http://images.auction123.com/5be812ce-fb36-4694-beac-43bea97b8d08/JYARM60E6TA001903/19.jpg?web001lnw|http://images.auction123.com/5be812ce-fb36-4694-beac-43bea97b8d08/JYARM60E6TA001903/20.jpg?web001lnw,,,05/07/2026,Other,RideNow Beach Blvd,,,0,https://www.ridenowbeachblvd.com/New-Inventory-2026-Yamaha-Motorcycle-Scooter-YZF-R7-70th-Anniversary-Edition-RIDENOW-BEACH-BLVD-18601905
20147,JYARM60E6TA002100,YA002100,N,2026,Yamaha,YZF,R7,Motorcycle / Scooter,Manual,R7,,0,,In-line 689,,BLUE,,9399.0,9399.0,06/19/2026,No,,,,,,06/19/2026,Standard,RideNow Beach Blvd,In-line 689,,0,https://www.ridenowbeachblvd.com/New-Inventory-2026-Yamaha-Motorcycle-Scooter-YZF-R7-RideNow-Beach-Blvd-FL-18875529
20147,JYARM60E6TA002923,YA002923,N,2026,Yamaha,YZF-R7,,Motorcycle / Scooter,,,,0,,,,YLLW CYAN,,0.0,9399.0,04/30/2026,No,"2026 Yamaha YZF-R7SUPERSPORT REVOLUTIONThe 2026 YZF-R7 delivers proven CP2 power, a sharper handling chassis and ultra-sleek new styling that embodies the exhilarating next-generation of R World. Packed with a range of new features including a redesigned frame, enhanced ergonomics, an advanced electronics package and smartphone connectivity, the YZF-R7 is revolutionizing the Supersport class with the ultimate combination of performance, accessibility and price.Features may include:Ultra-Sleek New-Generation StylingSharp new aerodynamic styling fuses beauty and functionality with a compact front fairing design, slim, contoured side fairings, new aerodynamic winglets and LED turn signals now integrated into the rearview mirrors. Minimalist LED headlight and position lights combine with the R7&#39;s signature M-shaped duct and tail wing to reflect unmistakable Yamaha R-Series DNA from every angle.Iconic 70th Anniversary Edition StylingThe new 2026 YZF-R7 70th Anniversary Edition&#39;s aerodynamic next-generation R-Series design combines with iconic white and red speed block livery, gold Yamaha Tuning Fork emblems, and Anniversary Edition badge to celebrate the 1955 birth of Yamaha Motor Company and seven decades of motorsports excellence in standout style.Torquey CP2 PowerplantYamaha&#39;s proven 689cc twin-cylinder DOHC fuel-injected engine delivers excellent power and performance throughout the rpm range for an exhilarating ride and a true Supersport experience. Its 270-degree crossplane crankshaft provides linear torque for exciting acceleration and limited vibration.Tuned InductionContributing to the visceral connection between rider and machine, the new YZF-R7 adopts the same intake duct shape and asymmetrical funnel lengths as the current MT-07, harnessing the bike&#39;s induction roar for an enhanced feeling of acceleration from its renowned crossplane CP2 engine.New Five-Inch TFT & Enhanced ConnectivityA stunning new full-color five-inch TFT instrument display features four selectable themes along with a track-specific mode. Smartphone connectivity enabled through Yamaha&#39;s free Y-Connect app allows riders to receive message notifications, calls and listen to music (through use of an aftermarket Bluetooth&#174; headset, not provided). Additionally, full turn-by-turn navigation is now available through the free Garmin&#174; StreetCross app.New Third-Generation QuickshifterThe 2026 YZF-R7 is equipped with Yamaha&#39;s advanced third-generation Quick Shift System (QSS), enabling quick, clutchless upshifts and downshifts under both acceleration and deceleration. This system makes full-on acceleration on the track more exciting and downshifting faster and smoother with less chassis disruption when changing gears. The system operates at speeds above 10 mph, with upshifts above 2,000 RPM and downshifts above 1,600 RPM.",,http://images.auction123.com/5be812ce-fb36-4694-beac-43bea97b8d08/JYARM60E6TA002923/01.jpg?web001lnw|http://images.auction123.com/5be812ce-fb36-4694-beac-43bea97b8d08/JYARM60E6TA002923/02.jpg?web001lnw|http://images.auction123.com/5be812ce-fb36-4694-beac-43bea97b8d08/JYARM60E6TA002923/03.jpg?web001lnw|http://images.auction123.com/5be812ce-fb36-4694-beac-43bea97b8d08/JYARM60E6TA002923/04.jpg?web001lnw|http://images.auction123.com/5be812ce-fb36-4694-beac-43bea97b8d08/JYARM60E6TA002923/05.jpg?web001lnw|http://images.auction123.com/5be812ce-fb36-4694-beac-43bea97b8d08/JYARM60E6TA002923/06.jpg?web001lnw|http://images.auction123.com/5be812ce-fb36-4694-beac-43bea97b8d08/JYARM60E6TA002923/07.jpg?web001lnw|http://images.auction123.com/5be812ce-fb36-4694-beac-43bea97b8d08/JYARM60E6TA002923/08.jpg?web001lnw|http://images.auction123.com/5be812ce-fb36-4694-beac-43bea97b8d08/JYARM60E6TA002923/09.jpg?web001lnw|http://images.auction123.com/5be812ce-fb36-4694-beac-43bea97b8d08/JYARM60E6TA002923/10.jpg?web001lnw|http://images.auction123.com/5be812ce-fb36-4694-beac-43bea97b8d08/JYARM60E6TA002923/11.jpg?web001lnw|http://images.auction123.com/5be812ce-fb36-4694-beac-43bea97b8d08/JYARM60E6TA002923/12.jpg?web001lnw|http://images.auction123.com/5be812ce-fb36-4694-beac-43bea97b8d08/JYARM60E6TA002923/13.jpg?web001lnw,,,05/08/2026,Other,RideNow Beach Blvd,,,0,https://www.ridenowbeachblvd.com/New-Inventory-2026-Yamaha-Motorcycle-Scooter-YZF-R7-RIDENOW-BEACH-BLVD-18629340
20147,JYARM60E6TA003120,YA003120,N,2026,Yamaha,YZF,R7,Motorcycle / Scooter,Manual,R7,,0,,In-line 689,,BLUE,,9399.0,9399.0,05/13/2026,No,"2026 Yamaha YZF-R7SUPERSPORT REVOLUTIONThe 2026 YZF-R7 delivers proven CP2 power, a sharper handling chassis and ultra-sleek new styling that embodies the exhilarating next-generation of R World. Packed with a range of new features including a redesigned frame, enhanced ergonomics, an advanced electronics package and smartphone connectivity, the YZF-R7 is revolutionizing the Supersport class with the ultimate combination of performance, accessibility and price.Features may include:Ultra-Sleek New-Generation StylingSharp new aerodynamic styling fuses beauty and functionality with a compact front fairing design, slim, contoured side fairings, new aerodynamic winglets and LED turn signals now integrated into the rearview mirrors. Minimalist LED headlight and position lights combine with the R7&#39;s signature M-shaped duct and tail wing to reflect unmistakable Yamaha R-Series DNA from every angle.Iconic 70th Anniversary Edition StylingThe new 2026 YZF-R7 70th Anniversary Edition&#39;s aerodynamic next-generation R-Series design combines with iconic white and red speed block livery, gold Yamaha Tuning Fork emblems, and Anniversary Edition badge to celebrate the 1955 birth of Yamaha Motor Company and seven decades of motorsports excellence in standout style.Torquey CP2 PowerplantYamaha&#39;s proven 689cc twin-cylinder DOHC fuel-injected engine delivers excellent power and performance throughout the rpm range for an exhilarating ride and a true Supersport experience. Its 270-degree crossplane crankshaft provides linear torque for exciting acceleration and limited vibration.Tuned InductionContributing to the visceral connection between rider and machine, the new YZF-R7 adopts the same intake duct shape and asymmetrical funnel lengths as the current MT-07, harnessing the bike&#39;s induction roar for an enhanced feeling of acceleration from its renowned crossplane CP2 engine.New Five-Inch TFT & Enhanced ConnectivityA stunning new full-color five-inch TFT instrument display features four selectable themes along with a track-specific mode. Smartphone connectivity enabled through Yamaha&#39;s free Y-Connect app allows riders to receive message notifications, calls and listen to music (through use of an aftermarket Bluetooth&#174; headset, not provided). Additionally, full turn-by-turn navigation is now available through the free Garmin&#174; StreetCross app.New Third-Generation QuickshifterThe 2026 YZF-R7 is equipped with Yamaha&#39;s advanced third-generation Quick Shift System (QSS), enabling quick, clutchless upshifts and downshifts under both acceleration and deceleration. This system makes full-on acceleration on the track more exciting and downshifting faster and smoother with less chassis disruption when changing gears. The system operates at speeds above 10 mph, with upshifts above 2,000 RPM and downshifts above 1,600 RPM.",,http://images.auction123.com/5be812ce-fb36-4694-beac-43bea97b8d08/JYARM60E6TA003120/01.jpg?web001lnw|http://images.auction123.com/5be812ce-fb36-4694-beac-43bea97b8d08/JYARM60E6TA003120/02.jpg?web001lnw|http://images.auction123.com/5be812ce-fb36-4694-beac-43bea97b8d08/JYARM60E6TA003120/03.jpg?web001lnw|http://images.auction123.com/5be812ce-fb36-4694-beac-43bea97b8d08/JYARM60E6TA003120/04.jpg?web001lnw|http://images.auction123.com/5be812ce-fb36-4694-beac-43bea97b8d08/JYARM60E6TA003120/05.jpg?web001lnw|http://images.auction123.com/5be812ce-fb36-4694-beac-43bea97b8d08/JYARM60E6TA003120/06.jpg?web001lnw|http://images.auction123.com/5be812ce-fb36-4694-beac-43bea97b8d08/JYARM60E6TA003120/07.jpg?web001lnw|http://images.auction123.com/5be812ce-fb36-4694-beac-43bea97b8d08/JYARM60E6TA003120/08.jpg?web001lnw|http://images.auction123.com/5be812ce-fb36-4694-beac-43bea97b8d08/JYARM60E6TA003120/09.jpg?web001lnw|http://images.auction123.com/5be812ce-fb36-4694-beac-43bea97b8d08/JYARM60E6TA003120/10.jpg?web001lnw|http://images.auction123.com/5be812ce-fb36-4694-beac-43bea97b8d08/JYARM60E6TA003120/11.jpg?web001lnw|http://images.auction123.com/5be812ce-fb36-4694-beac-43bea97b8d08/JYARM60E6TA003120/12.jpg?web001lnw,,,06/16/2026,Standard,RideNow Beach Blvd,In-line 689,,0,https://www.ridenowbeachblvd.com/New-Inventory-2026-Yamaha-Motorcycle-Scooter-YZF-R7-Ridenow-Beach-Blvd-18718823
20147,JYARM60E6TA004963,YA004963,N,2026,Yamaha,YZF-R7 70th Anniversary Edition,,Motorcycle / Scooter,,,,0,,,,RED WHT,,9699.0,9699.0,05/28/2026,No,"2026 Yamaha YZF-R7 70th Anniversary EditionSUPERSPORT REVOLUTIONThe 2026 YZF-R7 delivers proven CP2 power, a sharper handling chassis and ultra-sleek new styling that embodies the exhilarating next-generation of R World. Packed with a range of new features including a redesigned frame, enhanced ergonomics, an advanced electronics package and smartphone connectivity, the YZF-R7 is revolutionizing the Supersport class with the ultimate combination of performance, accessibility and price.Features may include:Ultra-Sleek New-Generation StylingSharp new aerodynamic styling fuses beauty and functionality with a compact front fairing design, slim, contoured side fairings, new aerodynamic winglets and LED turn signals now integrated into the rearview mirrors. Minimalist LED headlight and position lights combine with the R7&#39;s signature M-shaped duct and tail wing to reflect unmistakable Yamaha R-Series DNA from every angle.Iconic 70th Anniversary Edition StylingThe new 2026 YZF-R7 70th Anniversary Edition&#39;s aerodynamic next-generation R-Series design combines with iconic white and red speed block livery, gold Yamaha Tuning Fork emblems, and Anniversary Edition badge to celebrate the 1955 birth of Yamaha Motor Company and seven decades of motorsports excellence in standout style.Torquey CP2 PowerplantYamaha&#39;s proven 689cc twin-cylinder DOHC fuel-injected engine delivers excellent power and performance throughout the rpm range for an exhilarating ride and a true Supersport experience. Its 270-degree crossplane crankshaft provides linear torque for exciting acceleration and limited vibration.Tuned InductionContributing to the visceral connection between rider and machine, the new YZF-R7 adopts the same intake duct shape and asymmetrical funnel lengths as the current MT-07, harnessing the bike&#39;s induction roar for an enhanced feeling of acceleration from its renowned crossplane CP2 engine.New Five-Inch TFT & Enhanced ConnectivityA stunning new full-color five-inch TFT instrument display features four selectable themes along with a track-specific mode. Smartphone connectivity enabled through Yamaha&#39;s free Y-Connect app allows riders to receive message notifications, calls and listen to music (through use of an aftermarket Bluetooth&#174; headset, not provided). Additionally, full turn-by-turn navigation is now available through the free Garmin&#174; StreetCross app.New Third-Generation QuickshifterThe 2026 YZF-R7 is equipped with Yamaha&#39;s advanced third-generation Quick Shift System (QSS), enabling quick, clutchless upshifts and downshifts under both acceleration and deceleration. This system makes full-on acceleration on the track more exciting and downshifting faster and smoother with less chassis disruption when changing gears. The system operates at speeds above 10 mph, with upshifts above 2,000 RPM and downshifts above 1,600 RPM.",,http://images.auction123.com/5be812ce-fb36-4694-beac-43bea97b8d08/JYARM60E6TA004963/01.jpg?web001lnw|http://images.auction123.com/5be812ce-fb36-4694-beac-43bea97b8d08/JYARM60E6TA004963/02.jpg?web001lnw|http://images.auction123.com/5be812ce-fb36-4694-beac-43bea97b8d08/JYARM60E6TA004963/03.jpg?web001lnw|http://images.auction123.com/5be812ce-fb36-4694-beac-43bea97b8d08/JYARM60E6TA004963/04.jpg?web001lnw|http://images.auction123.com/5be812ce-fb36-4694-beac-43bea97b8d08/JYARM60E6TA004963/05.jpg?web001lnw|http://images.auction123.com/5be812ce-fb36-4694-beac-43bea97b8d08/JYARM60E6TA004963/06.jpg?web001lnw|http://images.auction123.com/5be812ce-fb36-4694-beac-43bea97b8d08/JYARM60E6TA004963/07.jpg?web001lnw|http://images.auction123.com/5be812ce-fb36-4694-beac-43bea97b8d08/JYARM60E6TA004963/08.jpg?web001lnw|http://images.auction123.com/5be812ce-fb36-4694-beac-43bea97b8d08/JYARM60E6TA004963/09.jpg?web001lnw|http://images.auction123.com/5be812ce-fb36-4694-beac-43bea97b8d08/JYARM60E6TA004963/10.jpg?web001lnw|http://images.auction123.com/5be812ce-fb36-4694-beac-43bea97b8d08/JYARM60E6TA004963/11.jpg?web001lnw|http://images.auction123.com/5be812ce-fb36-4694-beac-43bea97b8d08/JYARM60E6TA004963/12.jpg?web001lnw|http://images.auction123.com/5be812ce-fb36-4694-beac-43bea97b8d08/JYARM60E6TA004963/13.jpg?web001lnw|http://images.auction123.com/5be812ce-fb36-4694-beac-43bea97b8d08/JYARM60E6TA004963/14.jpg?web001lnw|http://images.auction123.com/5be812ce-fb36-4694-beac-43bea97b8d08/JYARM60E6TA004963/15.jpg?web001lnw|http://images.auction123.com/5be812ce-fb36-4694-beac-43bea97b8d08/JYARM60E6TA004963/16.jpg?web001lnw|http://images.auction123.com/5be812ce-fb36-4694-beac-43bea97b8d08/JYARM60E6TA004963/17.jpg?web001lnw|http://images.auction123.com/5be812ce-fb36-4694-beac-43bea97b8d08/JYARM60E6TA004963/18.jpg?web001lnw|http://images.auction123.com/5be812ce-fb36-4694-beac-43bea97b8d08/JYARM60E6TA004963/19.jpg?web001lnw|http://images.auction123.com/5be812ce-fb36-4694-beac-43bea97b8d08/JYARM60E6TA004963/20.jpg?web001lnw,,,06/03/2026,Other,RideNow Beach Blvd,,,0,https://www.ridenowbeachblvd.com/New-Inventory-2026-Yamaha-Motorcycle-Scooter-YZF-R7-70th-Anniversary-Edition-Ridenow-Beach-Blvd-18779303
20147,JYARM60E7TA002669,YA002669,N,2026,Yamaha,YZF-R7,,Motorcycle / Scooter,,,,0,,,,YLLW CYAN,,0.0,9399.0,04/30/2026,No,"2026 Yamaha XSR700BORN TOMORROWModern classic styling and crossplane concept twin for fun performance, all built to be uniquely customized.Features may include:Standout StyleThe XSR700 blends Yamaha&#8217;s world-class engineering with timeless style, creating a new type of machine for riders looking for an authentic and honest motorcycle that doesn&#8217;t sacrifice performance. Drawing influence from Yamaha&#8217;s classic &#8220;XS&#8221; series of motorcycles, the XSR oozes class with its exposed aluminum details, retro-influenced bodywork, stepped seat and custom lighting and instrumentation.Advanced Crossplane Crankshaft Concept EngineThe compact two-cylinder engine provides a unique power character with its outstanding torque and throttle response, complemented with strong high-rpm pulling power. It also features Yamaha&#8217;s &#8220;Crossplane Concept&#8221; 270-degree crank that provides linear torque development in response to the rider&#8217;s throttle input.Compact, Sporty ChassisThe narrow frame design features sport-oriented geometry to achieve light and nimble handling and is aided by the minimalist 410-pound wet weight and refined ergonomics.ENGINEThe Yamaha CP2&#39;s advanced Crossplane Concept 270-degree crank provides linear torque and a unique soundtrack.TheCP2&#39;s offset cylinder design reduces drag and improves efficiency.The XSR700&#39;s efficient fuel-injected CP2 engine delivers an exceptional 58 mpg.CHASSIS/SUSPENSIONThe 41mm front fork and link-type Monocross rear shock are tuned to provide an ideal balance of comfort and control.Powerful four-piston front calipers paired with large 298mm brake discs provide strong, controllable braking.",,http://images.auction123.com/5be812ce-fb36-4694-beac-43bea97b8d08/JYARM60E7TA002669/01.jpg?web001lnw|http://images.auction123.com/5be812ce-fb36-4694-beac-43bea97b8d08/JYARM60E7TA002669/02.jpg?web001lnw|http://images.auction123.com/5be812ce-fb36-4694-beac-43bea97b8d08/JYARM60E7TA002669/03.jpg?web001lnw|http://images.auction123.com/5be812ce-fb36-4694-beac-43bea97b8d08/JYARM60E7TA002669/04.jpg?web001lnw|http://images.auction123.com/5be812ce-fb36-4694-beac-43bea97b8d08/JYARM60E7TA002669/05.jpg?web001lnw|http://images.auction123.com/5be812ce-fb36-4694-beac-43bea97b8d08/JYARM60E7TA002669/06.jpg?web001lnw|http://images.auction123.com/5be812ce-fb36-4694-beac-43bea97b8d08/JYARM60E7TA002669/07.jpg?web001lnw|http://images.auction123.com/5be812ce-fb36-4694-beac-43bea97b8d08/JYARM60E7TA002669/08.jpg?web001lnw|http://images.auction123.com/5be812ce-fb36-4694-beac-43bea97b8d08/JYARM60E7TA002669/09.jpg?web001lnw|http://images.auction123.com/5be812ce-fb36-4694-beac-43bea97b8d08/JYARM60E7TA002669/10.jpg?web001lnw|http://images.auction123.com/5be812ce-fb36-4694-beac-43bea97b8d08/JYARM60E7TA002669/11.jpg?web001lnw|http://images.auction123.com/5be812ce-fb36-4694-beac-43bea97b8d08/JYARM60E7TA002669/12.jpg?web001lnw|http://images.auction123.com/5be812ce-fb36-4694-beac-43bea97b8d08/JYARM60E7TA002669/13.jpg?web001lnw,,,05/08/2026,Other,RideNow Beach Blvd,,,0,https://www.ridenowbeachblvd.com/New-Inventory-2026-Yamaha-Motorcycle-Scooter-YZF-R7-RIDENOW-BEACH-BLVD-18629982
20147,JYARM60E7TA003093,YA003093,N,2026,Yamaha,YZF-R7,,Motorcycle / Scooter,,,,0,,,,YLLW CYAN,,0.0,9399.0,04/23/2026,No,"2026 Yamaha YZF-R7SUPERSPORT REVOLUTIONThe 2026 YZF-R7 delivers proven CP2 power, a sharper handling chassis and ultra-sleek new styling that embodies the exhilarating next-generation of R World. Packed with a range of new features including a redesigned frame, enhanced ergonomics, an advanced electronics package and smartphone connectivity, the YZF-R7 is revolutionizing the Supersport class with the ultimate combination of performance, accessibility and price.Features may include:Ultra-Sleek New-Generation StylingSharp new aerodynamic styling fuses beauty and functionality with a compact front fairing design, slim, contoured side fairings, new aerodynamic winglets and LED turn signals now integrated into the rearview mirrors. Minimalist LED headlight and position lights combine with the R7&#39;s signature M-shaped duct and tail wing to reflect unmistakable Yamaha R-Series DNA from every angle.Iconic 70th Anniversary Edition StylingThe new 2026 YZF-R7 70th Anniversary Edition&#39;s aerodynamic next-generation R-Series design combines with iconic white and red speed block livery, gold Yamaha Tuning Fork emblems, and Anniversary Edition badge to celebrate the 1955 birth of Yamaha Motor Company and seven decades of motorsports excellence in standout style.Torquey CP2 PowerplantYamaha&#39;s proven 689cc twin-cylinder DOHC fuel-injected engine delivers excellent power and performance throughout the rpm range for an exhilarating ride and a true Supersport experience. Its 270-degree crossplane crankshaft provides linear torque for exciting acceleration and limited vibration.Tuned InductionContributing to the visceral connection between rider and machine, the new YZF-R7 adopts the same intake duct shape and asymmetrical funnel lengths as the current MT-07, harnessing the bike&#39;s induction roar for an enhanced feeling of acceleration from its renowned crossplane CP2 engine.New Five-Inch TFT & Enhanced ConnectivityA stunning new full-color five-inch TFT instrument display features four selectable themes along with a track-specific mode. Smartphone connectivity enabled through Yamaha&#39;s free Y-Connect app allows riders to receive message notifications, calls and listen to music (through use of an aftermarket Bluetooth&#174; headset, not provided). Additionally, full turn-by-turn navigation is now available through the free Garmin&#174; StreetCross app.New Third-Generation QuickshifterThe 2026 YZF-R7 is equipped with Yamaha&#39;s advanced third-generation Quick Shift System (QSS), enabling quick, clutchless upshifts and downshifts under both acceleration and deceleration. This system makes full-on acceleration on the track more exciting and downshifting faster and smoother with less chassis disruption when changing gears. The system operates at speeds above 10 mph, with upshifts above 2,000 RPM and downshifts above 1,600 RPM.",,http://images.auction123.com/5be812ce-fb36-4694-beac-43bea97b8d08/JYARM60E7TA003093/01.jpg?web001lnw|http://images.auction123.com/5be812ce-fb36-4694-beac-43bea97b8d08/JYARM60E7TA003093/02.jpg?web001lnw|http://images.auction123.com/5be812ce-fb36-4694-beac-43bea97b8d08/JYARM60E7TA003093/03.jpg?web001lnw|http://images.auction123.com/5be812ce-fb36-4694-beac-43bea97b8d08/JYARM60E7TA003093/04.jpg?web001lnw|http://images.auction123.com/5be812ce-fb36-4694-beac-43bea97b8d08/JYARM60E7TA003093/05.jpg?web001lnw|http://images.auction123.com/5be812ce-fb36-4694-beac-43bea97b8d08/JYARM60E7TA003093/06.jpg?web001lnw|http://images.auction123.com/5be812ce-fb36-4694-beac-43bea97b8d08/JYARM60E7TA003093/07.jpg?web001lnw|http://images.auction123.com/5be812ce-fb36-4694-beac-43bea97b8d08/JYARM60E7TA003093/08.jpg?web001lnw|http://images.auction123.com/5be812ce-fb36-4694-beac-43bea97b8d08/JYARM60E7TA003093/09.jpg?web001lnw|http://images.auction123.com/5be812ce-fb36-4694-beac-43bea97b8d08/JYARM60E7TA003093/10.jpg?web001lnw|http://images.auction123.com/5be812ce-fb36-4694-beac-43bea97b8d08/JYARM60E7TA003093/11.jpg?web001lnw|http://images.auction123.com/5be812ce-fb36-4694-beac-43bea97b8d08/JYARM60E7TA003093/12.jpg?web001lnw|http://images.auction123.com/5be812ce-fb36-4694-beac-43bea97b8d08/JYARM60E7TA003093/13.jpg?web001lnw,,,05/08/2026,Other,RideNow Beach Blvd,,,0,https://www.ridenowbeachblvd.com/New-Inventory-2026-Yamaha-Motorcycle-Scooter-YZF-R7-RIDENOW-BEACH-BLVD-18601908
20147,JYARM60E8TA003961,YA003961,N,2026,Yamaha,YZF-R7,,Motorcycle / Scooter,,,,0,,,,YLLW / CYAN,,9399.0,9399.0,05/13/2026,No,"2026 Yamaha YZF-R7SUPERSPORT REVOLUTIONThe 2026 YZF-R7 delivers proven CP2 power, a sharper handling chassis and ultra-sleek new styling that embodies the exhilarating next-generation of R World. Packed with a range of new features including a redesigned frame, enhanced ergonomics, an advanced electronics package and smartphone connectivity, the YZF-R7 is revolutionizing the Supersport class with the ultimate combination of performance, accessibility and price.Features may include:Ultra-Sleek New-Generation StylingSharp new aerodynamic styling fuses beauty and functionality with a compact front fairing design, slim, contoured side fairings, new aerodynamic winglets and LED turn signals now integrated into the rearview mirrors. Minimalist LED headlight and position lights combine with the R7&#39;s signature M-shaped duct and tail wing to reflect unmistakable Yamaha R-Series DNA from every angle.Iconic 70th Anniversary Edition StylingThe new 2026 YZF-R7 70th Anniversary Edition&#39;s aerodynamic next-generation R-Series design combines with iconic white and red speed block livery, gold Yamaha Tuning Fork emblems, and Anniversary Edition badge to celebrate the 1955 birth of Yamaha Motor Company and seven decades of motorsports excellence in standout style.Torquey CP2 PowerplantYamaha&#39;s proven 689cc twin-cylinder DOHC fuel-injected engine delivers excellent power and performance throughout the rpm range for an exhilarating ride and a true Supersport experience. Its 270-degree crossplane crankshaft provides linear torque for exciting acceleration and limited vibration.Tuned InductionContributing to the visceral connection between rider and machine, the new YZF-R7 adopts the same intake duct shape and asymmetrical funnel lengths as the current MT-07, harnessing the bike&#39;s induction roar for an enhanced feeling of acceleration from its renowned crossplane CP2 engine.New Five-Inch TFT & Enhanced ConnectivityA stunning new full-color five-inch TFT instrument display features four selectable themes along with a track-specific mode. Smartphone connectivity enabled through Yamaha&#39;s free Y-Connect app allows riders to receive message notifications, calls and listen to music (through use of an aftermarket Bluetooth&#174; headset, not provided). Additionally, full turn-by-turn navigation is now available through the free Garmin&#174; StreetCross app.New Third-Generation QuickshifterThe 2026 YZF-R7 is equipped with Yamaha&#39;s advanced third-generation Quick Shift System (QSS), enabling quick, clutchless upshifts and downshifts under both acceleration and deceleration. This system makes full-on acceleration on the track more exciting and downshifting faster and smoother with less chassis disruption when changing gears. The system operates at speeds above 10 mph, with upshifts above 2,000 RPM and downshifts above 1,600 RPM.",,http://images.auction123.com/5be812ce-fb36-4694-beac-43bea97b8d08/JYARM60E8TA003961/01.jpg?web001lnw|http://images.auction123.com/5be812ce-fb36-4694-beac-43bea97b8d08/JYARM60E8TA003961/02.jpg?web001lnw|http://images.auction123.com/5be812ce-fb36-4694-beac-43bea97b8d08/JYARM60E8TA003961/03.jpg?web001lnw|http://images.auction123.com/5be812ce-fb36-4694-beac-43bea97b8d08/JYARM60E8TA003961/04.jpg?web001lnw|http://images.auction123.com/5be812ce-fb36-4694-beac-43bea97b8d08/JYARM60E8TA003961/05.jpg?web001lnw|http://images.auction123.com/5be812ce-fb36-4694-beac-43bea97b8d08/JYARM60E8TA003961/06.jpg?web001lnw|http://images.auction123.com/5be812ce-fb36-4694-beac-43bea97b8d08/JYARM60E8TA003961/07.jpg?web001lnw|http://images.auction123.com/5be812ce-fb36-4694-beac-43bea97b8d08/JYARM60E8TA003961/08.jpg?web001lnw|http://images.auction123.com/5be812ce-fb36-4694-beac-43bea97b8d08/JYARM60E8TA003961/09.jpg?web001lnw|http://images.auction123.com/5be812ce-fb36-4694-beac-43bea97b8d08/JYARM60E8TA003961/10.jpg?web001lnw|http://images.auction123.com/5be812ce-fb36-4694-beac-43bea97b8d08/JYARM60E8TA003961/11.jpg?web001lnw|http://images.auction123.com/5be812ce-fb36-4694-beac-43bea97b8d08/JYARM60E8TA003961/12.jpg?web001lnw,,,06/16/2026,Other,RideNow Beach Blvd,,,0,https://www.ridenowbeachblvd.com/New-Inventory-2026-Yamaha-Motorcycle-Scooter-YZF-R7-RideNow-Beach-Blvd-18718833
20147,JYARM60E8TA005323,YA005323,N,2026,Yamaha,YZF-R7,,Motorcycle / Scooter,,,,0,,,,BLU,,9399.0,9399.0,05/28/2026,No,"2026 Yamaha YZF-R7SUPERSPORT REVOLUTIONThe 2026 YZF-R7 delivers proven CP2 power, a sharper handling chassis and ultra-sleek new styling that embodies the exhilarating next-generation of R World. Packed with a range of new features including a redesigned frame, enhanced ergonomics, an advanced electronics package and smartphone connectivity, the YZF-R7 is revolutionizing the Supersport class with the ultimate combination of performance, accessibility and price.Features may include:Ultra-Sleek New-Generation StylingSharp new aerodynamic styling fuses beauty and functionality with a compact front fairing design, slim, contoured side fairings, new aerodynamic winglets and LED turn signals now integrated into the rearview mirrors. Minimalist LED headlight and position lights combine with the R7&#39;s signature M-shaped duct and tail wing to reflect unmistakable Yamaha R-Series DNA from every angle.Iconic 70th Anniversary Edition StylingThe new 2026 YZF-R7 70th Anniversary Edition&#39;s aerodynamic next-generation R-Series design combines with iconic white and red speed block livery, gold Yamaha Tuning Fork emblems, and Anniversary Edition badge to celebrate the 1955 birth of Yamaha Motor Company and seven decades of motorsports excellence in standout style.Torquey CP2 PowerplantYamaha&#39;s proven 689cc twin-cylinder DOHC fuel-injected engine delivers excellent power and performance throughout the rpm range for an exhilarating ride and a true Supersport experience. Its 270-degree crossplane crankshaft provides linear torque for exciting acceleration and limited vibration.Tuned InductionContributing to the visceral connection between rider and machine, the new YZF-R7 adopts the same intake duct shape and asymmetrical funnel lengths as the current MT-07, harnessing the bike&#39;s induction roar for an enhanced feeling of acceleration from its renowned crossplane CP2 engine.New Five-Inch TFT & Enhanced ConnectivityA stunning new full-color five-inch TFT instrument display features four selectable themes along with a track-specific mode. Smartphone connectivity enabled through Yamaha&#39;s free Y-Connect app allows riders to receive message notifications, calls and listen to music (through use of an aftermarket Bluetooth&#174; headset, not provided). Additionally, full turn-by-turn navigation is now available through the free Garmin&#174; StreetCross app.New Third-Generation QuickshifterThe 2026 YZF-R7 is equipped with Yamaha&#39;s advanced third-generation Quick Shift System (QSS), enabling quick, clutchless upshifts and downshifts under both acceleration and deceleration. This system makes full-on acceleration on the track more exciting and downshifting faster and smoother with less chassis disruption when changing gears. The system operates at speeds above 10 mph, with upshifts above 2,000 RPM and downshifts above 1,600 RPM.",,http://images.auction123.com/5be812ce-fb36-4694-beac-43bea97b8d08/JYARM60E8TA005323/01.jpg?web001lnw|http://images.auction123.com/5be812ce-fb36-4694-beac-43bea97b8d08/JYARM60E8TA005323/02.jpg?web001lnw|http://images.auction123.com/5be812ce-fb36-4694-beac-43bea97b8d08/JYARM60E8TA005323/03.jpg?web001lnw|http://images.auction123.com/5be812ce-fb36-4694-beac-43bea97b8d08/JYARM60E8TA005323/04.jpg?web001lnw|http://images.auction123.com/5be812ce-fb36-4694-beac-43bea97b8d08/JYARM60E8TA005323/05.jpg?web001lnw|http://images.auction123.com/5be812ce-fb36-4694-beac-43bea97b8d08/JYARM60E8TA005323/06.jpg?web001lnw|http://images.auction123.com/5be812ce-fb36-4694-beac-43bea97b8d08/JYARM60E8TA005323/07.jpg?web001lnw|http://images.auction123.com/5be812ce-fb36-4694-beac-43bea97b8d08/JYARM60E8TA005323/08.jpg?web001lnw|http://images.auction123.com/5be812ce-fb36-4694-beac-43bea97b8d08/JYARM60E8TA005323/09.jpg?web001lnw|http://images.auction123.com/5be812ce-fb36-4694-beac-43bea97b8d08/JYARM60E8TA005323/10.jpg?web001lnw,,,06/03/2026,Other,RideNow Beach Blvd,,,0,https://www.ridenowbeachblvd.com/New-Inventory-2026-Yamaha-Motorcycle-Scooter-YZF-R7-Ridenow-Beach-Blvd-18779306
20147,JYARM60E9TA001801,YA001801,N,2026,Yamaha,YZF-R7,,Motorcycle / Scooter,,,,0,,,,BLU,,9399.0,9399.0,03/14/2026,No,"2026 Yamaha YZF-R7SUPERSPORT REVOLUTIONThe 2026 YZF-R7 delivers proven CP2 power, a sharper handling chassis and ultra-sleek new styling that embodies the exhilarating next-generation of R World. Packed with a range of new features including a redesigned frame, enhanced ergonomics, an advanced electronics package and smartphone connectivity, the YZF-R7 is revolutionizing the Supersport class with the ultimate combination of performance, accessibility and price.Features may include:Ultra-Sleek New-Generation StylingSharp new aerodynamic styling fuses beauty and functionality with a compact front fairing design, slim, contoured side fairings, new aerodynamic winglets and LED turn signals now integrated into the rearview mirrors. Minimalist LED headlight and position lights combine with the R7&#39;s signature M-shaped duct and tail wing to reflect unmistakable Yamaha R-Series DNA from every angle.Iconic 70th Anniversary Edition StylingThe new 2026 YZF-R7 70th Anniversary Edition&#39;s aerodynamic next-generation R-Series design combines with iconic white and red speed block livery, gold Yamaha Tuning Fork emblems, and Anniversary Edition badge to celebrate the 1955 birth of Yamaha Motor Company and seven decades of motorsports excellence in standout style.Torquey CP2 PowerplantYamaha&#39;s proven 689cc twin-cylinder DOHC fuel-injected engine delivers excellent power and performance throughout the rpm range for an exhilarating ride and a true Supersport experience. Its 270-degree crossplane crankshaft provides linear torque for exciting acceleration and limited vibration.Tuned InductionContributing to the visceral connection between rider and machine, the new YZF-R7 adopts the same intake duct shape and asymmetrical funnel lengths as the current MT-07, harnessing the bike&#39;s induction roar for an enhanced feeling of acceleration from its renowned crossplane CP2 engine.New Five-Inch TFT & Enhanced ConnectivityA stunning new full-color five-inch TFT instrument display features four selectable themes along with a track-specific mode. Smartphone connectivity enabled through Yamaha&#39;s free Y-Connect app allows riders to receive message notifications, calls and listen to music (through use of an aftermarket Bluetooth&#174; headset, not provided). Additionally, full turn-by-turn navigation is now available through the free Garmin&#174; StreetCross app.New Third-Generation QuickshifterThe 2026 YZF-R7 is equipped with Yamaha&#39;s advanced third-generation Quick Shift System (QSS), enabling quick, clutchless upshifts and downshifts under both acceleration and deceleration. This system makes full-on acceleration on the track more exciting and downshifting faster and smoother with less chassis disruption when changing gears. The system operates at speeds above 10 mph, with upshifts above 2,000 RPM and downshifts above 1,600 RPM.",,http://images.auction123.com/5be812ce-fb36-4694-beac-43bea97b8d08/JYARM60E9TA001801/01.jpg?web001lnw|http://images.auction123.com/5be812ce-fb36-4694-beac-43bea97b8d08/JYARM60E9TA001801/02.jpg?web001lnw|http://images.auction123.com/5be812ce-fb36-4694-beac-43bea97b8d08/JYARM60E9TA001801/03.jpg?web001lnw|http://images.auction123.com/5be812ce-fb36-4694-beac-43bea97b8d08/JYARM60E9TA001801/04.jpg?web001lnw|http://images.auction123.com/5be812ce-fb36-4694-beac-43bea97b8d08/JYARM60E9TA001801/05.jpg?web001lnw|http://images.auction123.com/5be812ce-fb36-4694-beac-43bea97b8d08/JYARM60E9TA001801/06.jpg?web001lnw|http://images.auction123.com/5be812ce-fb36-4694-beac-43bea97b8d08/JYARM60E9TA001801/07.jpg?web001lnw|http://images.auction123.com/5be812ce-fb36-4694-beac-43bea97b8d08/JYARM60E9TA001801/08.jpg?web001lnw|http://images.auction123.com/5be812ce-fb36-4694-beac-43bea97b8d08/JYARM60E9TA001801/09.jpg?web001lnw|http://images.auction123.com/5be812ce-fb36-4694-beac-43bea97b8d08/JYARM60E9TA001801/10.jpg?web001lnw|http://images.auction123.com/5be812ce-fb36-4694-beac-43bea97b8d08/JYARM60E9TA001801/11.jpg?web001lnw|http://images.auction123.com/5be812ce-fb36-4694-beac-43bea97b8d08/JYARM60E9TA001801/12.jpg?web001lnw|http://images.auction123.com/5be812ce-fb36-4694-beac-43bea97b8d08/JYARM60E9TA001801/13.jpg?web001lnw|http://images.auction123.com/5be812ce-fb36-4694-beac-43bea97b8d08/JYARM60E9TA001801/14.jpg?web001lnw|http://images.auction123.com/5be812ce-fb36-4694-beac-43bea97b8d08/JYARM60E9TA001801/15.jpg?web001lnw|http://images.auction123.com/5be812ce-fb36-4694-beac-43bea97b8d08/JYARM60E9TA001801/16.jpg?web001lnw|http://images.auction123.com/5be812ce-fb36-4694-beac-43bea97b8d08/JYARM60E9TA001801/17.jpg?web001lnw|http://images.auction123.com/5be812ce-fb36-4694-beac-43bea97b8d08/JYARM60E9TA001801/18.jpg?web001lnw,,,05/13/2026,Other,RideNow Beach Blvd,,,0,https://www.ridenowbeachblvd.com/New-Inventory-2026-Yamaha-Motorcycle-Scooter-YZF-R7-RIDENOW-BEACH-BLVD-18425397
20147,JYARM60EXTA002200,YA002200,N,2026,Yamaha,YZF-R7 70th Anniversary Edition,,Motorcycle / Scooter,,,,0,,,,WHT RED,,0.0,9699.0,04/23/2026,No,"2026 Yamaha YZF-R7 70th Anniversary EditionSUPERSPORT REVOLUTIONThe 2026 YZF-R7 delivers proven CP2 power, a sharper handling chassis and ultra-sleek new styling that embodies the exhilarating next-generation of R World. Packed with a range of new features including a redesigned frame, enhanced ergonomics, an advanced electronics package and smartphone connectivity, the YZF-R7 is revolutionizing the Supersport class with the ultimate combination of performance, accessibility and price.Features may include:Ultra-Sleek New-Generation StylingSharp new aerodynamic styling fuses beauty and functionality with a compact front fairing design, slim, contoured side fairings, new aerodynamic winglets and LED turn signals now integrated into the rearview mirrors. Minimalist LED headlight and position lights combine with the R7&#39;s signature M-shaped duct and tail wing to reflect unmistakable Yamaha R-Series DNA from every angle.Iconic 70th Anniversary Edition StylingThe new 2026 YZF-R7 70th Anniversary Edition&#39;s aerodynamic next-generation R-Series design combines with iconic white and red speed block livery, gold Yamaha Tuning Fork emblems, and Anniversary Edition badge to celebrate the 1955 birth of Yamaha Motor Company and seven decades of motorsports excellence in standout style.Torquey CP2 PowerplantYamaha&#39;s proven 689cc twin-cylinder DOHC fuel-injected engine delivers excellent power and performance throughout the rpm range for an exhilarating ride and a true Supersport experience. Its 270-degree crossplane crankshaft provides linear torque for exciting acceleration and limited vibration.Tuned InductionContributing to the visceral connection between rider and machine, the new YZF-R7 adopts the same intake duct shape and asymmetrical funnel lengths as the current MT-07, harnessing the bike&#39;s induction roar for an enhanced feeling of acceleration from its renowned crossplane CP2 engine.New Five-Inch TFT & Enhanced ConnectivityA stunning new full-color five-inch TFT instrument display features four selectable themes along with a track-specific mode. Smartphone connectivity enabled through Yamaha&#39;s free Y-Connect app allows riders to receive message notifications, calls and listen to music (through use of an aftermarket Bluetooth&#174; headset, not provided). Additionally, full turn-by-turn navigation is now available through the free Garmin&#174; StreetCross app.New Third-Generation QuickshifterThe 2026 YZF-R7 is equipped with Yamaha&#39;s advanced third-generation Quick Shift System (QSS), enabling quick, clutchless upshifts and downshifts under both acceleration and deceleration. This system makes full-on acceleration on the track more exciting and downshifting faster and smoother with less chassis disruption when changing gears. The system operates at speeds above 10 mph, with upshifts above 2,000 RPM and downshifts above 1,600 RPM.",,http://images.auction123.com/5be812ce-fb36-4694-beac-43bea97b8d08/JYARM60EXTA002200/01.jpg?web001lnw|http://images.auction123.com/5be812ce-fb36-4694-beac-43bea97b8d08/JYARM60EXTA002200/02.jpg?web001lnw|http://images.auction123.com/5be812ce-fb36-4694-beac-43bea97b8d08/JYARM60EXTA002200/03.jpg?web001lnw|http://images.auction123.com/5be812ce-fb36-4694-beac-43bea97b8d08/JYARM60EXTA002200/04.jpg?web001lnw|http://images.auction123.com/5be812ce-fb36-4694-beac-43bea97b8d08/JYARM60EXTA002200/05.jpg?web001lnw|http://images.auction123.com/5be812ce-fb36-4694-beac-43bea97b8d08/JYARM60EXTA002200/06.jpg?web001lnw|http://images.auction123.com/5be812ce-fb36-4694-beac-43bea97b8d08/JYARM60EXTA002200/07.jpg?web001lnw|http://images.auction123.com/5be812ce-fb36-4694-beac-43bea97b8d08/JYARM60EXTA002200/08.jpg?web001lnw|http://images.auction123.com/5be812ce-fb36-4694-beac-43bea97b8d08/JYARM60EXTA002200/09.jpg?web001lnw|http://images.auction123.com/5be812ce-fb36-4694-beac-43bea97b8d08/JYARM60EXTA002200/10.jpg?web001lnw|http://images.auction123.com/5be812ce-fb36-4694-beac-43bea97b8d08/JYARM60EXTA002200/11.jpg?web001lnw|http://images.auction123.com/5be812ce-fb36-4694-beac-43bea97b8d08/JYARM60EXTA002200/12.jpg?web001lnw|http://images.auction123.com/5be812ce-fb36-4694-beac-43bea97b8d08/JYARM60EXTA002200/13.jpg?web001lnw|http://images.auction123.com/5be812ce-fb36-4694-beac-43bea97b8d08/JYARM60EXTA002200/14.jpg?web001lnw|http://images.auction123.com/5be812ce-fb36-4694-beac-43bea97b8d08/JYARM60EXTA002200/15.jpg?web001lnw|http://images.auction123.com/5be812ce-fb36-4694-beac-43bea97b8d08/JYARM60EXTA002200/16.jpg?web001lnw|http://images.auction123.com/5be812ce-fb36-4694-beac-43bea97b8d08/JYARM60EXTA002200/17.jpg?web001lnw|http://images.auction123.com/5be812ce-fb36-4694-beac-43bea97b8d08/JYARM60EXTA002200/18.jpg?web001lnw|http://images.auction123.com/5be812ce-fb36-4694-beac-43bea97b8d08/JYARM60EXTA002200/19.jpg?web001lnw|http://images.auction123.com/5be812ce-fb36-4694-beac-43bea97b8d08/JYARM60EXTA002200/20.jpg?web001lnw,,,05/07/2026,Other,RideNow Beach Blvd,,,0,https://www.ridenowbeachblvd.com/New-Inventory-2026-Yamaha-Motorcycle-Scooter-YZF-R7-70th-Anniversary-Edition-RIDENOW-BEACH-BLVD-18601904
20147,JYARM60EXTA003511,YA003511,N,2026,Yamaha,YZF,R7,Motorcycle / Scooter,Manual,R7,,0,,In-line 689,,BLUE,,9399.0,9399.0,05/13/2026,No,,,,,,05/13/2026,Standard,RideNow Beach Blvd,In-line 689,,0,https://www.ridenowbeachblvd.com/New-Inventory-2026-Yamaha-Motorcycle-Scooter-YZF-R7-RideNow-Beach-Blvd-FL-18718828
20147,JYARM60EXTA004237,YA004237,N,2026,Yamaha,YZF-R7,,Motorcycle / Scooter,,,,0,,,,BLK,,9399.0,9399.0,05/13/2026,No,"2026 Yamaha YZF-R7SUPERSPORT REVOLUTIONThe 2026 YZF-R7 delivers proven CP2 power, a sharper handling chassis and ultra-sleek new styling that embodies the exhilarating next-generation of R World. Packed with a range of new features including a redesigned frame, enhanced ergonomics, an advanced electronics package and smartphone connectivity, the YZF-R7 is revolutionizing the Supersport class with the ultimate combination of performance, accessibility and price.Features may include:Ultra-Sleek New-Generation StylingSharp new aerodynamic styling fuses beauty and functionality with a compact front fairing design, slim, contoured side fairings, new aerodynamic winglets and LED turn signals now integrated into the rearview mirrors. Minimalist LED headlight and position lights combine with the R7&#39;s signature M-shaped duct and tail wing to reflect unmistakable Yamaha R-Series DNA from every angle.Iconic 70th Anniversary Edition StylingThe new 2026 YZF-R7 70th Anniversary Edition&#39;s aerodynamic next-generation R-Series design combines with iconic white and red speed block livery, gold Yamaha Tuning Fork emblems, and Anniversary Edition badge to celebrate the 1955 birth of Yamaha Motor Company and seven decades of motorsports excellence in standout style.Torquey CP2 PowerplantYamaha&#39;s proven 689cc twin-cylinder DOHC fuel-injected engine delivers excellent power and performance throughout the rpm range for an exhilarating ride and a true Supersport experience. Its 270-degree crossplane crankshaft provides linear torque for exciting acceleration and limited vibration.Tuned InductionContributing to the visceral connection between rider and machine, the new YZF-R7 adopts the same intake duct shape and asymmetrical funnel lengths as the current MT-07, harnessing the bike&#39;s induction roar for an enhanced feeling of acceleration from its renowned crossplane CP2 engine.New Five-Inch TFT & Enhanced ConnectivityA stunning new full-color five-inch TFT instrument display features four selectable themes along with a track-specific mode. Smartphone connectivity enabled through Yamaha&#39;s free Y-Connect app allows riders to receive message notifications, calls and listen to music (through use of an aftermarket Bluetooth&#174; headset, not provided). Additionally, full turn-by-turn navigation is now available through the free Garmin&#174; StreetCross app.New Third-Generation QuickshifterThe 2026 YZF-R7 is equipped with Yamaha&#39;s advanced third-generation Quick Shift System (QSS), enabling quick, clutchless upshifts and downshifts under both acceleration and deceleration. This system makes full-on acceleration on the track more exciting and downshifting faster and smoother with less chassis disruption when changing gears. The system operates at speeds above 10 mph, with upshifts above 2,000 RPM and downshifts above 1,600 RPM.",,,,,05/14/2026,Other,RideNow Beach Blvd,,,0,https://www.ridenowbeachblvd.com/New-Inventory-2026-Yamaha-Motorcycle-Scooter-YZF-R7-RideNow-Beach-Blvd-18718832
20147,JYARN79E3SA002527,YA002527,N,2025,Yamaha,MT,,Motorcycle / Scooter,Manual,10,,0,,Horizontal In-line 998,,GRY,,14799.0,11999.0,10/22/2025,No,"2025 Yamaha MT-10THE DARKEST ENERGYThe pinnacle of MT crossplane torque, distinct styling and agile handling lets you dominate the Darkness.Features may include:Compact, Aggressive MT StylingA stripped-down look is achieved by removing unnecessary bodywork elements and refocusing attention on the pure mechanical beauty of the muscular engine and compact frame. Twin-eye mono-focus LED headlights and LED position lights situated above the headlights combine with a compact nose assembly to minimize overhang and lend a refined, dominant style. Enlarged, functional intake ducts mounted on either side of the fuel tank cover increase efficiency while further enhancing the bike&#39;s aggressiveness.Six-Axis IMU with Rider AidsThe MT-10 takes a significant step forward in technological advancement with the addition of Yamaha&#39;s state-of-the-art six-axis Inertial Measurement Unit. Originally developed for the YZF-R1, the IMU on the MT-10 has now evolved into a smaller and lighter unit, featuring two sensors that measure three-axis angular velocity and three-axis acceleration, enabling a suite of rider aids including lean sensitive traction control, a Slide Control System (SCS), a front wheel Lift Control System (LIF), Engine Brake Management (EBM) and a Brake Control (BC) System with lean-sensitive ABS.Updated -&#732;High-Torque 998cc CP4 EngineThe next evolution of the MT-10 is equipped with a refined version of the 998cc liquid-cooled CP4 crossplane engine derived from the race-ready YZF-R1 powerplant. Providing a linear, torque-rich delivery, this is the most potent and technologically advanced engine ever seen on a Yamaha Hyper Naked motorcycle. Fuel injection settings have been optimized, and design of the intake and exhaust systems modified to lend the MT-10 a torquier, more street-focused engine character.Acoustic Amplifier GrillesTo further enhance the crossplane CP4 engine&#39;s distinctive soundtrack, the air box is designed with three differing-length intake ducts tuned to resonate harmoniously at varying engine speeds to create a unique intake roar that enhances the overall riding experience. Sound is heightened further by Acoustic Amplifier Grilles positioned on the front left and right of the fuel tank, transmitting this tuned induction soundtrack directly to the rider, adding to the thrill when opening the throttle.Advanced Quick Shift System (QSS)An advanced up and down Quick Shift System (QSS) comes standard on the MT-10. By enabling quick, clutchless shifting both up and down the gear box, this system makes full-on acceleration more exciting, downshifting faster and smoother, with less chassis disruption while changing gears.",,http://images.auction123.com/5be812ce-fb36-4694-beac-43bea97b8d08/JYARN79E3SA002527/01.jpg?web001lnw|http://images.auction123.com/5be812ce-fb36-4694-beac-43bea97b8d08/JYARN79E3SA002527/02.jpg?web001lnw|http://images.auction123.com/5be812ce-fb36-4694-beac-43bea97b8d08/JYARN79E3SA002527/03.jpg?web001lnw|http://images.auction123.com/5be812ce-fb36-4694-beac-43bea97b8d08/JYARN79E3SA002527/04.jpg?web001lnw|http://images.auction123.com/5be812ce-fb36-4694-beac-43bea97b8d08/JYARN79E3SA002527/05.jpg?web001lnw|http://images.auction123.com/5be812ce-fb36-4694-beac-43bea97b8d08/JYARN79E3SA002527/06.jpg?web001lnw|http://images.auction123.com/5be812ce-fb36-4694-beac-43bea97b8d08/JYARN79E3SA002527/07.jpg?web001lnw|http://images.auction123.com/5be812ce-fb36-4694-beac-43bea97b8d08/JYARN79E3SA002527/08.jpg?web001lnw|http://images.auction123.com/5be812ce-fb36-4694-beac-43bea97b8d08/JYARN79E3SA002527/09.jpg?web001lnw|http://images.auction123.com/5be812ce-fb36-4694-beac-43bea97b8d08/JYARN79E3SA002527/10.jpg?web001lnw|http://images.auction123.com/5be812ce-fb36-4694-beac-43bea97b8d08/JYARN79E3SA002527/11.jpg?web001lnw|http://images.auction123.com/5be812ce-fb36-4694-beac-43bea97b8d08/JYARN79E3SA002527/12.jpg?web001lnw|http://images.auction123.com/5be812ce-fb36-4694-beac-43bea97b8d08/JYARN79E3SA002527/13.jpg?web001lnw|http://images.auction123.com/5be812ce-fb36-4694-beac-43bea97b8d08/JYARN79E3SA002527/14.jpg?web001lnw|http://images.auction123.com/5be812ce-fb36-4694-beac-43bea97b8d08/JYARN79E3SA002527/15.jpg?web001lnw|http://images.auction123.com/5be812ce-fb36-4694-beac-43bea97b8d08/JYARN79E3SA002527/16.jpg?web001lnw|http://images.auction123.com/5be812ce-fb36-4694-beac-43bea97b8d08/JYARN79E3SA002527/17.jpg?web001lnw|http://images.auction123.com/5be812ce-fb36-4694-beac-43bea97b8d08/JYARN79E3SA002527/18.jpg?web001lnw|http://images.auction123.com/5be812ce-fb36-4694-beac-43bea97b8d08/JYARN79E3SA002527/19.jpg?web001lnw|http://images.auction123.com/5be812ce-fb36-4694-beac-43bea97b8d08/JYARN79E3SA002527/20.jpg?web001lnw,,,10/23/2025,Standard,RideNow Beach Blvd,Horizontal In-line 998,,0,https://www.ridenowbeachblvd.com/New-Inventory-2025-Yamaha-Motorcycle-Scooter-MT-10-RideNow-Beach-Blvd-FL-17900333
20147,JYARN81E8TA000999,YA000999,N,2026,Yamaha,MT-10 SP,,Motorcycle / Scooter,,,,0,,,,Liquid Metal/Raven,,0.0,17499.0,01/21/2026,No,"2026 Yamaha MT-10 SPSPEED OF DARKNESSThe highest specification Master of Torque is here. Once you experience the MT-10 SP&#39;s total performance, you&#39;ll know you&#39;ve truly entered the Dark Side.Features may include:High-Torque 998cc CP4 EngineThe MT-10 SP is equipped with a refined version of the 998cc liquid-cooled CP4 crossplane engine derived from the race-ready YZF-R1 powerplant. Providing a linear, torque-rich delivery, this is the most potent and technologically advanced engine ever seen on a Yamaha Hyper Naked motorcycle. Fuel injection settings are optimized, and along with the intake and exhaust system design, lend the MT-10 SP a torquey, street-focused engine character.Acoustic Amplifier GrillesTo further enhance the crossplane CP4 engine&#39;s distinctive soundtrack, the air box has three differing-length intake ducts tuned to resonate harmoniously at varying engine speeds to create a unique intake roar that enhances the riding experience. Sound is further heightened by Acoustic Amplifier Grilles positioned on the front left and right of the fuel tank, transmitting this tuned induction soundtrack directly to the rider, adding to the thrill when opening the throttle.Advanced Ohlins&#174; Semi-Active Suspension SystemState-of-the-art Ohlins&#174; electronically controlled suspension provides riders the choice between three semi-active damping modes (A-1, A-2, A-3), as well as three manual setting modes (M-1, M-2, M-3). When an automatic mode is selected the system adjusts rebound and compression damping continuously to match the current running conditions, ensuring the most appropriate settings are always in play. Manual modes allow precise electronic adjustment of compression and rebound damping for both the front fork and rear shock.Six-Axis IMU with Rider AidsThe MT-10 SP provides cutting-edge technological advancement with Yamaha&#39;s state-of-the-art six-axis Inertial Measurement Unit. Originally developed for the YZF-R1, the IMU on the MT-10 SP has evolved into a smaller and lighter unit, featuring two sensors that measure three-axis angular velocity and three-axis acceleration, enabling a suite of rider aids including lean-sensitive traction control, a Slide Control System (SCS), a front wheel Lift Control System (LIF), Engine Brake Management (EBM) and a Brake Control (BC) System with lean-sensitive ABS.Advanced Ride-By-Wire Throttle with APSGAdvanced Yamaha Chip Controlled Throttle (YCC-T) system instantly calculates ideal throttle valve opening based on movement detected at the throttle grip. The MT-10 SP also features an Accelerator Position Sensor Grip (APSG) which employs a spring, slider and gear mechanism to produce a natural throttle feel. The rider can also pre-select throttle response characteristics by using the PWR (Power delivery mode) switch to choose between four different power modes.Exclusive SP StylingAlong with its stripped-down, aggressive look, the MT-10 SP adds an air of exclusivity with additional premium styling details and distinctive Liquid Metal/Raven color scheme signifying its status at the top of the Hyper Naked range. The MT-10 SP also boasts an attractive polished swingarm and exclusive color-matched lower fairing for a more purposeful, race-bred look.",,http://images.auction123.com/5be812ce-fb36-4694-beac-43bea97b8d08/JYARN81E8TA000999/01.jpg?web001lnw|http://images.auction123.com/5be812ce-fb36-4694-beac-43bea97b8d08/JYARN81E8TA000999/02.jpg?web001lnw|http://images.auction123.com/5be812ce-fb36-4694-beac-43bea97b8d08/JYARN81E8TA000999/03.jpg?web001lnw|http://images.auction123.com/5be812ce-fb36-4694-beac-43bea97b8d08/JYARN81E8TA000999/04.jpg?web001lnw|http://images.auction123.com/5be812ce-fb36-4694-beac-43bea97b8d08/JYARN81E8TA000999/05.jpg?web001lnw|http://images.auction123.com/5be812ce-fb36-4694-beac-43bea97b8d08/JYARN81E8TA000999/06.jpg?web001lnw|http://images.auction123.com/5be812ce-fb36-4694-beac-43bea97b8d08/JYARN81E8TA000999/07.jpg?web001lnw|http://images.auction123.com/5be812ce-fb36-4694-beac-43bea97b8d08/JYARN81E8TA000999/08.jpg?web001lnw|http://images.auction123.com/5be812ce-fb36-4694-beac-43bea97b8d08/JYARN81E8TA000999/09.jpg?web001lnw|http://images.auction123.com/5be812ce-fb36-4694-beac-43bea97b8d08/JYARN81E8TA000999/10.jpg?web001lnw|http://images.auction123.com/5be812ce-fb36-4694-beac-43bea97b8d08/JYARN81E8TA000999/11.jpg?web001lnw|http://images.auction123.com/5be812ce-fb36-4694-beac-43bea97b8d08/JYARN81E8TA000999/12.jpg?web001lnw|http://images.auction123.com/5be812ce-fb36-4694-beac-43bea97b8d08/JYARN81E8TA000999/13.jpg?web001lnw|http://images.auction123.com/5be812ce-fb36-4694-beac-43bea97b8d08/JYARN81E8TA000999/14.jpg?web001lnw|http://images.auction123.com/5be812ce-fb36-4694-beac-43bea97b8d08/JYARN81E8TA000999/15.jpg?web001lnw|http://images.auction123.com/5be812ce-fb36-4694-beac-43bea97b8d08/JYARN81E8TA000999/16.jpg?web001lnw|http://images.auction123.com/5be812ce-fb36-4694-beac-43bea97b8d08/JYARN81E8TA000999/17.jpg?web001lnw|http://images.auction123.com/5be812ce-fb36-4694-beac-43bea97b8d08/JYARN81E8TA000999/18.jpg?web001lnw|http://images.auction123.com/5be812ce-fb36-4694-beac-43bea97b8d08/JYARN81E8TA000999/19.jpg?web001lnw,,,01/25/2026,Other,RideNow Beach Blvd,,,0,https://www.ridenowbeachblvd.com/New-Inventory-2026-Yamaha-Motorcycle-Scooter-MT-10-SP-Ridenow-Beach-Blvd-18234980
20147,JYARN94E0TA004207,YA004207,N,2026,Yamaha,MT-09,,Motorcycle / Scooter,,,,0,,,,GRY,,0.0,10899.0,01/21/2026,No,"2026 Yamaha MT-09UNLEASH YOUR DARKNESSThe industry benchmark in Hyper Naked performance with razor sharp handling, thrilling 890cc triple-cylinder power, class-leading technology and distinctive Dark Side styling.Features may include:Powerful 890cc Three-Cylinder EngineYamaha&#39;s renowned 890cc liquid-cooled CP3 engine is light, powerful and provides a thrilling wave of torque from low RPMs. A combination of carefully tuned induction sound and distinctive crossplane triple exhaust note provides a resonance which only heightens the feeling of acceleration. Throttle valves are governed by the Yamaha Chip Controlled Throttle (YCC-T) system enabling finer actuation and precise control.Advanced Six-Axis IMUThe MT-09 features an advanced six-axis Inertial Measurement Unit (IMU) that matches the base performance of proven IMU in the YZF-R1 Superbike. Data collected from the IMU and wheel speed sensors enable a high-tech suite of rider aids including a four-mode Traction Control System (TCS), Slide Control System (SCS), front wheel Lift Control System (LIF) and a two-mode Brake Control System. Each of these systems can be turned off and Traction Control, Slide Control and Lift Control can have their levels of intervention adjusted to preference.Lightweight CF Die-Cast Aluminum FrameThe MT-09 features an advanced, lightweight aluminum frame refined to showcase the MT&#39;s signature agility. To ensure both straight-line stability and handling performance, the balance of longitudinal, lateral and torsional rigidity are all carefully considered and finely tuned. The frame is manufactured using Yamaha&#39;s groundbreaking controlled fill (CF) die casting technology which contributes to its light weight.Five-Inch TFT Display with Smartphone ConnectivityRiders can link their smartphone to the rich, full-color TFT display via Yamaha&#39;s free Y-Connect app to receive message notifications, calls and listen to music (through use of an aftermarket Bluetooth&#174; headset, not provided). Additionally, full turn-by-turn navigation is available through the Garmin&#174; StreetCross app to make each journey easier.Aggressive Next-Generation Styling Aggressive next-generation styling takes the Hyper Naked look to a new level with sharper, more defined lines and minimal bodywork. A bi-functional LED headlamp is shrouded in a cover, creating a compact and unified relationship with the fuel tank and tail section, while a more forward-leaning stance maintains the edgy street aesthetic synonymous with the MT name.Powerful 890cc Three-Cylinder EngineYamaha&#39;s renowned 890cc liquid-cooled CP3 engine is light, powerful and provides a thrilling wave of torque from low RPMs. A combination of carefully tuned induction sound and distinctive crossplane triple exhaust note provides a resonance which only heightens the feeling of acceleration. Throttle valves are governed by the Yamaha Chip Controlled Throttle (YCC-T) system enabling finer actuation and precise control.",,http://images.auction123.com/5be812ce-fb36-4694-beac-43bea97b8d08/JYARN94E0TA004207/01.jpg?web001lnw|http://images.auction123.com/5be812ce-fb36-4694-beac-43bea97b8d08/JYARN94E0TA004207/02.jpg?web001lnw|http://images.auction123.com/5be812ce-fb36-4694-beac-43bea97b8d08/JYARN94E0TA004207/03.jpg?web001lnw|http://images.auction123.com/5be812ce-fb36-4694-beac-43bea97b8d08/JYARN94E0TA004207/04.jpg?web001lnw|http://images.auction123.com/5be812ce-fb36-4694-beac-43bea97b8d08/JYARN94E0TA004207/05.jpg?web001lnw|http://images.auction123.com/5be812ce-fb36-4694-beac-43bea97b8d08/JYARN94E0TA004207/06.jpg?web001lnw|http://images.auction123.com/5be812ce-fb36-4694-beac-43bea97b8d08/JYARN94E0TA004207/07.jpg?web001lnw|http://images.auction123.com/5be812ce-fb36-4694-beac-43bea97b8d08/JYARN94E0TA004207/08.jpg?web001lnw|http://images.auction123.com/5be812ce-fb36-4694-beac-43bea97b8d08/JYARN94E0TA004207/09.jpg?web001lnw|http://images.auction123.com/5be812ce-fb36-4694-beac-43bea97b8d08/JYARN94E0TA004207/10.jpg?web001lnw|http://images.auction123.com/5be812ce-fb36-4694-beac-43bea97b8d08/JYARN94E0TA004207/11.jpg?web001lnw|http://images.auction123.com/5be812ce-fb36-4694-beac-43bea97b8d08/JYARN94E0TA004207/12.jpg?web001lnw|http://images.auction123.com/5be812ce-fb36-4694-beac-43bea97b8d08/JYARN94E0TA004207/13.jpg?web001lnw|http://images.auction123.com/5be812ce-fb36-4694-beac-43bea97b8d08/JYARN94E0TA004207/14.jpg?web001lnw|http://images.auction123.com/5be812ce-fb36-4694-beac-43bea97b8d08/JYARN94E0TA004207/15.jpg?web001lnw|http://images.auction123.com/5be812ce-fb36-4694-beac-43bea97b8d08/JYARN94E0TA004207/16.jpg?web001lnw|http://images.auction123.com/5be812ce-fb36-4694-beac-43bea97b8d08/JYARN94E0TA004207/17.jpg?web001lnw|http://images.auction123.com/5be812ce-fb36-4694-beac-43bea97b8d08/JYARN94E0TA004207/18.jpg?web001lnw|http://images.auction123.com/5be812ce-fb36-4694-beac-43bea97b8d08/JYARN94E0TA004207/19.jpg?web001lnw,,,02/11/2026,Other,RideNow Beach Blvd,,,0,https://www.ridenowbeachblvd.com/New-Inventory-2026-Yamaha-Motorcycle-Scooter-MT-09-Ridenow-Beach-Blvd-18234989
20147,JYARN94E1TA004295,YA004295,N,2026,Yamaha,MT09TGY,,Motorcycle / Scooter,,,,0,,,,GRY,,10899.0,10899.0,02/27/2026,No,,,http://images.auction123.com/5be812ce-fb36-4694-beac-43bea97b8d08/JYARN94E1TA004295/01.jpg?web001lnw|http://images.auction123.com/5be812ce-fb36-4694-beac-43bea97b8d08/JYARN94E1TA004295/02.jpg?web001lnw|http://images.auction123.com/5be812ce-fb36-4694-beac-43bea97b8d08/JYARN94E1TA004295/03.jpg?web001lnw|http://images.auction123.com/5be812ce-fb36-4694-beac-43bea97b8d08/JYARN94E1TA004295/04.jpg?web001lnw|http://images.auction123.com/5be812ce-fb36-4694-beac-43bea97b8d08/JYARN94E1TA004295/05.jpg?web001lnw|http://images.auction123.com/5be812ce-fb36-4694-beac-43bea97b8d08/JYARN94E1TA004295/06.jpg?web001lnw|http://images.auction123.com/5be812ce-fb36-4694-beac-43bea97b8d08/JYARN94E1TA004295/07.jpg?web001lnw|http://images.auction123.com/5be812ce-fb36-4694-beac-43bea97b8d08/JYARN94E1TA004295/08.jpg?web001lnw|http://images.auction123.com/5be812ce-fb36-4694-beac-43bea97b8d08/JYARN94E1TA004295/09.jpg?web001lnw|http://images.auction123.com/5be812ce-fb36-4694-beac-43bea97b8d08/JYARN94E1TA004295/10.jpg?web001lnw|http://images.auction123.com/5be812ce-fb36-4694-beac-43bea97b8d08/JYARN94E1TA004295/11.jpg?web001lnw|http://images.auction123.com/5be812ce-fb36-4694-beac-43bea97b8d08/JYARN94E1TA004295/12.jpg?web001lnw|http://images.auction123.com/5be812ce-fb36-4694-beac-43bea97b8d08/JYARN94E1TA004295/13.jpg?web001lnw|http://images.auction123.com/5be812ce-fb36-4694-beac-43bea97b8d08/JYARN94E1TA004295/14.jpg?web001lnw|http://images.auction123.com/5be812ce-fb36-4694-beac-43bea97b8d08/JYARN94E1TA004295/15.jpg?web001lnw|http://images.auction123.com/5be812ce-fb36-4694-beac-43bea97b8d08/JYARN94E1TA004295/16.jpg?web001lnw|http://images.auction123.com/5be812ce-fb36-4694-beac-43bea97b8d08/JYARN94E1TA004295/17.jpg?web001lnw|http://images.auction123.com/5be812ce-fb36-4694-beac-43bea97b8d08/JYARN94E1TA004295/18.jpg?web001lnw|http://images.auction123.com/5be812ce-fb36-4694-beac-43bea97b8d08/JYARN94E1TA004295/19.jpg?web001lnw,,,03/06/2026,Other,RideNow Beach Blvd,,,0,https://www.ridenowbeachblvd.com/New-Inventory-2026-YAMAHA-Motorcycle-Scooter-MT09TGY-RIDENOW-BEACH-BLVD-18365243
20147,JYARN94E1TA004684,YA004684,N,2026,Yamaha,MT-09,,Motorcycle / Scooter,,,,0,,,,BL,,0.0,10899.0,04/30/2026,No,"2026 Yamaha MT-09UNLEASH YOUR DARKNESSThe industry benchmark in Hyper Naked performance with razor sharp handling, thrilling 890cc triple-cylinder power, class-leading technology and distinctive Dark Side styling.Features may include:Powerful 890cc Three-Cylinder EngineYamaha&#39;s renowned 890cc liquid-cooled CP3 engine is light, powerful and provides a thrilling wave of torque from low RPMs. A combination of carefully tuned induction sound and distinctive crossplane triple exhaust note provides a resonance which only heightens the feeling of acceleration. Throttle valves are governed by the Yamaha Chip Controlled Throttle (YCC-T) system enabling finer actuation and precise control.Advanced Six-Axis IMUThe MT-09 features an advanced six-axis Inertial Measurement Unit (IMU) that matches the base performance of proven IMU in the YZF-R1 Superbike. Data collected from the IMU and wheel speed sensors enable a high-tech suite of rider aids including a four-mode Traction Control System (TCS), Slide Control System (SCS), front wheel Lift Control System (LIF) and a two-mode Brake Control System. Each of these systems can be turned off and Traction Control, Slide Control and Lift Control can have their levels of intervention adjusted to preference.Lightweight CF Die-Cast Aluminum FrameThe MT-09 features an advanced, lightweight aluminum frame refined to showcase the MT&#39;s signature agility. To ensure both straight-line stability and handling performance, the balance of longitudinal, lateral and torsional rigidity are all carefully considered and finely tuned. The frame is manufactured using Yamaha&#39;s groundbreaking controlled fill (CF) die casting technology which contributes to its light weight.Five-Inch TFT Display with Smartphone ConnectivityRiders can link their smartphone to the rich, full-color TFT display via Yamaha&#39;s free Y-Connect app to receive message notifications, calls and listen to music (through use of an aftermarket Bluetooth&#174; headset, not provided). Additionally, full turn-by-turn navigation is available through the Garmin&#174; StreetCross app to make each journey easier.Aggressive Next-Generation Styling Aggressive next-generation styling takes the Hyper Naked look to a new level with sharper, more defined lines and minimal bodywork. A bi-functional LED headlamp is shrouded in a cover, creating a compact and unified relationship with the fuel tank and tail section, while a more forward-leaning stance maintains the edgy street aesthetic synonymous with the MT name.Powerful 890cc Three-Cylinder EngineYamaha&#39;s renowned 890cc liquid-cooled CP3 engine is light, powerful and provides a thrilling wave of torque from low RPMs. A combination of carefully tuned induction sound and distinctive crossplane triple exhaust note provides a resonance which only heightens the feeling of acceleration. Throttle valves are governed by the Yamaha Chip Controlled Throttle (YCC-T) system enabling finer actuation and precise control.",,http://images.auction123.com/5be812ce-fb36-4694-beac-43bea97b8d08/JYARN94E1TA004684/01.jpg?web001lnw|http://images.auction123.com/5be812ce-fb36-4694-beac-43bea97b8d08/JYARN94E1TA004684/02.jpg?web001lnw|http://images.auction123.com/5be812ce-fb36-4694-beac-43bea97b8d08/JYARN94E1TA004684/03.jpg?web001lnw|http://images.auction123.com/5be812ce-fb36-4694-beac-43bea97b8d08/JYARN94E1TA004684/04.jpg?web001lnw|http://images.auction123.com/5be812ce-fb36-4694-beac-43bea97b8d08/JYARN94E1TA004684/05.jpg?web001lnw|http://images.auction123.com/5be812ce-fb36-4694-beac-43bea97b8d08/JYARN94E1TA004684/06.jpg?web001lnw|http://images.auction123.com/5be812ce-fb36-4694-beac-43bea97b8d08/JYARN94E1TA004684/07.jpg?web001lnw|http://images.auction123.com/5be812ce-fb36-4694-beac-43bea97b8d08/JYARN94E1TA004684/08.jpg?web001lnw|http://images.auction123.com/5be812ce-fb36-4694-beac-43bea97b8d08/JYARN94E1TA004684/09.jpg?web001lnw|http://images.auction123.com/5be812ce-fb36-4694-beac-43bea97b8d08/JYARN94E1TA004684/10.jpg?web001lnw|http://images.auction123.com/5be812ce-fb36-4694-beac-43bea97b8d08/JYARN94E1TA004684/11.jpg?web001lnw|http://images.auction123.com/5be812ce-fb36-4694-beac-43bea97b8d08/JYARN94E1TA004684/12.jpg?web001lnw|http://images.auction123.com/5be812ce-fb36-4694-beac-43bea97b8d08/JYARN94E1TA004684/13.jpg?web001lnw|http://images.auction123.com/5be812ce-fb36-4694-beac-43bea97b8d08/JYARN94E1TA004684/14.jpg?web001lnw|http://images.auction123.com/5be812ce-fb36-4694-beac-43bea97b8d08/JYARN94E1TA004684/15.jpg?web001lnw|http://images.auction123.com/5be812ce-fb36-4694-beac-43bea97b8d08/JYARN94E1TA004684/16.jpg?web001lnw|http://images.auction123.com/5be812ce-fb36-4694-beac-43bea97b8d08/JYARN94E1TA004684/17.jpg?web001lnw|http://images.auction123.com/5be812ce-fb36-4694-beac-43bea97b8d08/JYARN94E1TA004684/18.jpg?web001lnw|http://images.auction123.com/5be812ce-fb36-4694-beac-43bea97b8d08/JYARN94E1TA004684/19.jpg?web001lnw,,,05/07/2026,Other,RideNow Beach Blvd,,,0,https://www.ridenowbeachblvd.com/New-Inventory-2026-Yamaha-Motorcycle-Scooter-MT-09-RIDENOW-BEACH-BLVD-18629343
20147,JYARN94E2TA005181,YA005181,N,2026,Yamaha,MT-09,,Motorcycle / Scooter,,,,0,,,,BLU,,0.0,10899.0,03/25/2026,No,"2026 Yamaha MT-09UNLEASH YOUR DARKNESSThe industry benchmark in Hyper Naked performance with razor sharp handling, thrilling 890cc triple-cylinder power, class-leading technology and distinctive Dark Side styling.Features may include:Powerful 890cc Three-Cylinder EngineYamaha&#39;s renowned 890cc liquid-cooled CP3 engine is light, powerful and provides a thrilling wave of torque from low RPMs. A combination of carefully tuned induction sound and distinctive crossplane triple exhaust note provides a resonance which only heightens the feeling of acceleration. Throttle valves are governed by the Yamaha Chip Controlled Throttle (YCC-T) system enabling finer actuation and precise control.Advanced Six-Axis IMUThe MT-09 features an advanced six-axis Inertial Measurement Unit (IMU) that matches the base performance of proven IMU in the YZF-R1 Superbike. Data collected from the IMU and wheel speed sensors enable a high-tech suite of rider aids including a four-mode Traction Control System (TCS), Slide Control System (SCS), front wheel Lift Control System (LIF) and a two-mode Brake Control System. Each of these systems can be turned off and Traction Control, Slide Control and Lift Control can have their levels of intervention adjusted to preference.Lightweight CF Die-Cast Aluminum FrameThe MT-09 features an advanced, lightweight aluminum frame refined to showcase the MT&#39;s signature agility. To ensure both straight-line stability and handling performance, the balance of longitudinal, lateral and torsional rigidity are all carefully considered and finely tuned. The frame is manufactured using Yamaha&#39;s groundbreaking controlled fill (CF) die casting technology which contributes to its light weight.Five-Inch TFT Display with Smartphone ConnectivityRiders can link their smartphone to the rich, full-color TFT display via Yamaha&#39;s free Y-Connect app to receive message notifications, calls and listen to music (through use of an aftermarket Bluetooth&#174; headset, not provided). Additionally, full turn-by-turn navigation is available through the Garmin&#174; StreetCross app to make each journey easier.Aggressive Next-Generation Styling Aggressive next-generation styling takes the Hyper Naked look to a new level with sharper, more defined lines and minimal bodywork. A bi-functional LED headlamp is shrouded in a cover, creating a compact and unified relationship with the fuel tank and tail section, while a more forward-leaning stance maintains the edgy street aesthetic synonymous with the MT name.Powerful 890cc Three-Cylinder EngineYamaha&#39;s renowned 890cc liquid-cooled CP3 engine is light, powerful and provides a thrilling wave of torque from low RPMs. A combination of carefully tuned induction sound and distinctive crossplane triple exhaust note provides a resonance which only heightens the feeling of acceleration. Throttle valves are governed by the Yamaha Chip Controlled Throttle (YCC-T) system enabling finer actuation and precise control.",,,,,05/07/2026,Other,RideNow Beach Blvd,,,0,https://www.ridenowbeachblvd.com/New-Inventory-2026-Yamaha-Motorcycle-Scooter-MT-09-RIDENOW-BEACH-BLVD-18483292
20147,JYARN94E4TA004243,YA004243,N,2026,Yamaha,MT-09,,Motorcycle / Scooter,,,,0,,,,BLK,,0.0,10899.0,01/21/2026,No,"2026 Yamaha MT-09UNLEASH YOUR DARKNESSThe industry benchmark in Hyper Naked performance with razor sharp handling, thrilling 890cc triple-cylinder power, class-leading technology and distinctive Dark Side styling.Features may include:Powerful 890cc Three-Cylinder EngineYamaha&#39;s renowned 890cc liquid-cooled CP3 engine is light, powerful and provides a thrilling wave of torque from low RPMs. A combination of carefully tuned induction sound and distinctive crossplane triple exhaust note provides a resonance which only heightens the feeling of acceleration. Throttle valves are governed by the Yamaha Chip Controlled Throttle (YCC-T) system enabling finer actuation and precise control.Advanced Six-Axis IMUThe MT-09 features an advanced six-axis Inertial Measurement Unit (IMU) that matches the base performance of proven IMU in the YZF-R1 Superbike. Data collected from the IMU and wheel speed sensors enable a high-tech suite of rider aids including a four-mode Traction Control System (TCS), Slide Control System (SCS), front wheel Lift Control System (LIF) and a two-mode Brake Control System. Each of these systems can be turned off and Traction Control, Slide Control and Lift Control can have their levels of intervention adjusted to preference.Lightweight CF Die-Cast Aluminum FrameThe MT-09 features an advanced, lightweight aluminum frame refined to showcase the MT&#39;s signature agility. To ensure both straight-line stability and handling performance, the balance of longitudinal, lateral and torsional rigidity are all carefully considered and finely tuned. The frame is manufactured using Yamaha&#39;s groundbreaking controlled fill (CF) die casting technology which contributes to its light weight.Five-Inch TFT Display with Smartphone ConnectivityRiders can link their smartphone to the rich, full-color TFT display via Yamaha&#39;s free Y-Connect app to receive message notifications, calls and listen to music (through use of an aftermarket Bluetooth&#174; headset, not provided). Additionally, full turn-by-turn navigation is available through the Garmin&#174; StreetCross app to make each journey easier.Aggressive Next-Generation Styling Aggressive next-generation styling takes the Hyper Naked look to a new level with sharper, more defined lines and minimal bodywork. A bi-functional LED headlamp is shrouded in a cover, creating a compact and unified relationship with the fuel tank and tail section, while a more forward-leaning stance maintains the edgy street aesthetic synonymous with the MT name.Powerful 890cc Three-Cylinder EngineYamaha&#39;s renowned 890cc liquid-cooled CP3 engine is light, powerful and provides a thrilling wave of torque from low RPMs. A combination of carefully tuned induction sound and distinctive crossplane triple exhaust note provides a resonance which only heightens the feeling of acceleration. Throttle valves are governed by the Yamaha Chip Controlled Throttle (YCC-T) system enabling finer actuation and precise control.",,http://images.auction123.com/5be812ce-fb36-4694-beac-43bea97b8d08/JYARN94E4TA004243/01.jpg?web001lnw|http://images.auction123.com/5be812ce-fb36-4694-beac-43bea97b8d08/JYARN94E4TA004243/02.jpg?web001lnw|http://images.auction123.com/5be812ce-fb36-4694-beac-43bea97b8d08/JYARN94E4TA004243/03.jpg?web001lnw|http://images.auction123.com/5be812ce-fb36-4694-beac-43bea97b8d08/JYARN94E4TA004243/04.jpg?web001lnw|http://images.auction123.com/5be812ce-fb36-4694-beac-43bea97b8d08/JYARN94E4TA004243/05.jpg?web001lnw|http://images.auction123.com/5be812ce-fb36-4694-beac-43bea97b8d08/JYARN94E4TA004243/06.jpg?web001lnw|http://images.auction123.com/5be812ce-fb36-4694-beac-43bea97b8d08/JYARN94E4TA004243/07.jpg?web001lnw|http://images.auction123.com/5be812ce-fb36-4694-beac-43bea97b8d08/JYARN94E4TA004243/08.jpg?web001lnw|http://images.auction123.com/5be812ce-fb36-4694-beac-43bea97b8d08/JYARN94E4TA004243/09.jpg?web001lnw|http://images.auction123.com/5be812ce-fb36-4694-beac-43bea97b8d08/JYARN94E4TA004243/10.jpg?web001lnw|http://images.auction123.com/5be812ce-fb36-4694-beac-43bea97b8d08/JYARN94E4TA004243/11.jpg?web001lnw|http://images.auction123.com/5be812ce-fb36-4694-beac-43bea97b8d08/JYARN94E4TA004243/12.jpg?web001lnw|http://images.auction123.com/5be812ce-fb36-4694-beac-43bea97b8d08/JYARN94E4TA004243/13.jpg?web001lnw|http://images.auction123.com/5be812ce-fb36-4694-beac-43bea97b8d08/JYARN94E4TA004243/14.jpg?web001lnw|http://images.auction123.com/5be812ce-fb36-4694-beac-43bea97b8d08/JYARN94E4TA004243/15.jpg?web001lnw|http://images.auction123.com/5be812ce-fb36-4694-beac-43bea97b8d08/JYARN94E4TA004243/16.jpg?web001lnw|http://images.auction123.com/5be812ce-fb36-4694-beac-43bea97b8d08/JYARN94E4TA004243/17.jpg?web001lnw|http://images.auction123.com/5be812ce-fb36-4694-beac-43bea97b8d08/JYARN94E4TA004243/18.jpg?web001lnw|http://images.auction123.com/5be812ce-fb36-4694-beac-43bea97b8d08/JYARN94E4TA004243/19.jpg?web001lnw,,,02/11/2026,Other,RideNow Beach Blvd,,,0,https://www.ridenowbeachblvd.com/New-Inventory-2026-Yamaha-Motorcycle-Scooter-MT-09-Ridenow-Beach-Blvd-18234981
20147,JYARN94E5TA005224,YA005224,N,2026,Yamaha,MT-09,,Motorcycle / Scooter,,,,0,,,,BLU,,0.0,10899.0,04/09/2026,No,"2026 Yamaha MT-09UNLEASH YOUR DARKNESSThe industry benchmark in Hyper Naked performance with razor sharp handling, thrilling 890cc triple-cylinder power, class-leading technology and distinctive Dark Side styling.Features may include:Powerful 890cc Three-Cylinder EngineYamaha&#39;s renowned 890cc liquid-cooled CP3 engine is light, powerful and provides a thrilling wave of torque from low RPMs. A combination of carefully tuned induction sound and distinctive crossplane triple exhaust note provides a resonance which only heightens the feeling of acceleration. Throttle valves are governed by the Yamaha Chip Controlled Throttle (YCC-T) system enabling finer actuation and precise control.Advanced Six-Axis IMUThe MT-09 features an advanced six-axis Inertial Measurement Unit (IMU) that matches the base performance of proven IMU in the YZF-R1 Superbike. Data collected from the IMU and wheel speed sensors enable a high-tech suite of rider aids including a four-mode Traction Control System (TCS), Slide Control System (SCS), front wheel Lift Control System (LIF) and a two-mode Brake Control System. Each of these systems can be turned off and Traction Control, Slide Control and Lift Control can have their levels of intervention adjusted to preference.Lightweight CF Die-Cast Aluminum FrameThe MT-09 features an advanced, lightweight aluminum frame refined to showcase the MT&#39;s signature agility. To ensure both straight-line stability and handling performance, the balance of longitudinal, lateral and torsional rigidity are all carefully considered and finely tuned. The frame is manufactured using Yamaha&#39;s groundbreaking controlled fill (CF) die casting technology which contributes to its light weight.Five-Inch TFT Display with Smartphone ConnectivityRiders can link their smartphone to the rich, full-color TFT display via Yamaha&#39;s free Y-Connect app to receive message notifications, calls and listen to music (through use of an aftermarket Bluetooth&#174; headset, not provided). Additionally, full turn-by-turn navigation is available through the Garmin&#174; StreetCross app to make each journey easier.Aggressive Next-Generation Styling Aggressive next-generation styling takes the Hyper Naked look to a new level with sharper, more defined lines and minimal bodywork. A bi-functional LED headlamp is shrouded in a cover, creating a compact and unified relationship with the fuel tank and tail section, while a more forward-leaning stance maintains the edgy street aesthetic synonymous with the MT name.Powerful 890cc Three-Cylinder EngineYamaha&#39;s renowned 890cc liquid-cooled CP3 engine is light, powerful and provides a thrilling wave of torque from low RPMs. A combination of carefully tuned induction sound and distinctive crossplane triple exhaust note provides a resonance which only heightens the feeling of acceleration. Throttle valves are governed by the Yamaha Chip Controlled Throttle (YCC-T) system enabling finer actuation and precise control.",,,,,05/07/2026,Other,RideNow Beach Blvd,,,0,https://www.ridenowbeachblvd.com/New-Inventory-2026-Yamaha-Motorcycle-Scooter-MT-09-RIDENOW-BEACH-BLVD-18544860
20147,JYARN95E0TA003072,YA003072,N,2026,Yamaha,MT09SPTS,,Motorcycle / Scooter,,,,0,,,,SILV,,12699.0,12699.0,12/20/2025,No,,,http://images.auction123.com/5be812ce-fb36-4694-beac-43bea97b8d08/JYARN95E0TA003072/01.jpg?web001lnw|http://images.auction123.com/5be812ce-fb36-4694-beac-43bea97b8d08/JYARN95E0TA003072/02.jpg?web001lnw|http://images.auction123.com/5be812ce-fb36-4694-beac-43bea97b8d08/JYARN95E0TA003072/03.jpg?web001lnw|http://images.auction123.com/5be812ce-fb36-4694-beac-43bea97b8d08/JYARN95E0TA003072/04.jpg?web001lnw|http://images.auction123.com/5be812ce-fb36-4694-beac-43bea97b8d08/JYARN95E0TA003072/05.jpg?web001lnw|http://images.auction123.com/5be812ce-fb36-4694-beac-43bea97b8d08/JYARN95E0TA003072/06.jpg?web001lnw|http://images.auction123.com/5be812ce-fb36-4694-beac-43bea97b8d08/JYARN95E0TA003072/07.jpg?web001lnw|http://images.auction123.com/5be812ce-fb36-4694-beac-43bea97b8d08/JYARN95E0TA003072/08.jpg?web001lnw|http://images.auction123.com/5be812ce-fb36-4694-beac-43bea97b8d08/JYARN95E0TA003072/09.jpg?web001lnw|http://images.auction123.com/5be812ce-fb36-4694-beac-43bea97b8d08/JYARN95E0TA003072/10.jpg?web001lnw|http://images.auction123.com/5be812ce-fb36-4694-beac-43bea97b8d08/JYARN95E0TA003072/11.jpg?web001lnw|http://images.auction123.com/5be812ce-fb36-4694-beac-43bea97b8d08/JYARN95E0TA003072/12.jpg?web001lnw|http://images.auction123.com/5be812ce-fb36-4694-beac-43bea97b8d08/JYARN95E0TA003072/13.jpg?web001lnw|http://images.auction123.com/5be812ce-fb36-4694-beac-43bea97b8d08/JYARN95E0TA003072/14.jpg?web001lnw|http://images.auction123.com/5be812ce-fb36-4694-beac-43bea97b8d08/JYARN95E0TA003072/15.jpg?web001lnw|http://images.auction123.com/5be812ce-fb36-4694-beac-43bea97b8d08/JYARN95E0TA003072/16.jpg?web001lnw|http://images.auction123.com/5be812ce-fb36-4694-beac-43bea97b8d08/JYARN95E0TA003072/17.jpg?web001lnw|http://images.auction123.com/5be812ce-fb36-4694-beac-43bea97b8d08/JYARN95E0TA003072/18.jpg?web001lnw|http://images.auction123.com/5be812ce-fb36-4694-beac-43bea97b8d08/JYARN95E0TA003072/19.jpg?web001lnw,,,12/23/2025,Other,RideNow Beach Blvd,,,0,https://www.ridenowbeachblvd.com/New-Inventory-2026-YAMAHA-Motorcycle-Scooter-MT09SPTS-RideNow-Beach-Blvd-FL-18152413
20147,JYARN95EXTA002947,YA002947,N,2026,Yamaha,MT-09 SP,,Motorcycle / Scooter,,,,0,,,,SILV,,0.0,12699.0,12/20/2025,No,"2026 Yamaha MT-09 SPMASTER OF DARKNESSFeaturing exclusive special edition coloring, premium KYB&#174; and &#214;hlins&#174; suspension, and top-shelf Brembo&#174; brakes, experience the class-dominating middleweight master born from the Darkness.Features may include:Powerful 890cc Three-Cylinder EngineYamaha&#39;s renowned 890cc liquid-cooled CP3 engine is light, powerful and provides a thrilling wave of torque from low RPMs. A combination of carefully tuned induction sound and distinctive crossplane triple exhaust note provides a resonance which only heightens the feeling of acceleration. Throttle valves are governed by the Yamaha Chip Controlled Throttle (YCC-T) system enabling finer actuation and precise control.Advanced Six-Axis IMUThe MT-09 SP features an advanced six-axis Inertial Measurement Unit (IMU) that matches the base performance of proven IMU in the YZF-R1 Superbike. Data collected from the IMU and wheel speed sensors enable a high-tech suite of rider aids including a four-mode Traction Control System (TCS), Slide Control System (SCS), front wheel Lift Control System (LIF) and a two-mode Brake Control System. Each of these systems can be turned off and Traction Control, Slide Control and Lift Control can have their levels of intervention adjusted to preference.Lightweight CF Die-Cast Aluminum FrameThe MT-09 SP features an advanced, lightweight aluminum frame refined to showcase the MT&#39;s signature agility. To ensure both straight-line stability and handling performance, the balance of longitudinal, lateral and torsional rigidity are all carefully considered and finely tuned. The frame is manufactured using Yamaha&#39;s groundbreaking controlled fill (CF) die casting technology which contributes to its light weight.High-Spec SP SuspensionPremium SP-exclusive suspension brings Supersport-level handling and precision to the Hyper Naked class. The 41mm DLC coated KYB&#174; forks and O&#8211;hlins&#174; rear shock feature a higher spring rate offering outstanding stability during more spirited riding. Set-up can be fine tuned to suit a variety of different riding situations with the forks fully adjustable for preload, rebound, high- and low-speed compression damping, while the fully adjustable &#195;&#8211;hlins&#174; shock is equipped with a remote preload adjuster to enable quick and easy changes.Brembo&#174; Stylema Calipers & Radial Master CylinderThe MT-09 SP boasts premium-spec Brembo&#174; Stylema monoblock brake calipers paired with a Brembo&#174; radial master cylinder and large 298mm dual front discs for the ultimate in stopping power and finger-tip control.Five-Inch TFT Display with Smartphone ConnectivityRiders can link their smartphone to the rich, full-color TFT display via Yamaha&#39;s free Y-Connect app to receive message notifications, calls and listen to music (through use of an aftermarket Bluetooth&#174; headset, not provided). Additionally, full turn-by-turn navigation is available through the Garmin&#174; StreetCross app to make each journey easier.",,http://images.auction123.com/5be812ce-fb36-4694-beac-43bea97b8d08/JYARN95EXTA002947/01.jpg?web001lnw|http://images.auction123.com/5be812ce-fb36-4694-beac-43bea97b8d08/JYARN95EXTA002947/02.jpg?web001lnw|http://images.auction123.com/5be812ce-fb36-4694-beac-43bea97b8d08/JYARN95EXTA002947/03.jpg?web001lnw|http://images.auction123.com/5be812ce-fb36-4694-beac-43bea97b8d08/JYARN95EXTA002947/04.jpg?web001lnw|http://images.auction123.com/5be812ce-fb36-4694-beac-43bea97b8d08/JYARN95EXTA002947/05.jpg?web001lnw|http://images.auction123.com/5be812ce-fb36-4694-beac-43bea97b8d08/JYARN95EXTA002947/06.jpg?web001lnw|http://images.auction123.com/5be812ce-fb36-4694-beac-43bea97b8d08/JYARN95EXTA002947/07.jpg?web001lnw|http://images.auction123.com/5be812ce-fb36-4694-beac-43bea97b8d08/JYARN95EXTA002947/08.jpg?web001lnw|http://images.auction123.com/5be812ce-fb36-4694-beac-43bea97b8d08/JYARN95EXTA002947/09.jpg?web001lnw|http://images.auction123.com/5be812ce-fb36-4694-beac-43bea97b8d08/JYARN95EXTA002947/10.jpg?web001lnw|http://images.auction123.com/5be812ce-fb36-4694-beac-43bea97b8d08/JYARN95EXTA002947/11.jpg?web001lnw|http://images.auction123.com/5be812ce-fb36-4694-beac-43bea97b8d08/JYARN95EXTA002947/12.jpg?web001lnw|http://images.auction123.com/5be812ce-fb36-4694-beac-43bea97b8d08/JYARN95EXTA002947/13.jpg?web001lnw|http://images.auction123.com/5be812ce-fb36-4694-beac-43bea97b8d08/JYARN95EXTA002947/14.jpg?web001lnw|http://images.auction123.com/5be812ce-fb36-4694-beac-43bea97b8d08/JYARN95EXTA002947/15.jpg?web001lnw|http://images.auction123.com/5be812ce-fb36-4694-beac-43bea97b8d08/JYARN95EXTA002947/16.jpg?web001lnw|http://images.auction123.com/5be812ce-fb36-4694-beac-43bea97b8d08/JYARN95EXTA002947/17.jpg?web001lnw|http://images.auction123.com/5be812ce-fb36-4694-beac-43bea97b8d08/JYARN95EXTA002947/18.jpg?web001lnw|http://images.auction123.com/5be812ce-fb36-4694-beac-43bea97b8d08/JYARN95EXTA002947/19.jpg?web001lnw,,,12/23/2025,Other,RideNow Beach Blvd,,,0,https://www.ridenowbeachblvd.com/New-Inventory-2026-Yamaha-Motorcycle-Scooter-MT-09-SP-Ridenow-Beach-Blvd-18152419
20147,JYARN95EXTA002950,YA002950,N,2026,Yamaha,MT-09 SP,,Motorcycle / Scooter,,,,0,,,,SILV,,12699.0,12449.0,12/20/2025,No,"2026 Yamaha MT-09 SPMASTER OF DARKNESSFeaturing exclusive special edition coloring, premium KYB&#174; and &#214;hlins&#174; suspension, and top-shelf Brembo&#174; brakes, experience the class-dominating middleweight master born from the Darkness.Features may include:Powerful 890cc Three-Cylinder EngineYamaha&#39;s renowned 890cc liquid-cooled CP3 engine is light, powerful and provides a thrilling wave of torque from low RPMs. A combination of carefully tuned induction sound and distinctive crossplane triple exhaust note provides a resonance which only heightens the feeling of acceleration. Throttle valves are governed by the Yamaha Chip Controlled Throttle (YCC-T) system enabling finer actuation and precise control.Advanced Six-Axis IMUThe MT-09 SP features an advanced six-axis Inertial Measurement Unit (IMU) that matches the base performance of proven IMU in the YZF-R1 Superbike. Data collected from the IMU and wheel speed sensors enable a high-tech suite of rider aids including a four-mode Traction Control System (TCS), Slide Control System (SCS), front wheel Lift Control System (LIF) and a two-mode Brake Control System. Each of these systems can be turned off and Traction Control, Slide Control and Lift Control can have their levels of intervention adjusted to preference.Lightweight CF Die-Cast Aluminum FrameThe MT-09 SP features an advanced, lightweight aluminum frame refined to showcase the MT&#39;s signature agility. To ensure both straight-line stability and handling performance, the balance of longitudinal, lateral and torsional rigidity are all carefully considered and finely tuned. The frame is manufactured using Yamaha&#39;s groundbreaking controlled fill (CF) die casting technology which contributes to its light weight.High-Spec SP SuspensionPremium SP-exclusive suspension brings Supersport-level handling and precision to the Hyper Naked class. The 41mm DLC coated KYB&#174; forks and O&#8211;hlins&#174; rear shock feature a higher spring rate offering outstanding stability during more spirited riding. Set-up can be fine tuned to suit a variety of different riding situations with the forks fully adjustable for preload, rebound, high- and low-speed compression damping, while the fully adjustable &#195;&#8211;hlins&#174; shock is equipped with a remote preload adjuster to enable quick and easy changes.Brembo&#174; Stylema Calipers & Radial Master CylinderThe MT-09 SP boasts premium-spec Brembo&#174; Stylema monoblock brake calipers paired with a Brembo&#174; radial master cylinder and large 298mm dual front discs for the ultimate in stopping power and finger-tip control.Five-Inch TFT Display with Smartphone ConnectivityRiders can link their smartphone to the rich, full-color TFT display via Yamaha&#39;s free Y-Connect app to receive message notifications, calls and listen to music (through use of an aftermarket Bluetooth&#174; headset, not provided). Additionally, full turn-by-turn navigation is available through the Garmin&#174; StreetCross app to make each journey easier.",,http://images.auction123.com/5be812ce-fb36-4694-beac-43bea97b8d08/JYARN95EXTA002950/01.jpg?web001lnw|http://images.auction123.com/5be812ce-fb36-4694-beac-43bea97b8d08/JYARN95EXTA002950/02.jpg?web001lnw|http://images.auction123.com/5be812ce-fb36-4694-beac-43bea97b8d08/JYARN95EXTA002950/03.jpg?web001lnw|http://images.auction123.com/5be812ce-fb36-4694-beac-43bea97b8d08/JYARN95EXTA002950/04.jpg?web001lnw|http://images.auction123.com/5be812ce-fb36-4694-beac-43bea97b8d08/JYARN95EXTA002950/05.jpg?web001lnw|http://images.auction123.com/5be812ce-fb36-4694-beac-43bea97b8d08/JYARN95EXTA002950/06.jpg?web001lnw|http://images.auction123.com/5be812ce-fb36-4694-beac-43bea97b8d08/JYARN95EXTA002950/07.jpg?web001lnw|http://images.auction123.com/5be812ce-fb36-4694-beac-43bea97b8d08/JYARN95EXTA002950/08.jpg?web001lnw|http://images.auction123.com/5be812ce-fb36-4694-beac-43bea97b8d08/JYARN95EXTA002950/09.jpg?web001lnw|http://images.auction123.com/5be812ce-fb36-4694-beac-43bea97b8d08/JYARN95EXTA002950/10.jpg?web001lnw|http://images.auction123.com/5be812ce-fb36-4694-beac-43bea97b8d08/JYARN95EXTA002950/11.jpg?web001lnw|http://images.auction123.com/5be812ce-fb36-4694-beac-43bea97b8d08/JYARN95EXTA002950/12.jpg?web001lnw|http://images.auction123.com/5be812ce-fb36-4694-beac-43bea97b8d08/JYARN95EXTA002950/13.jpg?web001lnw|http://images.auction123.com/5be812ce-fb36-4694-beac-43bea97b8d08/JYARN95EXTA002950/14.jpg?web001lnw|http://images.auction123.com/5be812ce-fb36-4694-beac-43bea97b8d08/JYARN95EXTA002950/15.jpg?web001lnw|http://images.auction123.com/5be812ce-fb36-4694-beac-43bea97b8d08/JYARN95EXTA002950/16.jpg?web001lnw|http://images.auction123.com/5be812ce-fb36-4694-beac-43bea97b8d08/JYARN95EXTA002950/17.jpg?web001lnw|http://images.auction123.com/5be812ce-fb36-4694-beac-43bea97b8d08/JYARN95EXTA002950/18.jpg?web001lnw|http://images.auction123.com/5be812ce-fb36-4694-beac-43bea97b8d08/JYARN95EXTA002950/19.jpg?web001lnw|http://images.auction123.com/5be812ce-fb36-4694-beac-43bea97b8d08/JYARN95EXTA002950/20.jpg?web001lnw,,,12/23/2025,Other,RideNow Beach Blvd,,Gasoline,0,https://www.ridenowbeachblvd.com/New-Inventory-2026-Yamaha-Motorcycle-Scooter-MT-09-SP-Ridenow-Beach-Blvd-18152416
20147,JYARN96E0TA001420,YA001420,N,2026,Yamaha,XSR900,,Motorcycle / Scooter,,,,0,,,,WHI,,0.0,10599.0,02/18/2026,No,"2026 Yamaha XSR900LEGEND REBORNWith timeless design inspired by Yamaha&#8217;s legendary racing heritage and the sheer power of its renowned CP3 powerplant, the XSR900 is the rebirth of a legend.Features may include:Retro Influence, Modern StyleThe striking look of the next generation Yamaha XSR900 is apparent from every angle. With the tank design, exposed aluminum frame and side silhouette drawing clear inspiration from iconic Yamaha race bikes of the past, there is also an unmistakably modern design element underscoring the machine&#39;s high-performance capabilities. Full LED lighting, new full-color five-inch TFT display and a host of premium touches including drilled fork caps, machined headlight stays, forged brake pedal, hidden passenger pegs, blacked-out levers, darkened brake reservoirs, bar-end mirrors, embossed aluminum rear underplate and aluminum XSR logo all combine to reflect modernity and a high level of fit and finish.New Five-Inch TFTA new five-inch full-color TFT display provides the rider with the option of four different themes to suit specific riding situations or individual preference, including a XSR-exclusive theme featuring an analog-style tachometer. The new display is navigated through all-new integrated handlebar switches.New Third-Generation QuickshifterThe 2025 XSR900 is equipped with Yamaha&#39;s new third-generation Quick Shift System (QSS), now enabling quick, clutchless upshifts and downshifts under both acceleration and deceleration. This system makes full-on acceleration more exciting and downshifting faster and smoother with less chassis disruption when changing gears. When a sensor on the shift rod detects movement in the gearshift pedal, adjustments are made in the engine output according to ECU calculations to instantly cancel out the drive torque of the engaged gear to promote swifter shifting of gears.ENGINERenowned 890cc liquid-cooled crossplane CP3 engine provides broad, torquey power and a thrilling, unique engine note.Lightweight forged pistons allow for smooth, high-revving power.ELECTRONICSThree-level Slide Control System (SCS) detects lateral slides and adjusts power delivery to control cornering attitude.CHASSIS/SUSPENSIONA box-section aluminum swingarm extends the wheelbase to augment straight-line stability.High-spec fully adjustable 41mm KYB&#174; inverted front fork is tuned for balanced overall handling performance.",,http://images.auction123.com/5be812ce-fb36-4694-beac-43bea97b8d08/JYARN96E0TA001420/01.jpg?web001lnw|http://images.auction123.com/5be812ce-fb36-4694-beac-43bea97b8d08/JYARN96E0TA001420/02.jpg?web001lnw|http://images.auction123.com/5be812ce-fb36-4694-beac-43bea97b8d08/JYARN96E0TA001420/03.jpg?web001lnw|http://images.auction123.com/5be812ce-fb36-4694-beac-43bea97b8d08/JYARN96E0TA001420/04.jpg?web001lnw|http://images.auction123.com/5be812ce-fb36-4694-beac-43bea97b8d08/JYARN96E0TA001420/05.jpg?web001lnw|http://images.auction123.com/5be812ce-fb36-4694-beac-43bea97b8d08/JYARN96E0TA001420/06.jpg?web001lnw|http://images.auction123.com/5be812ce-fb36-4694-beac-43bea97b8d08/JYARN96E0TA001420/07.jpg?web001lnw|http://images.auction123.com/5be812ce-fb36-4694-beac-43bea97b8d08/JYARN96E0TA001420/08.jpg?web001lnw|http://images.auction123.com/5be812ce-fb36-4694-beac-43bea97b8d08/JYARN96E0TA001420/09.jpg?web001lnw|http://images.auction123.com/5be812ce-fb36-4694-beac-43bea97b8d08/JYARN96E0TA001420/10.jpg?web001lnw|http://images.auction123.com/5be812ce-fb36-4694-beac-43bea97b8d08/JYARN96E0TA001420/11.jpg?web001lnw|http://images.auction123.com/5be812ce-fb36-4694-beac-43bea97b8d08/JYARN96E0TA001420/12.jpg?web001lnw|http://images.auction123.com/5be812ce-fb36-4694-beac-43bea97b8d08/JYARN96E0TA001420/13.jpg?web001lnw|http://images.auction123.com/5be812ce-fb36-4694-beac-43bea97b8d08/JYARN96E0TA001420/14.jpg?web001lnw|http://images.auction123.com/5be812ce-fb36-4694-beac-43bea97b8d08/JYARN96E0TA001420/15.jpg?web001lnw|http://images.auction123.com/5be812ce-fb36-4694-beac-43bea97b8d08/JYARN96E0TA001420/16.jpg?web001lnw|http://images.auction123.com/5be812ce-fb36-4694-beac-43bea97b8d08/JYARN96E0TA001420/17.jpg?web001lnw|http://images.auction123.com/5be812ce-fb36-4694-beac-43bea97b8d08/JYARN96E0TA001420/18.jpg?web001lnw,,,02/22/2026,Other,RideNow Beach Blvd,,,0,https://www.ridenowbeachblvd.com/New-Inventory-2026-Yamaha-Motorcycle-Scooter-XSR900-Ridenow-Beach-Blvd-18327866
20147,JYARN96E4TA001324,YA001324,N,2026,Yamaha,XSR900,,Motorcycle / Scooter,,,,0,,,,BLK,,0.0,10599.0,02/18/2026,No,"2026 Yamaha XSR900LEGEND REBORNWith timeless design inspired by Yamaha&#8217;s legendary racing heritage and the sheer power of its renowned CP3 powerplant, the XSR900 is the rebirth of a legend.Features may include:Retro Influence, Modern StyleThe striking look of the next generation Yamaha XSR900 is apparent from every angle. With the tank design, exposed aluminum frame and side silhouette drawing clear inspiration from iconic Yamaha race bikes of the past, there is also an unmistakably modern design element underscoring the machine&#39;s high-performance capabilities. Full LED lighting, new full-color five-inch TFT display and a host of premium touches including drilled fork caps, machined headlight stays, forged brake pedal, hidden passenger pegs, blacked-out levers, darkened brake reservoirs, bar-end mirrors, embossed aluminum rear underplate and aluminum XSR logo all combine to reflect modernity and a high level of fit and finish.New Five-Inch TFTA new five-inch full-color TFT display provides the rider with the option of four different themes to suit specific riding situations or individual preference, including a XSR-exclusive theme featuring an analog-style tachometer. The new display is navigated through all-new integrated handlebar switches.New Third-Generation QuickshifterThe 2025 XSR900 is equipped with Yamaha&#39;s new third-generation Quick Shift System (QSS), now enabling quick, clutchless upshifts and downshifts under both acceleration and deceleration. This system makes full-on acceleration more exciting and downshifting faster and smoother with less chassis disruption when changing gears. When a sensor on the shift rod detects movement in the gearshift pedal, adjustments are made in the engine output according to ECU calculations to instantly cancel out the drive torque of the engaged gear to promote swifter shifting of gears.ENGINERenowned 890cc liquid-cooled crossplane CP3 engine provides broad, torquey power and a thrilling, unique engine note.Lightweight forged pistons allow for smooth, high-revving power.ELECTRONICSThree-level Slide Control System (SCS) detects lateral slides and adjusts power delivery to control cornering attitude.CHASSIS/SUSPENSIONA box-section aluminum swingarm extends the wheelbase to augment straight-line stability.High-spec fully adjustable 41mm KYB&#174; inverted front fork is tuned for balanced overall handling performance.",,http://images.auction123.com/5be812ce-fb36-4694-beac-43bea97b8d08/JYARN96E4TA001324/01.jpg?web001lnw|http://images.auction123.com/5be812ce-fb36-4694-beac-43bea97b8d08/JYARN96E4TA001324/02.jpg?web001lnw|http://images.auction123.com/5be812ce-fb36-4694-beac-43bea97b8d08/JYARN96E4TA001324/03.jpg?web001lnw|http://images.auction123.com/5be812ce-fb36-4694-beac-43bea97b8d08/JYARN96E4TA001324/04.jpg?web001lnw|http://images.auction123.com/5be812ce-fb36-4694-beac-43bea97b8d08/JYARN96E4TA001324/05.jpg?web001lnw|http://images.auction123.com/5be812ce-fb36-4694-beac-43bea97b8d08/JYARN96E4TA001324/06.jpg?web001lnw|http://images.auction123.com/5be812ce-fb36-4694-beac-43bea97b8d08/JYARN96E4TA001324/07.jpg?web001lnw|http://images.auction123.com/5be812ce-fb36-4694-beac-43bea97b8d08/JYARN96E4TA001324/08.jpg?web001lnw|http://images.auction123.com/5be812ce-fb36-4694-beac-43bea97b8d08/JYARN96E4TA001324/09.jpg?web001lnw|http://images.auction123.com/5be812ce-fb36-4694-beac-43bea97b8d08/JYARN96E4TA001324/10.jpg?web001lnw|http://images.auction123.com/5be812ce-fb36-4694-beac-43bea97b8d08/JYARN96E4TA001324/11.jpg?web001lnw|http://images.auction123.com/5be812ce-fb36-4694-beac-43bea97b8d08/JYARN96E4TA001324/12.jpg?web001lnw|http://images.auction123.com/5be812ce-fb36-4694-beac-43bea97b8d08/JYARN96E4TA001324/13.jpg?web001lnw|http://images.auction123.com/5be812ce-fb36-4694-beac-43bea97b8d08/JYARN96E4TA001324/14.jpg?web001lnw|http://images.auction123.com/5be812ce-fb36-4694-beac-43bea97b8d08/JYARN96E4TA001324/15.jpg?web001lnw|http://images.auction123.com/5be812ce-fb36-4694-beac-43bea97b8d08/JYARN96E4TA001324/16.jpg?web001lnw|http://images.auction123.com/5be812ce-fb36-4694-beac-43bea97b8d08/JYARN96E4TA001324/17.jpg?web001lnw|http://images.auction123.com/5be812ce-fb36-4694-beac-43bea97b8d08/JYARN96E4TA001324/18.jpg?web001lnw,,,02/22/2026,Other,RideNow Beach Blvd,,,0,https://www.ridenowbeachblvd.com/New-Inventory-2026-Yamaha-Motorcycle-Scooter-XSR900-Ridenow-Beach-Blvd-18327864
20147,JYARN99E1TA001146,YA001146,N,2026,Yamaha,Tracer 9,,Motorcycle / Scooter,,,,0,,,,BLK,,0.0,12599.0,02/18/2026,No,"2026 Yamaha Tracer 9SPORT TOURING SIMPLIFIEDSimple, attainable, and ready to customize. The new 2025 TRACER 9 combines thrilling CP3 power and sportbike agility with the capability to cover long distances with ease.Features may include:New Customizable YRC Ride ModesOwners can customize their riding experience via new Yamaha Ride Control (YRC) settings, which allow the selection of engine power characteristics and electronic intervention levels to suit conditions or rider preference. For quick, easy selections, three integrated riding modes are programmed with factory settings to suit different situations: SPORT, STREET and RAIN. Additionally, riders can create two custom programs with tailored settings to suit exact preferences.New Seven-Inch TFT DisplayA new seven-inch high-brightness TFT instrument display has a slimmer housing and three selectable display themes available to suit different riding situations and rider preferences. There is also a convenient new smartphone box for storage along with a USB-C socket for charging phones or powering other electronic devices.Powerful 890cc Liquid-Cooled Three-Cylinder DOHC Fuel-Injected EngineThe TRACER 9 features the world-renowned crossplane crankshaft 890cc CP3 engine. With a bore &#195;&#8212; stroke of 78 mm &#195;&#8212; 62.1 mm and an 11.5:1 compression ratio, it provides the type of broad, linear torque and thrilling power delivery character that&#39;s perfect for Sport Touring.ENGINEThe CP3 engine mounts its cylinder bores forward, towards the exhaust side, reducing friction for more power and improved efficiency.Direct-plated ceramic-composite cylinder bores provide excellent heat dissipation and further reduce friction.The TRACER 9 features an Assist & Slipper clutch for a lighter clutch lever pull and smoother chassis behavior during downshifts.ELECTRONICSPower delivery mode (PWR) allows rider to select throttle response characteristics to suit preference or conditions.Yamaha&#39;s state-of-the-art six-axis Inertial Measurement Unit enables an advanced suite of lean-sensitive rider aids.Lean-sensitive Brake Control (BC) System works with ABS to provide progressive brake force intervention as lean increases.CHASSIS/SUSPENSIONLightweight SpinForged wheels decrease in the momentum of inertia at the rear by 11%, contribute to its agile handling character.Dual 298mm front disc and single 267mm rear disc brakes along with lean-sensitive ABS ensure confident stopping power.A radial Nissin master cylinder front brake setup contributes to a more linear supply of hydraulic pressure for excellent control and feel.",,http://images.auction123.com/5be812ce-fb36-4694-beac-43bea97b8d08/JYARN99E1TA001146/01.jpg?web001lnw|http://images.auction123.com/5be812ce-fb36-4694-beac-43bea97b8d08/JYARN99E1TA001146/02.jpg?web001lnw|http://images.auction123.com/5be812ce-fb36-4694-beac-43bea97b8d08/JYARN99E1TA001146/03.jpg?web001lnw|http://images.auction123.com/5be812ce-fb36-4694-beac-43bea97b8d08/JYARN99E1TA001146/04.jpg?web001lnw|http://images.auction123.com/5be812ce-fb36-4694-beac-43bea97b8d08/JYARN99E1TA001146/05.jpg?web001lnw|http://images.auction123.com/5be812ce-fb36-4694-beac-43bea97b8d08/JYARN99E1TA001146/06.jpg?web001lnw|http://images.auction123.com/5be812ce-fb36-4694-beac-43bea97b8d08/JYARN99E1TA001146/07.jpg?web001lnw|http://images.auction123.com/5be812ce-fb36-4694-beac-43bea97b8d08/JYARN99E1TA001146/08.jpg?web001lnw|http://images.auction123.com/5be812ce-fb36-4694-beac-43bea97b8d08/JYARN99E1TA001146/09.jpg?web001lnw|http://images.auction123.com/5be812ce-fb36-4694-beac-43bea97b8d08/JYARN99E1TA001146/10.jpg?web001lnw|http://images.auction123.com/5be812ce-fb36-4694-beac-43bea97b8d08/JYARN99E1TA001146/11.jpg?web001lnw|http://images.auction123.com/5be812ce-fb36-4694-beac-43bea97b8d08/JYARN99E1TA001146/12.jpg?web001lnw|http://images.auction123.com/5be812ce-fb36-4694-beac-43bea97b8d08/JYARN99E1TA001146/13.jpg?web001lnw|http://images.auction123.com/5be812ce-fb36-4694-beac-43bea97b8d08/JYARN99E1TA001146/14.jpg?web001lnw|http://images.auction123.com/5be812ce-fb36-4694-beac-43bea97b8d08/JYARN99E1TA001146/15.jpg?web001lnw|http://images.auction123.com/5be812ce-fb36-4694-beac-43bea97b8d08/JYARN99E1TA001146/16.jpg?web001lnw|http://images.auction123.com/5be812ce-fb36-4694-beac-43bea97b8d08/JYARN99E1TA001146/17.jpg?web001lnw|http://images.auction123.com/5be812ce-fb36-4694-beac-43bea97b8d08/JYARN99E1TA001146/18.jpg?web001lnw|http://images.auction123.com/5be812ce-fb36-4694-beac-43bea97b8d08/JYARN99E1TA001146/19.jpg?web001lnw|http://images.auction123.com/5be812ce-fb36-4694-beac-43bea97b8d08/JYARN99E1TA001146/20.jpg?web001lnw|http://images.auction123.com/5be812ce-fb36-4694-beac-43bea97b8d08/JYARN99E1TA001146/21.jpg?web001lnw,,,02/22/2026,Other,RideNow Beach Blvd,,,0,https://www.ridenowbeachblvd.com/New-Inventory-2026-Yamaha-Motorcycle-Scooter-Tracer-9-Ridenow-Beach-Blvd-18327868
20147,JYARNA3E5TA003007,YA003007,N,2026,Yamaha,YZFR9TW,,Motorcycle / Scooter,,,,0,,,,RED WHT,,12899.0,12899.0,06/19/2026,No,,,,,,07/04/2026,Other,RideNow Beach Blvd,,,0,https://www.ridenowbeachblvd.com/New-Inventory-2026-YAMAHA-Motorcycle-Scooter-YZFR9TW-RideNow-Beach-Blvd-FL-18875536
20147,JYARNA3Y5TA000912,YA000912,N,2026,Yamaha,YZF-R9,,Motorcycle / Scooter,,,,0,,,,BLUE,,12499.0,12499.0,06/11/2026,No,"2026 Yamaha YZF-R9ACCESSIBLE SUPERSPORT PERFORMANCEFinely honed Supersport capability meets rider-friendly accessibility, the 2026 Yamaha YZF-R9 is a new breed of performance street bike. Based on Yamaha&#39;s renowned CP3 powerplant, the R9 boasts a dedicated Supersport chassis and comprehensive suite of electronic rider aids, all wrapped in striking next-generation R-Series styling. The R9 is designed to enhance the confidence of sport-minded riders with a wide range of skill and experience levels, from the dedicated street rider to the seasoned track day pro.Features may include:Powerful 890cc Three-Cylinder EngineYamaha&#39;s legendary 890cc DOHC liquid-cooled CP3 engine receives unique ECU tune and optimized gear ratio to provide track-worthy Supersport performance with a broad, torquey power delivery that&#39;s easy to manage and accessible for the street.Dedicated Supersport ChassisWith its advanced Deltabox gravity-cast frame that&#39;s the lightest aluminum frame ever offered on a Yamaha Supersport, a high-spec fully adjustable KYB&#174; suspension and nearly perfect 50/50 weight distribution, the Yamaha YZF-R9 delivers light, agile Supersport handling that inspires confidence for a wide range of riders and experience levels.Brembo&#174; Stylema Calipers & Radial Master CylinderPremium Brembo&#174; Stylema monoblock front brake calipers combine with a Brembo&#174; radial master cylinder, large 320mm dual front discs, stainless steel brake lines and aggressive pad compounds to offer Supersport-level braking performance with exceptional power and feel.Advanced Electronic SuiteAn advanced six-axis Inertial Measurement Unit (IMU) is based on the proven performance of the flagship YZF-R1 Superbike. Data collected from the IMU and wheel speed sensors enable a high-tech suite of rider aids including a nine-mode Traction Control System (TCS), three-mode Slide Control System (SCS), three-mode Lift Control System (LIF) and a Brake Control System (BC). Levels of intervention can be adjusted to preference and each of these systems can also be turned off providing the ultimate versatility and control in a variety weather and surface conditions.Pure Yamaha R-Series StyleWith sharp, distinctive R-Series styling including its signature M-shaped front duct and tail wing, combining with new generation design cues like angled LED position lighting and advanced aerodynamics including functional MotoGP&#174;-inspired front winglets, the revolutionary YZF-R9 is instantly recognizable as the next evolution of Yamaha&#39;s iconic R-Series.Iconic 70th Anniversary Edition StylingCelebrate seven decades of motorsports excellence with the 2026 YZF-R9 70th Anniversary Edition. Throwback white and red speed block livery, gold Yamaha Tuning Fork emblems, and Anniversary Edition badge combine with the R9&#39;s sleek, modern R-Series design to commemorate the 1955 birth of Yamaha Motor Company in standout style.",,http://images.auction123.com/5be812ce-fb36-4694-beac-43bea97b8d08/JYARNA3Y5TA000912/01.jpg?web001lnw|http://images.auction123.com/5be812ce-fb36-4694-beac-43bea97b8d08/JYARNA3Y5TA000912/02.jpg?web001lnw|http://images.auction123.com/5be812ce-fb36-4694-beac-43bea97b8d08/JYARNA3Y5TA000912/03.jpg?web001lnw|http://images.auction123.com/5be812ce-fb36-4694-beac-43bea97b8d08/JYARNA3Y5TA000912/04.jpg?web001lnw|http://images.auction123.com/5be812ce-fb36-4694-beac-43bea97b8d08/JYARNA3Y5TA000912/05.jpg?web001lnw|http://images.auction123.com/5be812ce-fb36-4694-beac-43bea97b8d08/JYARNA3Y5TA000912/06.jpg?web001lnw|http://images.auction123.com/5be812ce-fb36-4694-beac-43bea97b8d08/JYARNA3Y5TA000912/07.jpg?web001lnw|http://images.auction123.com/5be812ce-fb36-4694-beac-43bea97b8d08/JYARNA3Y5TA000912/08.jpg?web001lnw|http://images.auction123.com/5be812ce-fb36-4694-beac-43bea97b8d08/JYARNA3Y5TA000912/09.jpg?web001lnw|http://images.auction123.com/5be812ce-fb36-4694-beac-43bea97b8d08/JYARNA3Y5TA000912/10.jpg?web001lnw|http://images.auction123.com/5be812ce-fb36-4694-beac-43bea97b8d08/JYARNA3Y5TA000912/11.jpg?web001lnw|http://images.auction123.com/5be812ce-fb36-4694-beac-43bea97b8d08/JYARNA3Y5TA000912/12.jpg?web001lnw|http://images.auction123.com/5be812ce-fb36-4694-beac-43bea97b8d08/JYARNA3Y5TA000912/13.jpg?web001lnw|http://images.auction123.com/5be812ce-fb36-4694-beac-43bea97b8d08/JYARNA3Y5TA000912/14.jpg?web001lnw|http://images.auction123.com/5be812ce-fb36-4694-beac-43bea97b8d08/JYARNA3Y5TA000912/15.jpg?web001lnw|http://images.auction123.com/5be812ce-fb36-4694-beac-43bea97b8d08/JYARNA3Y5TA000912/16.jpg?web001lnw|http://images.auction123.com/5be812ce-fb36-4694-beac-43bea97b8d08/JYARNA3Y5TA000912/17.jpg?web001lnw|http://images.auction123.com/5be812ce-fb36-4694-beac-43bea97b8d08/JYARNA3Y5TA000912/18.jpg?web001lnw,,,06/12/2026,Other,RideNow Beach Blvd,,,0,https://www.ridenowbeachblvd.com/New-Inventory-2026-Yamaha-Motorcycle-Scooter-YZF-R9-Ridenow-Beach-Blvd-18838579
20147,JYARNA7E0TA001627,YA001627,N,2026,Yamaha,YZF-R1 70th Anniversary Edition,,Motorcycle / Scooter,,,,0,,,,WHT / RED,,19699.0,19699.0,05/13/2026,No,"2026 Yamaha YZF-R1 70th Anniversary EditionSUPERBIKE ICONStacked with cutting-edge technology gleaned directly from MotoGP and Superbike competition, the YZF-R1 features a powerful 998cc crossplane CP4 engine, refined Deltabox frame, MotoGP&#174;-inspired carbon fiber winglets and a comprehensive electronics package for the ultimate in performance and control. Premium Brembo&#174; front brakes and a highly refined KYB&#174; suspension further enhance its track-focused capability. It all comes wrapped in sleek, distinctive R-series styling for an aggressive look to match its advanced performance.Features may include:MotoGP&#174;-Inspired WingletsDeveloped through extensive simulator and on-track testing, MotoGP&#174;-inspired carbon fiber winglets create additional downforce for exceptional chassis stability and added front-end feel when braking or cornering.Iconic 70th Anniversary Edition StylingCelebrate seven decades of motorsports excellence with the 2026 YZF-R1 70th Anniversary Edition. Throwback white and red speed block livery, gold Yamaha Tuning Fork emblems, and Anniversary Edition badge combine with the R1&#39;s sleek, modern R-Series design to commemorate the 1955 birth of Yamaha Motor Company in standout style.Premium Brembo&#174; BrakesPremium Brembo&#174; Stylema monobloc front brake calipers are paired with a Brembo&#174; master cylinder to offer outstanding braking power and exceptional feel.High-Spec KYB&#174; Front SuspensionThe exceptional KYB&#174; front fork is designed to offer excellent response, road feel and chassis stability. Individual adjusters on the right and left fork tubes offer a full range of adjustability including preload, high- and low-speed compression and rebound adjustments for precise damping control.MotoGP&#174;-Derived Crossplane Crankshaft EngineThe YZF-R1&#39;s 998cc inline-four-cylinder engine features Yamaha&#39;s exclusive crossplane crankshaft technology derived from the YZR-M1 MotoGP&#174; race bike. By equalizing inertial forces at the crankshaft, the CP4 motor delivers a direct feeling of linear torque, giving the rider the ultimate connection between throttle grip and the rear wheel.Digital Superbike TechnologyThe YZF-R1 features a cableless ride-by-wire Yamaha Chip Controlled Throttle (YCC-T) system that transforms the rider&#39;s inputs into motion, with a full suite of IMU-powered electronic rider aids that bring new meaning to the term &quot;rider confidence.&quot;",,http://images.auction123.com/5be812ce-fb36-4694-beac-43bea97b8d08/JYARNA7E0TA001627/01.jpg?web001lnw|http://images.auction123.com/5be812ce-fb36-4694-beac-43bea97b8d08/JYARNA7E0TA001627/02.jpg?web001lnw|http://images.auction123.com/5be812ce-fb36-4694-beac-43bea97b8d08/JYARNA7E0TA001627/03.jpg?web001lnw|http://images.auction123.com/5be812ce-fb36-4694-beac-43bea97b8d08/JYARNA7E0TA001627/04.jpg?web001lnw|http://images.auction123.com/5be812ce-fb36-4694-beac-43bea97b8d08/JYARNA7E0TA001627/05.jpg?web001lnw|http://images.auction123.com/5be812ce-fb36-4694-beac-43bea97b8d08/JYARNA7E0TA001627/06.jpg?web001lnw|http://images.auction123.com/5be812ce-fb36-4694-beac-43bea97b8d08/JYARNA7E0TA001627/07.jpg?web001lnw|http://images.auction123.com/5be812ce-fb36-4694-beac-43bea97b8d08/JYARNA7E0TA001627/08.jpg?web001lnw|http://images.auction123.com/5be812ce-fb36-4694-beac-43bea97b8d08/JYARNA7E0TA001627/09.jpg?web001lnw|http://images.auction123.com/5be812ce-fb36-4694-beac-43bea97b8d08/JYARNA7E0TA001627/10.jpg?web001lnw|http://images.auction123.com/5be812ce-fb36-4694-beac-43bea97b8d08/JYARNA7E0TA001627/11.jpg?web001lnw|http://images.auction123.com/5be812ce-fb36-4694-beac-43bea97b8d08/JYARNA7E0TA001627/12.jpg?web001lnw|http://images.auction123.com/5be812ce-fb36-4694-beac-43bea97b8d08/JYARNA7E0TA001627/13.jpg?web001lnw|http://images.auction123.com/5be812ce-fb36-4694-beac-43bea97b8d08/JYARNA7E0TA001627/14.jpg?web001lnw,,,05/20/2026,Other,RideNow Beach Blvd,,,0,https://www.ridenowbeachblvd.com/New-Inventory-2026-Yamaha-Motorcycle-Scooter-YZF-R1-70th-Anniversary-Edition-Ridenow-Beach-Blvd-18718827
20147,MH3DE14Y4TK003566,YA003566,N,2026,Yamaha,WR,125R,Motorcycle / Scooter,Manual,125R,,0,,Single-Cylinder 125,,BLU,,3999.0,3999.0,04/23/2026,No,"2026 Yamaha WR125RALL-TERRAIN URBAN ADVENTURERYamaha&#39;s all-new 2026 WR125R is the type of do-it-all machine that wraps performance, accessibility and fun into one adventure-ready package. It all starts with its potent 125cc engine featuring Variable Valve Actuation (VVA) that punches well above its weight with ample torque in the low- to mid-range and strong power at higher revs for a thrilling yet easy-to-manage ride that&#39;s made for urban exploring. When it&#39;s time to take the adventure off-road, the lightweight agile chassis, high-quality KYB&#174; suspension, and large 21-inch front and 18-inch rear wheels can tackle challenging terrain with control and confidence. Add in legendary Yamaha reliability, simple maintenance, exceptional fuel efficiency and low running costs, and the new WR125R is the perfect all-terrain adventure companion for riders of any skill level.Features may include:Advanced 125cc Engine with VVAThe new WR125R&#39;s advanced 125cc liquid-cooled engine features Variable Valve Actuation (VVA) for excellent power and torque across the rev range. The VVA system uses two intake cam profiles&#8212;one for low RPM and the other for high RPM&#8212;which are switched according to engine speed and throttle opening to optimize low- to mid-range torque and top-end power. The single-cylinder engine also delivers excellent fuel economy with a nearly 200 mile range.Versatile KYB&#174; SuspensionA 41mm KYB&#174; front fork and linkage rear shock are tuned to provide a plush ride and excellent damping characteristics for both off-road and on-road riding while providing an ample 8.5-inches of travel up front and 7.3-inches of travel at the rear.Front and Rear Disc Brakes with ABSThe front brake features a 267mm disc with a two-pot caliper and rear brake with a 220mm disc and a one-pot caliper combine to deliver highly controllable braking power in a wide variety of conditions. The front brake also features ABS with a Bosch&#174; hydraulic unit for braking confidence.Excellent ErgonomicsSlim, compact ergonomics and roomy upright seating position increase rider comfort on long commutes. Smooth body panels and a flat motocross-style seat allow riders to easily move their body weight forward when cornering and backward when tackling off-road obstacles for enhanced control. Wide motocross-style footpegs contribute to excellent stability and confidence in a variety of conditions.Large Wheels & Dual Sport TiresThe new WR125R is equipped with a 21-inch front wheel and 18-inch rear wheel for excellent off-road performance. They come wrapped in versatile Dunlop&#174; D605 dual-sport tires providing excellent grip on both paved and unpaved roads and the flexibility to tackle everything from urban riding to epic off-road adventures.Y-Connect Smartphone ConnectivityThe 2026 WR125R features Yamaha Motorcycle Connect (Y-Connect) smartphone connectivity which works in conjunction with the free-of-charge Y-Connect app (available for iOS and Android) to enable a direct connection between motorcycle and smartphone. Y-Connect capability includes the ability to view incoming call, email and message notifications. Additional useful functions include the ability to track and record key motorcycle ride data within the app like distance covered, fuel consumption, acceleration, motorcycle location and much more.",,http://images.auction123.com/5be812ce-fb36-4694-beac-43bea97b8d08/MH3DE14Y4TK003566/01.jpg?web001lnw|http://images.auction123.com/5be812ce-fb36-4694-beac-43bea97b8d08/MH3DE14Y4TK003566/02.jpg?web001lnw|http://images.auction123.com/5be812ce-fb36-4694-beac-43bea97b8d08/MH3DE14Y4TK003566/03.jpg?web001lnw|http://images.auction123.com/5be812ce-fb36-4694-beac-43bea97b8d08/MH3DE14Y4TK003566/04.jpg?web001lnw|http://images.auction123.com/5be812ce-fb36-4694-beac-43bea97b8d08/MH3DE14Y4TK003566/05.jpg?web001lnw|http://images.auction123.com/5be812ce-fb36-4694-beac-43bea97b8d08/MH3DE14Y4TK003566/06.jpg?web001lnw|http://images.auction123.com/5be812ce-fb36-4694-beac-43bea97b8d08/MH3DE14Y4TK003566/07.jpg?web001lnw|http://images.auction123.com/5be812ce-fb36-4694-beac-43bea97b8d08/MH3DE14Y4TK003566/08.jpg?web001lnw|http://images.auction123.com/5be812ce-fb36-4694-beac-43bea97b8d08/MH3DE14Y4TK003566/09.jpg?web001lnw|http://images.auction123.com/5be812ce-fb36-4694-beac-43bea97b8d08/MH3DE14Y4TK003566/10.jpg?web001lnw|http://images.auction123.com/5be812ce-fb36-4694-beac-43bea97b8d08/MH3DE14Y4TK003566/11.jpg?web001lnw|http://images.auction123.com/5be812ce-fb36-4694-beac-43bea97b8d08/MH3DE14Y4TK003566/12.jpg?web001lnw|http://images.auction123.com/5be812ce-fb36-4694-beac-43bea97b8d08/MH3DE14Y4TK003566/13.jpg?web001lnw|http://images.auction123.com/5be812ce-fb36-4694-beac-43bea97b8d08/MH3DE14Y4TK003566/14.jpg?web001lnw|http://images.auction123.com/5be812ce-fb36-4694-beac-43bea97b8d08/MH3DE14Y4TK003566/15.jpg?web001lnw|http://images.auction123.com/5be812ce-fb36-4694-beac-43bea97b8d08/MH3DE14Y4TK003566/16.jpg?web001lnw,,,05/08/2026,Standard,RideNow Beach Blvd,Single-Cylinder 125,,0,https://www.ridenowbeachblvd.com/New-Inventory-2026-Yamaha-Motorcycle-Scooter-WR125R-RIDENOW-BEACH-BLVD-18601903
20147,MH3RH25E0TK010201,YA010201,N,2026,Yamaha,YZF,R3,Motorcycle / Scooter,Manual,R3,,0,,In-line 321,,RED WHT,,5699.0,5699.0,05/28/2026,No,,,,,,05/28/2026,Standard,RideNow Beach Blvd,In-line 321,,0,https://www.ridenowbeachblvd.com/New-Inventory-2026-Yamaha-Motorcycle-Scooter-YZF-R3-RideNow-Beach-Blvd-FL-18779313
20147,MH3RH25E0TK010232,YA010232,N,2026,Yamaha,YZF,R3,Motorcycle / Scooter,Manual,R3,,0,,In-line 321,,RED WHT,,5699.0,5699.0,05/28/2026,No,,,,,,05/28/2026,Standard,RideNow Beach Blvd,In-line 321,,0,https://www.ridenowbeachblvd.com/New-Inventory-2026-Yamaha-Motorcycle-Scooter-YZF-R3-RideNow-Beach-Blvd-FL-18779307
20147,MH3RH25E2TK006523,YA006523,N,2026,Yamaha,YZF-R3 70th Anniversary Edition,,Motorcycle / Scooter,,,,0,,,,WHI RED,,0.0,5699.0,01/09/2026,No,"2026 Yamaha YZF-R3 70th Anniversary EditionR WORLD IS CALLINGYamaha&#39;s celebrated entry into R World, the YZF-R3 is powered by a high-revving 321cc engine with an emphasis on lightweight, nimble handling and real-world practicality. A perfect choice for everyone from beginning riders to experienced track day enthusiasts, the R3 strikes the right balance of thrilling Supersport performance and everyday comfort in a fun, sporty package that shows off its distinctive R-Series pedigree from every angle.Features may include:Next Generation R-Series StylingInspired by the flowing aerodynamics of Yamaha&#39;s YZR-M1 MotoGP&#174; race bike, the 2026 YZF-R3&#39;s distinctive R-Series pedigree is recognizable at a glance with its aggressive front fairing, sleek side panels and a sporty tail section with signature R-series tail wing.Iconic 70th Anniversary Edition StylingCelebrate seven decades of motorsports excellence with the 2026 YZF-R3 70th Anniversary Edition. Throwback white and red speed block livery, gold Yamaha Tuning Fork emblems, and Anniversary Edition badge combine with the R3&#39;s sleek, modern R-Series design to commemorate the 1955 birth of Yamaha Motor Company in standout style.Modern LED LightingAdvanced LED lighting adds a modern look, including a single projector-type headlight flanked by four-element position lights, along with LED tail lights and turn signals.Smartphone ConnectivityThe 2026 YZF-R3 features Yamaha Motorcycle Connect (Y-Connect) smartphone connectivity which works in conjunction with the free-of-charge Y-Connect app (available for iOS and Android) to enable a direct connection between motorcycle and smartphone. Y-Connect capability for the R3 includes the ability to view incoming call, email and message notifications. Additional useful functions include monitoring and notifying the rider or other contact of motorcycle technical issues, and also the ability to track and record key motorcycle ride data within the app, including distance covered, fuel consumption, acceleration, motorcycle location and much more.LCD Instrument DisplayAn LCD instrument cluster displays connected smartphone information along with vital vehicle data. There is also a USB-A socket located next to the display providing convenient power for phone charging or heated gear.Advanced Assist & Slipper ClutchThe Assist & Slipper clutch utilizes an assist cam and slipper cam to help inhibit excessive engine braking for a smooth, easy-to-handle feeling during downshifts while also reducing the amount of force required to pull the clutch lever for less hand fatigue.",,http://images.auction123.com/5be812ce-fb36-4694-beac-43bea97b8d08/MH3RH25E2TK006523/01.jpg?web001lnw|http://images.auction123.com/5be812ce-fb36-4694-beac-43bea97b8d08/MH3RH25E2TK006523/02.jpg?web001lnw|http://images.auction123.com/5be812ce-fb36-4694-beac-43bea97b8d08/MH3RH25E2TK006523/03.jpg?web001lnw|http://images.auction123.com/5be812ce-fb36-4694-beac-43bea97b8d08/MH3RH25E2TK006523/04.jpg?web001lnw|http://images.auction123.com/5be812ce-fb36-4694-beac-43bea97b8d08/MH3RH25E2TK006523/05.jpg?web001lnw|http://images.auction123.com/5be812ce-fb36-4694-beac-43bea97b8d08/MH3RH25E2TK006523/06.jpg?web001lnw|http://images.auction123.com/5be812ce-fb36-4694-beac-43bea97b8d08/MH3RH25E2TK006523/07.jpg?web001lnw|http://images.auction123.com/5be812ce-fb36-4694-beac-43bea97b8d08/MH3RH25E2TK006523/08.jpg?web001lnw|http://images.auction123.com/5be812ce-fb36-4694-beac-43bea97b8d08/MH3RH25E2TK006523/09.jpg?web001lnw|http://images.auction123.com/5be812ce-fb36-4694-beac-43bea97b8d08/MH3RH25E2TK006523/10.jpg?web001lnw|http://images.auction123.com/5be812ce-fb36-4694-beac-43bea97b8d08/MH3RH25E2TK006523/11.jpg?web001lnw|http://images.auction123.com/5be812ce-fb36-4694-beac-43bea97b8d08/MH3RH25E2TK006523/12.jpg?web001lnw|http://images.auction123.com/5be812ce-fb36-4694-beac-43bea97b8d08/MH3RH25E2TK006523/13.jpg?web001lnw|http://images.auction123.com/5be812ce-fb36-4694-beac-43bea97b8d08/MH3RH25E2TK006523/14.jpg?web001lnw|http://images.auction123.com/5be812ce-fb36-4694-beac-43bea97b8d08/MH3RH25E2TK006523/15.jpg?web001lnw|http://images.auction123.com/5be812ce-fb36-4694-beac-43bea97b8d08/MH3RH25E2TK006523/16.jpg?web001lnw|http://images.auction123.com/5be812ce-fb36-4694-beac-43bea97b8d08/MH3RH25E2TK006523/17.jpg?web001lnw|http://images.auction123.com/5be812ce-fb36-4694-beac-43bea97b8d08/MH3RH25E2TK006523/18.jpg?web001lnw|http://images.auction123.com/5be812ce-fb36-4694-beac-43bea97b8d08/MH3RH25E2TK006523/19.jpg?web001lnw|http://images.auction123.com/5be812ce-fb36-4694-beac-43bea97b8d08/MH3RH25E2TK006523/20.jpg?web001lnw|http://images.auction123.com/5be812ce-fb36-4694-beac-43bea97b8d08/MH3RH25E2TK006523/21.jpg?web001lnw,,,05/13/2026,Other,RideNow Beach Blvd,,,0,https://www.ridenowbeachblvd.com/New-Inventory-2026-Yamaha-Motorcycle-Scooter-YZF-R3-70th-Anniversary-Edition-Ridenow-Beach-Blvd-18196853
20147,MH3RH25E3TK009060,YA009060,N,2026,Yamaha,YZF,R3,Motorcycle / Scooter,Manual,R3,,0,,In-line 321,,WHI RED,,5699.0,5699.0,02/24/2026,No,"2026 Yamaha YZF-R3R WORLD IS CALLINGYamaha&#39;s celebrated entry into R World, the YZF-R3 is powered by a high-revving 321cc engine with an emphasis on lightweight, nimble handling and real-world practicality. A perfect choice for everyone from beginning riders to experienced track day enthusiasts, the R3 strikes the right balance of thrilling Supersport performance and everyday comfort in a fun, sporty package that shows off its distinctive R-Series pedigree from every angle.Features may include:Next Generation R-Series StylingInspired by the flowing aerodynamics of Yamaha&#39;s YZR-M1 MotoGP&#174; race bike, the 2026 YZF-R3&#39;s distinctive R-Series pedigree is recognizable at a glance with its aggressive front fairing, sleek side panels and a sporty tail section with signature R-series tail wing.Iconic 70th Anniversary Edition StylingCelebrate seven decades of motorsports excellence with the 2026 YZF-R3 70th Anniversary Edition. Throwback white and red speed block livery, gold Yamaha Tuning Fork emblems, and Anniversary Edition badge combine with the R3&#39;s sleek, modern R-Series design to commemorate the 1955 birth of Yamaha Motor Company in standout style.Modern LED LightingAdvanced LED lighting adds a modern look, including a single projector-type headlight flanked by four-element position lights, along with LED tail lights and turn signals.Smartphone ConnectivityThe 2026 YZF-R3 features Yamaha Motorcycle Connect (Y-Connect) smartphone connectivity which works in conjunction with the free-of-charge Y-Connect app (available for iOS and Android) to enable a direct connection between motorcycle and smartphone. Y-Connect capability for the R3 includes the ability to view incoming call, email and message notifications. Additional useful functions include monitoring and notifying the rider or other contact of motorcycle technical issues, and also the ability to track and record key motorcycle ride data within the app, including distance covered, fuel consumption, acceleration, motorcycle location and much more.LCD Instrument DisplayAn LCD instrument cluster displays connected smartphone information along with vital vehicle data. There is also a USB-A socket located next to the display providing convenient power for phone charging or heated gear.Advanced Assist & Slipper ClutchThe Assist & Slipper clutch utilizes an assist cam and slipper cam to help inhibit excessive engine braking for a smooth, easy-to-handle feeling during downshifts while also reducing the amount of force required to pull the clutch lever for less hand fatigue.",,http://images.auction123.com/5be812ce-fb36-4694-beac-43bea97b8d08/MH3RH25E3TK009060/01.jpg?web001lnw|http://images.auction123.com/5be812ce-fb36-4694-beac-43bea97b8d08/MH3RH25E3TK009060/02.jpg?web001lnw|http://images.auction123.com/5be812ce-fb36-4694-beac-43bea97b8d08/MH3RH25E3TK009060/03.jpg?web001lnw|http://images.auction123.com/5be812ce-fb36-4694-beac-43bea97b8d08/MH3RH25E3TK009060/04.jpg?web001lnw|http://images.auction123.com/5be812ce-fb36-4694-beac-43bea97b8d08/MH3RH25E3TK009060/05.jpg?web001lnw|http://images.auction123.com/5be812ce-fb36-4694-beac-43bea97b8d08/MH3RH25E3TK009060/06.jpg?web001lnw|http://images.auction123.com/5be812ce-fb36-4694-beac-43bea97b8d08/MH3RH25E3TK009060/07.jpg?web001lnw|http://images.auction123.com/5be812ce-fb36-4694-beac-43bea97b8d08/MH3RH25E3TK009060/08.jpg?web001lnw|http://images.auction123.com/5be812ce-fb36-4694-beac-43bea97b8d08/MH3RH25E3TK009060/09.jpg?web001lnw|http://images.auction123.com/5be812ce-fb36-4694-beac-43bea97b8d08/MH3RH25E3TK009060/10.jpg?web001lnw|http://images.auction123.com/5be812ce-fb36-4694-beac-43bea97b8d08/MH3RH25E3TK009060/11.jpg?web001lnw|http://images.auction123.com/5be812ce-fb36-4694-beac-43bea97b8d08/MH3RH25E3TK009060/12.jpg?web001lnw|http://images.auction123.com/5be812ce-fb36-4694-beac-43bea97b8d08/MH3RH25E3TK009060/13.jpg?web001lnw|http://images.auction123.com/5be812ce-fb36-4694-beac-43bea97b8d08/MH3RH25E3TK009060/14.jpg?web001lnw|http://images.auction123.com/5be812ce-fb36-4694-beac-43bea97b8d08/MH3RH25E3TK009060/15.jpg?web001lnw|http://images.auction123.com/5be812ce-fb36-4694-beac-43bea97b8d08/MH3RH25E3TK009060/16.jpg?web001lnw|http://images.auction123.com/5be812ce-fb36-4694-beac-43bea97b8d08/MH3RH25E3TK009060/17.jpg?web001lnw|http://images.auction123.com/5be812ce-fb36-4694-beac-43bea97b8d08/MH3RH25E3TK009060/18.jpg?web001lnw|http://images.auction123.com/5be812ce-fb36-4694-beac-43bea97b8d08/MH3RH25E3TK009060/19.jpg?web001lnw|http://images.auction123.com/5be812ce-fb36-4694-beac-43bea97b8d08/MH3RH25E3TK009060/20.jpg?web001lnw|http://images.auction123.com/5be812ce-fb36-4694-beac-43bea97b8d08/MH3RH25E3TK009060/21.jpg?web001lnw,,,04/04/2026,Standard,RideNow Beach Blvd,In-line 321,,0,https://www.ridenowbeachblvd.com/New-Inventory-2026-Yamaha-Motorcycle-Scooter-YZF-R3-Ridenow-Beach-Blvd-18350086
20147,MH3RH25E6TK010140,YA010140,N,2026,Yamaha,YZF,R3,Motorcycle / Scooter,Manual,R3,,0,,In-line 321,,WHT / RED,,5699.0,5699.0,05/13/2026,No,,,,,,05/13/2026,Standard,RideNow Beach Blvd,In-line 321,,0,https://www.ridenowbeachblvd.com/New-Inventory-2026-Yamaha-Motorcycle-Scooter-YZF-R3-RideNow-Beach-Blvd-FL-18718834
20147,MH3RH25E7TK010518,YA010518,N,2026,Yamaha,YZF,R3,Motorcycle / Scooter,Manual,R3,,0,,In-line 321,,MINT,,5499.0,5499.0,06/03/2026,No,,,,,,06/03/2026,Standard,RideNow Beach Blvd,In-line 321,,0,https://www.ridenowbeachblvd.com/New-Inventory-2026-Yamaha-Motorcycle-Scooter-YZF-R3-RideNow-Beach-Blvd-FL-18804758
20147,MH3RH25E8TK010060,YA010060,N,2026,Yamaha,YZF,R3,Motorcycle / Scooter,Manual,R3,,0,,In-line 321,,RED,,5699.0,5699.0,05/22/2026,No,,,,,,05/23/2026,Standard,RideNow Beach Blvd,In-line 321,,0,https://www.ridenowbeachblvd.com/New-Inventory-2026-Yamaha-Motorcycle-Scooter-YZF-R3-RideNow-Beach-Blvd-FL-18761801
20147,MH3RH28E6TK004303,YA004303,N,2026,Yamaha,MT03TGY,,Motorcycle / Scooter,,,,0,,,,GRY,,4999.0,4999.0,06/19/2026,No,,,,,,07/04/2026,Other,RideNow Beach Blvd,,,0,https://www.ridenowbeachblvd.com/New-Inventory-2026-YAMAHA-Motorcycle-Scooter-MT03TGY-RideNow-Beach-Blvd-FL-18875527
20147,MH3SH23E3TK002193,YA002193,N,2026,Yamaha,XMAX,,Motorcycle / Scooter,,,,0,,,,BLK,,6399.0,6399.0,03/12/2026,No,"2026 Yamaha XMAXMAXIMUM SPORTThe ultimate Sport Scooter with Y-Connect smartphone connectivity and a liquid-cooled engine that is both fuel efficient and performance proven.Features may include:Smart Key SystemYamaha&#39;s Smart Key system eliminates the need to use the key to access the machine. Starting the bike, accessing the storage compartments and fuel tank, and locking the handlebar can all be done using the proximity Smart Key.New Electronically Adjustable WindscreenFor 2025 the new XMAX now comes equipped with an electronically adjustable windscreen for enhanced rider comfort and improved style. The new screen offers nearly four inches of stepless, vertical adjustment allowing riders of different heights to precisely dial in their preferred windscreen position. Windscreen adjustments can be made on-the-fly via a convenient new control switch located on the left handlebar switchgear.Bold XMAX StylingVirtually every part of the XMAX&#39;s sleek and sporty exterior is designed to create a more compact and visually impressive machine. Radical X-shaped LED headlights and taillights complement the aggressive styling and instantly distinguish the XMAX from anything else on the road. High-mount LED front indicators add to the streamlined look, while seat design increases comfort and decreases leg reach to the ground for greater accessibility.ENGINEModern fuel injection features a 12-hole injector for excellent response.Superior quality lightweight forged piston and forged crankshaft allow for smooth, quick-revving power.Yamaha&#39;s Continuously Variable Transmission (CVT) offers the convenience of truly &quot;twist-and-go&quot; riding, with no gears and no clutch.CHASSIS/SUSPENSIONLarge 267mm front and 245mm rear disc brakes with ABS provide strong, controllable braking power.Dunlop&#174; Scoot Smart tires provide excellent traction in both wet and dry conditions.Radical X-shaped LED headlights and taillights, and high-mount LED front indicators complement the aggressive styling.Electronically adjustable windscreen with nearly four inches of vertical adjustment enhances rider comfort and improves style.",,http://images.auction123.com/5be812ce-fb36-4694-beac-43bea97b8d08/MH3SH23E3TK002193/01.jpg?web001lnw|http://images.auction123.com/5be812ce-fb36-4694-beac-43bea97b8d08/MH3SH23E3TK002193/02.jpg?web001lnw|http://images.auction123.com/5be812ce-fb36-4694-beac-43bea97b8d08/MH3SH23E3TK002193/03.jpg?web001lnw|http://images.auction123.com/5be812ce-fb36-4694-beac-43bea97b8d08/MH3SH23E3TK002193/04.jpg?web001lnw|http://images.auction123.com/5be812ce-fb36-4694-beac-43bea97b8d08/MH3SH23E3TK002193/05.jpg?web001lnw|http://images.auction123.com/5be812ce-fb36-4694-beac-43bea97b8d08/MH3SH23E3TK002193/06.jpg?web001lnw|http://images.auction123.com/5be812ce-fb36-4694-beac-43bea97b8d08/MH3SH23E3TK002193/07.jpg?web001lnw|http://images.auction123.com/5be812ce-fb36-4694-beac-43bea97b8d08/MH3SH23E3TK002193/08.jpg?web001lnw|http://images.auction123.com/5be812ce-fb36-4694-beac-43bea97b8d08/MH3SH23E3TK002193/09.jpg?web001lnw|http://images.auction123.com/5be812ce-fb36-4694-beac-43bea97b8d08/MH3SH23E3TK002193/10.jpg?web001lnw|http://images.auction123.com/5be812ce-fb36-4694-beac-43bea97b8d08/MH3SH23E3TK002193/11.jpg?web001lnw|http://images.auction123.com/5be812ce-fb36-4694-beac-43bea97b8d08/MH3SH23E3TK002193/12.jpg?web001lnw|http://images.auction123.com/5be812ce-fb36-4694-beac-43bea97b8d08/MH3SH23E3TK002193/13.jpg?web001lnw|http://images.auction123.com/5be812ce-fb36-4694-beac-43bea97b8d08/MH3SH23E3TK002193/14.jpg?web001lnw|http://images.auction123.com/5be812ce-fb36-4694-beac-43bea97b8d08/MH3SH23E3TK002193/15.jpg?web001lnw|http://images.auction123.com/5be812ce-fb36-4694-beac-43bea97b8d08/MH3SH23E3TK002193/16.jpg?web001lnw|http://images.auction123.com/5be812ce-fb36-4694-beac-43bea97b8d08/MH3SH23E3TK002193/17.jpg?web001lnw|http://images.auction123.com/5be812ce-fb36-4694-beac-43bea97b8d08/MH3SH23E3TK002193/18.jpg?web001lnw|http://images.auction123.com/5be812ce-fb36-4694-beac-43bea97b8d08/MH3SH23E3TK002193/19.jpg?web001lnw|http://images.auction123.com/5be812ce-fb36-4694-beac-43bea97b8d08/MH3SH23E3TK002193/20.jpg?web001lnw,,,05/07/2026,Standard,RideNow Beach Blvd,,,0,https://www.ridenowbeachblvd.com/New-Inventory-2026-Yamaha-Motorcycle-Scooter-XMAX-RIDENOW-BEACH-BLVD-18415503
20147,MH3SH23E6TK002396,YA002396,N,2026,Yamaha,XMAX,,Motorcycle / Scooter,,,,0,,,,BLK,,0.0,6399.0,04/17/2026,No,"2026 Yamaha XMAXMAXIMUM SPORTThe ultimate Sport Scooter with Y-Connect smartphone connectivity and a liquid-cooled engine that is both fuel efficient and performance proven.Features may include:Smart Key SystemYamaha&#39;s Smart Key system eliminates the need to use the key to access the machine. Starting the bike, accessing the storage compartments and fuel tank, and locking the handlebar can all be done using the proximity Smart Key.New Electronically Adjustable WindscreenFor 2025 the new XMAX now comes equipped with an electronically adjustable windscreen for enhanced rider comfort and improved style. The new screen offers nearly four inches of stepless, vertical adjustment allowing riders of different heights to precisely dial in their preferred windscreen position. Windscreen adjustments can be made on-the-fly via a convenient new control switch located on the left handlebar switchgear.Bold XMAX StylingVirtually every part of the XMAX&#39;s sleek and sporty exterior is designed to create a more compact and visually impressive machine. Radical X-shaped LED headlights and taillights complement the aggressive styling and instantly distinguish the XMAX from anything else on the road. High-mount LED front indicators add to the streamlined look, while seat design increases comfort and decreases leg reach to the ground for greater accessibility.ENGINEModern fuel injection features a 12-hole injector for excellent response.Superior quality lightweight forged piston and forged crankshaft allow for smooth, quick-revving power.Yamaha&#39;s Continuously Variable Transmission (CVT) offers the convenience of truly &quot;twist-and-go&quot; riding, with no gears and no clutch.CHASSIS/SUSPENSIONLarge 267mm front and 245mm rear disc brakes with ABS provide strong, controllable braking power.Dunlop&#174; Scoot Smart tires provide excellent traction in both wet and dry conditions.Radical X-shaped LED headlights and taillights, and high-mount LED front indicators complement the aggressive styling.Electronically adjustable windscreen with nearly four inches of vertical adjustment enhances rider comfort and improves style.",,http://images.auction123.com/5be812ce-fb36-4694-beac-43bea97b8d08/MH3SH23E6TK002396/01.jpg?web001lnw|http://images.auction123.com/5be812ce-fb36-4694-beac-43bea97b8d08/MH3SH23E6TK002396/02.jpg?web001lnw|http://images.auction123.com/5be812ce-fb36-4694-beac-43bea97b8d08/MH3SH23E6TK002396/03.jpg?web001lnw|http://images.auction123.com/5be812ce-fb36-4694-beac-43bea97b8d08/MH3SH23E6TK002396/04.jpg?web001lnw|http://images.auction123.com/5be812ce-fb36-4694-beac-43bea97b8d08/MH3SH23E6TK002396/05.jpg?web001lnw|http://images.auction123.com/5be812ce-fb36-4694-beac-43bea97b8d08/MH3SH23E6TK002396/06.jpg?web001lnw|http://images.auction123.com/5be812ce-fb36-4694-beac-43bea97b8d08/MH3SH23E6TK002396/07.jpg?web001lnw|http://images.auction123.com/5be812ce-fb36-4694-beac-43bea97b8d08/MH3SH23E6TK002396/08.jpg?web001lnw|http://images.auction123.com/5be812ce-fb36-4694-beac-43bea97b8d08/MH3SH23E6TK002396/09.jpg?web001lnw|http://images.auction123.com/5be812ce-fb36-4694-beac-43bea97b8d08/MH3SH23E6TK002396/10.jpg?web001lnw|http://images.auction123.com/5be812ce-fb36-4694-beac-43bea97b8d08/MH3SH23E6TK002396/11.jpg?web001lnw|http://images.auction123.com/5be812ce-fb36-4694-beac-43bea97b8d08/MH3SH23E6TK002396/12.jpg?web001lnw|http://images.auction123.com/5be812ce-fb36-4694-beac-43bea97b8d08/MH3SH23E6TK002396/13.jpg?web001lnw|http://images.auction123.com/5be812ce-fb36-4694-beac-43bea97b8d08/MH3SH23E6TK002396/14.jpg?web001lnw|http://images.auction123.com/5be812ce-fb36-4694-beac-43bea97b8d08/MH3SH23E6TK002396/15.jpg?web001lnw|http://images.auction123.com/5be812ce-fb36-4694-beac-43bea97b8d08/MH3SH23E6TK002396/16.jpg?web001lnw|http://images.auction123.com/5be812ce-fb36-4694-beac-43bea97b8d08/MH3SH23E6TK002396/17.jpg?web001lnw|http://images.auction123.com/5be812ce-fb36-4694-beac-43bea97b8d08/MH3SH23E6TK002396/18.jpg?web001lnw|http://images.auction123.com/5be812ce-fb36-4694-beac-43bea97b8d08/MH3SH23E6TK002396/19.jpg?web001lnw|http://images.auction123.com/5be812ce-fb36-4694-beac-43bea97b8d08/MH3SH23E6TK002396/20.jpg?web001lnw,,,05/07/2026,Standard,RideNow Beach Blvd,,,0,https://www.ridenowbeachblvd.com/New-Inventory-2026-Yamaha-Motorcycle-Scooter-XMAX-RIDENOW-BEACH-BLVD-18579276
20147,MH3SH23E9TK002196,YA002196,N,2026,Yamaha,XMAX,,Motorcycle / Scooter,,,,0,,,,BLK,,6399.0,6399.0,03/12/2026,No,"2026 Yamaha XMAXMAXIMUM SPORTThe ultimate Sport Scooter with Y-Connect smartphone connectivity and a liquid-cooled engine that is both fuel efficient and performance proven.Features may include:Smart Key SystemYamaha&#39;s Smart Key system eliminates the need to use the key to access the machine. Starting the bike, accessing the storage compartments and fuel tank, and locking the handlebar can all be done using the proximity Smart Key.New Electronically Adjustable WindscreenFor 2025 the new XMAX now comes equipped with an electronically adjustable windscreen for enhanced rider comfort and improved style. The new screen offers nearly four inches of stepless, vertical adjustment allowing riders of different heights to precisely dial in their preferred windscreen position. Windscreen adjustments can be made on-the-fly via a convenient new control switch located on the left handlebar switchgear.Bold XMAX StylingVirtually every part of the XMAX&#39;s sleek and sporty exterior is designed to create a more compact and visually impressive machine. Radical X-shaped LED headlights and taillights complement the aggressive styling and instantly distinguish the XMAX from anything else on the road. High-mount LED front indicators add to the streamlined look, while seat design increases comfort and decreases leg reach to the ground for greater accessibility.ENGINEModern fuel injection features a 12-hole injector for excellent response.Superior quality lightweight forged piston and forged crankshaft allow for smooth, quick-revving power.Yamaha&#39;s Continuously Variable Transmission (CVT) offers the convenience of truly &quot;twist-and-go&quot; riding, with no gears and no clutch.CHASSIS/SUSPENSIONLarge 267mm front and 245mm rear disc brakes with ABS provide strong, controllable braking power.Dunlop&#174; Scoot Smart tires provide excellent traction in both wet and dry conditions.Radical X-shaped LED headlights and taillights, and high-mount LED front indicators complement the aggressive styling.Electronically adjustable windscreen with nearly four inches of vertical adjustment enhances rider comfort and improves style.",,http://images.auction123.com/5be812ce-fb36-4694-beac-43bea97b8d08/MH3SH23E9TK002196/01.jpg?web001lnw|http://images.auction123.com/5be812ce-fb36-4694-beac-43bea97b8d08/MH3SH23E9TK002196/02.jpg?web001lnw|http://images.auction123.com/5be812ce-fb36-4694-beac-43bea97b8d08/MH3SH23E9TK002196/03.jpg?web001lnw|http://images.auction123.com/5be812ce-fb36-4694-beac-43bea97b8d08/MH3SH23E9TK002196/04.jpg?web001lnw|http://images.auction123.com/5be812ce-fb36-4694-beac-43bea97b8d08/MH3SH23E9TK002196/05.jpg?web001lnw|http://images.auction123.com/5be812ce-fb36-4694-beac-43bea97b8d08/MH3SH23E9TK002196/06.jpg?web001lnw|http://images.auction123.com/5be812ce-fb36-4694-beac-43bea97b8d08/MH3SH23E9TK002196/07.jpg?web001lnw|http://images.auction123.com/5be812ce-fb36-4694-beac-43bea97b8d08/MH3SH23E9TK002196/08.jpg?web001lnw|http://images.auction123.com/5be812ce-fb36-4694-beac-43bea97b8d08/MH3SH23E9TK002196/09.jpg?web001lnw|http://images.auction123.com/5be812ce-fb36-4694-beac-43bea97b8d08/MH3SH23E9TK002196/10.jpg?web001lnw|http://images.auction123.com/5be812ce-fb36-4694-beac-43bea97b8d08/MH3SH23E9TK002196/11.jpg?web001lnw|http://images.auction123.com/5be812ce-fb36-4694-beac-43bea97b8d08/MH3SH23E9TK002196/12.jpg?web001lnw|http://images.auction123.com/5be812ce-fb36-4694-beac-43bea97b8d08/MH3SH23E9TK002196/13.jpg?web001lnw|http://images.auction123.com/5be812ce-fb36-4694-beac-43bea97b8d08/MH3SH23E9TK002196/14.jpg?web001lnw|http://images.auction123.com/5be812ce-fb36-4694-beac-43bea97b8d08/MH3SH23E9TK002196/15.jpg?web001lnw|http://images.auction123.com/5be812ce-fb36-4694-beac-43bea97b8d08/MH3SH23E9TK002196/16.jpg?web001lnw|http://images.auction123.com/5be812ce-fb36-4694-beac-43bea97b8d08/MH3SH23E9TK002196/17.jpg?web001lnw|http://images.auction123.com/5be812ce-fb36-4694-beac-43bea97b8d08/MH3SH23E9TK002196/18.jpg?web001lnw|http://images.auction123.com/5be812ce-fb36-4694-beac-43bea97b8d08/MH3SH23E9TK002196/19.jpg?web001lnw|http://images.auction123.com/5be812ce-fb36-4694-beac-43bea97b8d08/MH3SH23E9TK002196/20.jpg?web001lnw,,,04/03/2026,Standard,RideNow Beach Blvd,,,0,https://www.ridenowbeachblvd.com/New-Inventory-2026-Yamaha-Motorcycle-Scooter-XMAX-RIDENOW-BEACH-BLVD-18415502
20147,RF3AE08Y8TT014715,YA014715,N,2026,Yamaha,Raptor,110,,Continuously Variable (CVT),110,,0,,112,,BLU,,0.0,3599.0,02/05/2026,No,"2026 Yamaha Raptor 110CALLING NEW RIDERSWith a strong 112cc engine, fuel injection, electric start and legendary Raptor styling, this youth ATV is pure fun for riders aged 10 and up.Features may include:ENGINEFuel-injected 112cc four-stroke engine is tuned for excellent low- to mid-range performance, perfect for beginning riders.Engine is air-cooled for simplicity, performance and long life with ultra-reliable wet-sump lubrication to minimize maintenance.Toolless quick-access air filter element makes servicing a snap.Large 1.8-gallon fuel tank means more time on the trail.Fully automatic, continuously variable transmission (CVT) means no shifting, allowing young riders to focus on the ride.Engine power is transferred to the rear wheels via a tried-and-true O-ring chain drive.CHASSIS/SUSPENSIONAn advanced frame design and optimized wheelbase are ready for serious off-road.Compact A-arm front suspension is tuned for light, sporty steering and comfortable ride quality.Preload-adjustable front shocks offer five inches of wheel travel and add to the Raptor 110&#39;s full-size ATV look.A five-way preload adjustable rear shock offers 5.7 inches of wheel travel.Swingarm is set at an optimized angle for rear shock performance.Three-sealed drum brakes supply reliable stopping power and a handlebar-mounted parking brake keeps the vehicle secured.ADDITIONAL FEATURESAggressive sport ATV styling is unmistakably inspired by the mighty Raptor 700R, so little ones can ride like their heroes.",,http://images.auction123.com/5be812ce-fb36-4694-beac-43bea97b8d08/RF3AE08Y8TT014715/01.jpg?web001lnw|http://images.auction123.com/5be812ce-fb36-4694-beac-43bea97b8d08/RF3AE08Y8TT014715/02.jpg?web001lnw|http://images.auction123.com/5be812ce-fb36-4694-beac-43bea97b8d08/RF3AE08Y8TT014715/03.jpg?web001lnw|http://images.auction123.com/5be812ce-fb36-4694-beac-43bea97b8d08/RF3AE08Y8TT014715/04.jpg?web001lnw|http://images.auction123.com/5be812ce-fb36-4694-beac-43bea97b8d08/RF3AE08Y8TT014715/05.jpg?web001lnw|http://images.auction123.com/5be812ce-fb36-4694-beac-43bea97b8d08/RF3AE08Y8TT014715/06.jpg?web001lnw|http://images.auction123.com/5be812ce-fb36-4694-beac-43bea97b8d08/RF3AE08Y8TT014715/07.jpg?web001lnw|http://images.auction123.com/5be812ce-fb36-4694-beac-43bea97b8d08/RF3AE08Y8TT014715/08.jpg?web001lnw|http://images.auction123.com/5be812ce-fb36-4694-beac-43bea97b8d08/RF3AE08Y8TT014715/09.jpg?web001lnw|http://images.auction123.com/5be812ce-fb36-4694-beac-43bea97b8d08/RF3AE08Y8TT014715/10.jpg?web001lnw|http://images.auction123.com/5be812ce-fb36-4694-beac-43bea97b8d08/RF3AE08Y8TT014715/11.jpg?web001lnw|http://images.auction123.com/5be812ce-fb36-4694-beac-43bea97b8d08/RF3AE08Y8TT014715/12.jpg?web001lnw|http://images.auction123.com/5be812ce-fb36-4694-beac-43bea97b8d08/RF3AE08Y8TT014715/13.jpg?web001lnw|http://images.auction123.com/5be812ce-fb36-4694-beac-43bea97b8d08/RF3AE08Y8TT014715/14.jpg?web001lnw|http://images.auction123.com/5be812ce-fb36-4694-beac-43bea97b8d08/RF3AE08Y8TT014715/15.jpg?web001lnw,,,02/11/2026,,RideNow Beach Blvd,112,,0,https://www.ridenowbeachblvd.com/New-Inventory-2026-Yamaha-ATV-Raptor-110-Ridenow-Beach-Blvd-18286079
20147,RF3AE10Y0TT005587,YA005587,N,2026,Yamaha,Grizzly,110,,Continuously Variable (CVT),110,,0,,112,,GREEN,,3599.0,3599.0,04/01/2026,No,,,,,,04/01/2026,,RideNow Beach Blvd,112,,0,https://www.ridenowbeachblvd.com/New-Inventory-2026-Yamaha-ATV-Grizzly-110-RideNow-Beach-Blvd-FL-18514169
20147,RF3AE10Y7TT005554,YA005554,N,2026,Yamaha,Grizzly,110,,Continuously Variable (CVT),110,,0,,112,,,,3599.0,3599.0,03/28/2026,No,,,,,,03/28/2026,,RideNow Beach Blvd,112,,0,https://www.ridenowbeachblvd.com/New-Inventory-2026-Yamaha-ATV-Grizzly-110-RideNow-Beach-Blvd-FL-18499879
20147,RKRSEH9Y4TA009082,YA009082,N,2026,Yamaha,Zuma 125,,Motorcycle / Scooter,,,,0,,,,TAN,,0.0,3799.0,04/30/2026,No,"2026 Yamaha Zuma 125COMPACT RUGGED ADVENTURERThe reimagined, ultra-modern, Zuma 125 is a rugged and fuel efficient scooter with big features in a compact package.Features may include:Automatic ConvenienceFully automatic, V-belt transmission with centrifugal clutch provides easy, twist-the-throttle-and-go operation with great off-the-line acceleration.Blue Core VVA EnginePowering the Zuma 125 is a compact Yamaha Blue Core, VVA (Variable Valve Actuation) 125cc 4-stroke engine with 4 valves, a 11.2:1 compression ratio, DiASil cylinder and aluminum alloy forged piston, giving this scooter modern reliability and economical performance. With an amazing 101 mpg and a 1.6 gallon fuel tank, you get plenty of range, too.Rugged, Modern DesignBeneath the rugged styling, the Zuma 125 is built around a strong steel frame with aggressive tread tires and tough suspension. This scooter boasts capability on roads of all sorts, with plenty of attitude for your daily commute.ENGINEWith an amazing 101 mpg and a 1.6 gallon fuel tank, you get plenty of range for urban exploring.Fuel tank emissions system includes a charcoal canister to control gasoline evaporation and reduce air pollution.Push-button electric start makes the ZUMA 125 easy to own and ride.CHASSIS/SUSPENSIONThe telescopic fork features beefy outer tubes for strength, while fork boots help protect the large 33mm inner tubes from debris.The rear wheel swingarm features twin rear shocks with 3.1 in of travel for comfortable riding both on streets and unpaved roads.A 245mm hydraulic wave-type front disc and 230mm rear disc brakes provide plenty of stopping power.",,http://images.auction123.com/5be812ce-fb36-4694-beac-43bea97b8d08/RKRSEH9Y4TA009082/01.jpg?web001lnw|http://images.auction123.com/5be812ce-fb36-4694-beac-43bea97b8d08/RKRSEH9Y4TA009082/02.jpg?web001lnw|http://images.auction123.com/5be812ce-fb36-4694-beac-43bea97b8d08/RKRSEH9Y4TA009082/03.jpg?web001lnw|http://images.auction123.com/5be812ce-fb36-4694-beac-43bea97b8d08/RKRSEH9Y4TA009082/04.jpg?web001lnw|http://images.auction123.com/5be812ce-fb36-4694-beac-43bea97b8d08/RKRSEH9Y4TA009082/05.jpg?web001lnw|http://images.auction123.com/5be812ce-fb36-4694-beac-43bea97b8d08/RKRSEH9Y4TA009082/06.jpg?web001lnw|http://images.auction123.com/5be812ce-fb36-4694-beac-43bea97b8d08/RKRSEH9Y4TA009082/07.jpg?web001lnw|http://images.auction123.com/5be812ce-fb36-4694-beac-43bea97b8d08/RKRSEH9Y4TA009082/08.jpg?web001lnw|http://images.auction123.com/5be812ce-fb36-4694-beac-43bea97b8d08/RKRSEH9Y4TA009082/09.jpg?web001lnw|http://images.auction123.com/5be812ce-fb36-4694-beac-43bea97b8d08/RKRSEH9Y4TA009082/10.jpg?web001lnw|http://images.auction123.com/5be812ce-fb36-4694-beac-43bea97b8d08/RKRSEH9Y4TA009082/11.jpg?web001lnw|http://images.auction123.com/5be812ce-fb36-4694-beac-43bea97b8d08/RKRSEH9Y4TA009082/12.jpg?web001lnw|http://images.auction123.com/5be812ce-fb36-4694-beac-43bea97b8d08/RKRSEH9Y4TA009082/13.jpg?web001lnw|http://images.auction123.com/5be812ce-fb36-4694-beac-43bea97b8d08/RKRSEH9Y4TA009082/14.jpg?web001lnw,,,05/08/2026,Other,RideNow Beach Blvd,,,0,https://www.ridenowbeachblvd.com/New-Inventory-2026-Yamaha-Motorcycle-Scooter-Zuma-125-RIDENOW-BEACH-BLVD-18629339
20147,RKRSEH9Y8TA008792,YA008792,N,2026,Yamaha,Zuma 125,,Motorcycle / Scooter,,,,0,,,,,,0.0,3799.0,03/28/2026,No,"2026 Yamaha Zuma 125COMPACT RUGGED ADVENTURERThe reimagined, ultra-modern, Zuma 125 is a rugged and fuel efficient scooter with big features in a compact package.Features may include:Automatic ConvenienceFully automatic, V-belt transmission with centrifugal clutch provides easy, twist-the-throttle-and-go operation with great off-the-line acceleration.Blue Core VVA EnginePowering the Zuma 125 is a compact Yamaha Blue Core, VVA (Variable Valve Actuation) 125cc 4-stroke engine with 4 valves, a 11.2:1 compression ratio, DiASil cylinder and aluminum alloy forged piston, giving this scooter modern reliability and economical performance. With an amazing 101 mpg and a 1.6 gallon fuel tank, you get plenty of range, too.Rugged, Modern DesignBeneath the rugged styling, the Zuma 125 is built around a strong steel frame with aggressive tread tires and tough suspension. This scooter boasts capability on roads of all sorts, with plenty of attitude for your daily commute.ENGINEWith an amazing 101 mpg and a 1.6 gallon fuel tank, you get plenty of range for urban exploring.Fuel tank emissions system includes a charcoal canister to control gasoline evaporation and reduce air pollution.Push-button electric start makes the ZUMA 125 easy to own and ride.CHASSIS/SUSPENSIONThe telescopic fork features beefy outer tubes for strength, while fork boots help protect the large 33mm inner tubes from debris.The rear wheel swingarm features twin rear shocks with 3.1 in of travel for comfortable riding both on streets and unpaved roads.A 245mm hydraulic wave-type front disc and 230mm rear disc brakes provide plenty of stopping power.",,http://images.auction123.com/5be812ce-fb36-4694-beac-43bea97b8d08/RKRSEH9Y8TA008792/01.jpg?web001lnw|http://images.auction123.com/5be812ce-fb36-4694-beac-43bea97b8d08/RKRSEH9Y8TA008792/02.jpg?web001lnw|http://images.auction123.com/5be812ce-fb36-4694-beac-43bea97b8d08/RKRSEH9Y8TA008792/03.jpg?web001lnw|http://images.auction123.com/5be812ce-fb36-4694-beac-43bea97b8d08/RKRSEH9Y8TA008792/04.jpg?web001lnw|http://images.auction123.com/5be812ce-fb36-4694-beac-43bea97b8d08/RKRSEH9Y8TA008792/05.jpg?web001lnw|http://images.auction123.com/5be812ce-fb36-4694-beac-43bea97b8d08/RKRSEH9Y8TA008792/06.jpg?web001lnw|http://images.auction123.com/5be812ce-fb36-4694-beac-43bea97b8d08/RKRSEH9Y8TA008792/07.jpg?web001lnw|http://images.auction123.com/5be812ce-fb36-4694-beac-43bea97b8d08/RKRSEH9Y8TA008792/08.jpg?web001lnw|http://images.auction123.com/5be812ce-fb36-4694-beac-43bea97b8d08/RKRSEH9Y8TA008792/09.jpg?web001lnw|http://images.auction123.com/5be812ce-fb36-4694-beac-43bea97b8d08/RKRSEH9Y8TA008792/10.jpg?web001lnw|http://images.auction123.com/5be812ce-fb36-4694-beac-43bea97b8d08/RKRSEH9Y8TA008792/11.jpg?web001lnw|http://images.auction123.com/5be812ce-fb36-4694-beac-43bea97b8d08/RKRSEH9Y8TA008792/12.jpg?web001lnw|http://images.auction123.com/5be812ce-fb36-4694-beac-43bea97b8d08/RKRSEH9Y8TA008792/13.jpg?web001lnw|http://images.auction123.com/5be812ce-fb36-4694-beac-43bea97b8d08/RKRSEH9Y8TA008792/14.jpg?web001lnw,,,05/08/2026,Standard,RideNow Beach Blvd,,,0,https://www.ridenowbeachblvd.com/New-Inventory-2026-Yamaha-Motorcycle-Scooter-Zuma-125-RIDENOW-BEACH-BLVD-18499882
20147,RKRSEH9Y9TA009188,YA009188,N,2026,Yamaha,Zuma 125,,Motorcycle / Scooter,,,,0,,,,BLK,,0.0,3799.0,04/30/2026,No,"2026 Yamaha Zuma 125COMPACT RUGGED ADVENTURERThe reimagined, ultra-modern, Zuma 125 is a rugged and fuel efficient scooter with big features in a compact package.Features may include:Automatic ConvenienceFully automatic, V-belt transmission with centrifugal clutch provides easy, twist-the-throttle-and-go operation with great off-the-line acceleration.Blue Core VVA EnginePowering the Zuma 125 is a compact Yamaha Blue Core, VVA (Variable Valve Actuation) 125cc 4-stroke engine with 4 valves, a 11.2:1 compression ratio, DiASil cylinder and aluminum alloy forged piston, giving this scooter modern reliability and economical performance. With an amazing 101 mpg and a 1.6 gallon fuel tank, you get plenty of range, too.Rugged, Modern DesignBeneath the rugged styling, the Zuma 125 is built around a strong steel frame with aggressive tread tires and tough suspension. This scooter boasts capability on roads of all sorts, with plenty of attitude for your daily commute.ENGINEWith an amazing 101 mpg and a 1.6 gallon fuel tank, you get plenty of range for urban exploring.Fuel tank emissions system includes a charcoal canister to control gasoline evaporation and reduce air pollution.Push-button electric start makes the ZUMA 125 easy to own and ride.CHASSIS/SUSPENSIONThe telescopic fork features beefy outer tubes for strength, while fork boots help protect the large 33mm inner tubes from debris.The rear wheel swingarm features twin rear shocks with 3.1 in of travel for comfortable riding both on streets and unpaved roads.A 245mm hydraulic wave-type front disc and 230mm rear disc brakes provide plenty of stopping power.",,http://images.auction123.com/5be812ce-fb36-4694-beac-43bea97b8d08/RKRSEH9Y9TA009188/01.jpg?web001lnw|http://images.auction123.com/5be812ce-fb36-4694-beac-43bea97b8d08/RKRSEH9Y9TA009188/02.jpg?web001lnw|http://images.auction123.com/5be812ce-fb36-4694-beac-43bea97b8d08/RKRSEH9Y9TA009188/03.jpg?web001lnw|http://images.auction123.com/5be812ce-fb36-4694-beac-43bea97b8d08/RKRSEH9Y9TA009188/04.jpg?web001lnw|http://images.auction123.com/5be812ce-fb36-4694-beac-43bea97b8d08/RKRSEH9Y9TA009188/05.jpg?web001lnw|http://images.auction123.com/5be812ce-fb36-4694-beac-43bea97b8d08/RKRSEH9Y9TA009188/06.jpg?web001lnw|http://images.auction123.com/5be812ce-fb36-4694-beac-43bea97b8d08/RKRSEH9Y9TA009188/07.jpg?web001lnw|http://images.auction123.com/5be812ce-fb36-4694-beac-43bea97b8d08/RKRSEH9Y9TA009188/08.jpg?web001lnw|http://images.auction123.com/5be812ce-fb36-4694-beac-43bea97b8d08/RKRSEH9Y9TA009188/09.jpg?web001lnw|http://images.auction123.com/5be812ce-fb36-4694-beac-43bea97b8d08/RKRSEH9Y9TA009188/10.jpg?web001lnw|http://images.auction123.com/5be812ce-fb36-4694-beac-43bea97b8d08/RKRSEH9Y9TA009188/11.jpg?web001lnw|http://images.auction123.com/5be812ce-fb36-4694-beac-43bea97b8d08/RKRSEH9Y9TA009188/12.jpg?web001lnw,,,05/08/2026,Other,RideNow Beach Blvd,,,0,https://www.ridenowbeachblvd.com/New-Inventory-2026-Yamaha-Motorcycle-Scooter-Zuma-125-RIDENOW-BEACH-BLVD-18629338
20147,US-YAMA1550D626,YAA1550,N,2026,Yamaha,VX Limited HO,,,,,,0,,,,BLUE,,16699.0,16699.0,05/16/2026,No,"2026 Yamaha VX&#174; Limited HOMOVE TO YOUR OWN BEATThe VX Limited HO features factory installed, Yamaha audio speakers, ensuring durability and high-quality sound.Features may include:Yamaha Audio SpeakersDiscover Yamaha&#8217;s audio speakers, designed exclusively for the WaveRunner&#174; line. Built to handle the demanding conditions of marine environments, these speakers offer remarkable durability and deliver outstanding sound quality, even at high speeds and through splashing waves.Connext&#174; Helm Control SystemThe Connext Helm Control System offers Drive Control for tailored riding experiences, displays all essential functions, and includes a security mode to prevent unauthorized use.Glovebox StoragePlenty of versatile storage, ensuring you have ample room for all your gear and essentials.Convenient Reboarding StepEngineered for easy reboarding after a swim, this step conveniently folds away when not in use, ensuring seamless integration and hassle-free storage.RiDE&#174; Throttle Control SystemEffortlessly switch between forward, neutral, and reverse with a single pull of the throttle, ensuring smoother deceleration, reversing, and docking.1.9L High Output Yamaha Marine EngineAs the largest displacement motor in a PWC today, this engine delivers quick, smooth acceleration and exhilarating top speeds, rivaling the flagship models of other brands.",,,,,06/03/2026,,RideNow Beach Blvd,,,0,https://www.ridenowbeachblvd.com/New-Inventory-2026-Yamaha-Personal-Watercraft-VX-Limited-HO-Ridenow-Beach-Blvd-18736523
20147,YAMA0023A626,YAA0023,N,2026,Yamaha,FX Limited SVHO,,,,,,0,,,,BLK,,22199.0,22199.0,04/03/2026,No,"2026 Yamaha FX&#174; Limited SVHO&#174;MOVE TO YOUR OWN BEATThe FX Limited SVHO features factory installed, Yamaha audio speakers, ensuring durability and high-quality sound.Features may includeYamaha Audio SpeakersExperience the Yamaha audio speakers, now factory-installed for the WaveRunner&#174; series. Engineered to withstand the rigorous conditions of marine environments, these premium speakers offer exceptional durability and deliver superior sound quality, even at high speeds and through splashing waves.40th Anniversary Edition Deck MatsCustom-cut two-tone deck mats provide a stylish and comfortable grip, enhancing both the look and feel of your watercraft for a premium riding experience.Large Bow StorageThe spacious bow storage area is perfect for keeping towels, personal items, and other essentials secure and easily accessible.RiDE&#174; Throttle Control SystemEffortlessly switch between forward, neutral, and reverse with a single pull of the throttle, ensuring smoother deceleration, reversing, and docking.Supercharged 1.8L Marine EngineThe Yamaha 1.8L supercharged Super Vortex High Output Marine engine provides unmatched power and torque, surpassing any WaveRunner before it.",,,,,04/03/2026,,RideNow Beach Blvd,,Gasoline,0,https://www.ridenowbeachblvd.com/New-Inventory-2026-Yamaha-Personal-Watercraft-FX-Limited-SVHO-RIDENOW-BEACH-BLVD-18525379
20147,YAMA0024A626,YAA0024,N,2026,Yamaha,FX Limited SVHO,,,,,,0,,,,BLK,,22199.0,22199.0,04/03/2026,No,"2026 Yamaha FX&#174; Limited SVHO&#174;MOVE TO YOUR OWN BEATThe FX Limited SVHO features factory installed, Yamaha audio speakers, ensuring durability and high-quality sound.Features may includeYamaha Audio SpeakersExperience the Yamaha audio speakers, now factory-installed for the WaveRunner&#174; series. Engineered to withstand the rigorous conditions of marine environments, these premium speakers offer exceptional durability and deliver superior sound quality, even at high speeds and through splashing waves.40th Anniversary Edition Deck MatsCustom-cut two-tone deck mats provide a stylish and comfortable grip, enhancing both the look and feel of your watercraft for a premium riding experience.Large Bow StorageThe spacious bow storage area is perfect for keeping towels, personal items, and other essentials secure and easily accessible.RiDE&#174; Throttle Control SystemEffortlessly switch between forward, neutral, and reverse with a single pull of the throttle, ensuring smoother deceleration, reversing, and docking.Supercharged 1.8L Marine EngineThe Yamaha 1.8L supercharged Super Vortex High Output Marine engine provides unmatched power and torque, surpassing any WaveRunner before it.",,,,,04/03/2026,,RideNow Beach Blvd,,Gasoline,0,https://www.ridenowbeachblvd.com/New-Inventory-2026-Yamaha-Personal-Watercraft-FX-Limited-SVHO-RIDENOW-BEACH-BLVD-18525371
20147,YAMA0027A626,YAA0027,N,2026,Yamaha,FX Limited SVHO,,,,,,0,,,,BLACK,,0.0,22199.0,02/10/2026,No,"2026 Yamaha FX&#174; Limited SVHO&#174;MOVE TO YOUR OWN BEATThe FX Limited SVHO features factory installed, Yamaha audio speakers, ensuring durability and high-quality sound.Features may includeYamaha Audio SpeakersExperience the Yamaha audio speakers, now factory-installed for the WaveRunner&#174; series. Engineered to withstand the rigorous conditions of marine environments, these premium speakers offer exceptional durability and deliver superior sound quality, even at high speeds and through splashing waves.40th Anniversary Edition Deck MatsCustom-cut two-tone deck mats provide a stylish and comfortable grip, enhancing both the look and feel of your watercraft for a premium riding experience.Large Bow StorageThe spacious bow storage area is perfect for keeping towels, personal items, and other essentials secure and easily accessible.RiDE&#174; Throttle Control SystemEffortlessly switch between forward, neutral, and reverse with a single pull of the throttle, ensuring smoother deceleration, reversing, and docking.Supercharged 1.8L Marine EngineThe Yamaha 1.8L supercharged Super Vortex High Output Marine engine provides unmatched power and torque, surpassing any WaveRunner before it.",,http://images.auction123.com/5be812ce-fb36-4694-beac-43bea97b8d08/YAMA0027A626/01.jpg?web001lnw|http://images.auction123.com/5be812ce-fb36-4694-beac-43bea97b8d08/YAMA0027A626/02.jpg?web001lnw|http://images.auction123.com/5be812ce-fb36-4694-beac-43bea97b8d08/YAMA0027A626/03.jpg?web001lnw|http://images.auction123.com/5be812ce-fb36-4694-beac-43bea97b8d08/YAMA0027A626/04.jpg?web001lnw|http://images.auction123.com/5be812ce-fb36-4694-beac-43bea97b8d08/YAMA0027A626/05.jpg?web001lnw|http://images.auction123.com/5be812ce-fb36-4694-beac-43bea97b8d08/YAMA0027A626/06.jpg?web001lnw|http://images.auction123.com/5be812ce-fb36-4694-beac-43bea97b8d08/YAMA0027A626/07.jpg?web001lnw|http://images.auction123.com/5be812ce-fb36-4694-beac-43bea97b8d08/YAMA0027A626/08.jpg?web001lnw|http://images.auction123.com/5be812ce-fb36-4694-beac-43bea97b8d08/YAMA0027A626/09.jpg?web001lnw|http://images.auction123.com/5be812ce-fb36-4694-beac-43bea97b8d08/YAMA0027A626/10.jpg?web001lnw|http://images.auction123.com/5be812ce-fb36-4694-beac-43bea97b8d08/YAMA0027A626/11.jpg?web001lnw|http://images.auction123.com/5be812ce-fb36-4694-beac-43bea97b8d08/YAMA0027A626/12.jpg?web001lnw|http://images.auction123.com/5be812ce-fb36-4694-beac-43bea97b8d08/YAMA0027A626/13.jpg?web001lnw|http://images.auction123.com/5be812ce-fb36-4694-beac-43bea97b8d08/YAMA0027A626/14.jpg?web001lnw|http://images.auction123.com/5be812ce-fb36-4694-beac-43bea97b8d08/YAMA0027A626/15.jpg?web001lnw|http://images.auction123.com/5be812ce-fb36-4694-beac-43bea97b8d08/YAMA0027A626/16.jpg?web001lnw|http://images.auction123.com/5be812ce-fb36-4694-beac-43bea97b8d08/YAMA0027A626/17.jpg?web001lnw|http://images.auction123.com/5be812ce-fb36-4694-beac-43bea97b8d08/YAMA0027A626/18.jpg?web001lnw|http://images.auction123.com/5be812ce-fb36-4694-beac-43bea97b8d08/YAMA0027A626/19.jpg?web001lnw|http://images.auction123.com/5be812ce-fb36-4694-beac-43bea97b8d08/YAMA0027A626/20.jpg?web001lnw|http://images.auction123.com/5be812ce-fb36-4694-beac-43bea97b8d08/YAMA0027A626/21.jpg?web001lnw|http://images.auction123.com/5be812ce-fb36-4694-beac-43bea97b8d08/YAMA0027A626/22.jpg?web001lnw,,,02/22/2026,,RideNow Beach Blvd,,,0,https://www.ridenowbeachblvd.com/New-Inventory-2026-Yamaha-Personal-Watercraft-FX-Limited-SVHO-Ridenow-Beach-Blvd-18298611
20147,YAMA0897D424,YAA0897,N,2024,Yamaha,EX,,,,Limited,,0,,1049,,RED/WHITE,,10799.0,10799.0,06/17/2026,No,,,,,,06/17/2026,,RideNow Beach Blvd,1049,,0,https://www.ridenowbeachblvd.com/New-Inventory-2024-Yamaha-Personal-Watercraft-EX-Limited-RideNow-Beach-Blvd-FL-18866090
20147,YAMA0969E626,YAA0969,N,2026,Yamaha,FX Cruiser HO,,,,,,0,,,,RED,,18599.0,18599.0,05/22/2026,No,,,,,,05/23/2026,,RideNow Beach Blvd,,,0,https://www.ridenowbeachblvd.com/New-Inventory-2026-Yamaha-Personal-Watercraft-FX-Cruiser-HO-RideNow-Beach-Blvd-FL-18761792
20147,YAMA0970E626,YAA0970,N,2026,Yamaha,FX Cruiser HO,,,,,,0,,,,RED,,18599.0,18599.0,05/22/2026,No,,,,,,05/23/2026,,RideNow Beach Blvd,,,0,https://www.ridenowbeachblvd.com/New-Inventory-2026-Yamaha-Personal-Watercraft-FX-Cruiser-HO-RideNow-Beach-Blvd-FL-18761794
20147,YAMA2849A525,YAA2849,N,2025,Yamaha,JB1050C-B,,,,,,0,,,,PURPLE/WHITE,,11799.0,11799.0,06/17/2026,No,,,,,,07/07/2026,,RideNow Beach Blvd,,,0,https://www.ridenowbeachblvd.com/New-Inventory-2025-YAMAHA-Personal-Watercraft-JB1050C-B-RIDENOW-BEACH-BLVD-18866088